user_id,film_id,film_title,genre,duree_visionnee_sec,timestamp
U00994,F008,Joker,Drame,575,2024-01-01 00:19:58
U00750,F006,La La Land,Romance,343,2024-01-01 00:51:38
U01032,F008,Joker,Drame,4947,2024-01-01 00:51:57
U01291,F006,La La Land,Romance,4322,2024-01-01 03:11:59
U00506,F004,Interstellar,Science-Fiction,50,2024-01-01 04:59:42
U01571,F012,Squid Game,Thriller,229,2024-01-01 05:14:29
U00512,F008,Joker,Drame,5648,2024-01-01 07:10:08
U00262,F012,Squid Game,Thriller,57,2024-01-01 07:51:36
U01326,F008,Joker,Drame,4861,2024-01-01 09:24:32
U01124,F001,Inception,Science-Fiction,7980,2024-01-01 10:09:26
U01720,F011,Dark,Science-Fiction,2691,2024-01-01 11:31:15
U00269,F012,Squid Game,Thriller,1121,2024-01-01 11:49:56
U01982,F012,Squid Game,Thriller,1020,2024-01-01 12:11:27
U01720,F010,Breaking Bad,Thriller,201,2024-01-01 13:37:37
U00200,F001,Inception,Science-Fiction,6858,2024-01-01 14:19:26
U00572,F002,Le Seigneur des Anneaux,Fantasy,1084,2024-01-01 14:34:33
U01249,F003,Parasite,Thriller,1092,2024-01-01 14:44:06
U01722,F013,Stranger Things,Fantastique,2017,2024-01-01 14:46:45
U01181,F003,Parasite,Thriller,253,2024-01-01 15:45:49
U01784,F001,Inception,Science-Fiction,232,2024-01-01 18:07:19
U00674,F001,Inception,Science-Fiction,2084,2024-01-01 18:26:22
U00581,F003,Parasite,Thriller,5962,2024-01-01 19:26:26
U01467,F007,Avengers Endgame,Action,143,2024-01-01 20:28:37
U00465,F011,Dark,Science-Fiction,2374,2024-01-01 22:02:27
U00093,F001,Inception,Science-Fiction,7089,2024-01-01 23:06:59
U00953,F005,Intouchables,Comédie dramatique,4888,2024-01-02 00:04:52
U00535,F007,Avengers Endgame,Action,6510,2024-01-02 00:49:07
U00816,F001,Inception,Science-Fiction,4173,2024-01-02 01:05:56
U01973,F015,Notre-Dame en Flammes,Documentaire,2784,2024-01-02 01:54:10
U00755,F010,Breaking Bad,Thriller,408,2024-01-02 03:00:45
U01583,F010,Breaking Bad,Thriller,542,2024-01-02 04:00:04
U01980,F005,Intouchables,Comédie dramatique,4970,2024-01-02 06:27:04
U01437,F012,Squid Game,Thriller,1765,2024-01-02 06:59:05
U01385,F002,Le Seigneur des Anneaux,Fantasy,2513,2024-01-02 07:42:30
U00800,F005,Intouchables,Comédie dramatique,1053,2024-01-02 09:33:34
U00648,F012,Squid Game,Thriller,1721,2024-01-02 10:01:10
U01621,F007,Avengers Endgame,Action,168,2024-01-02 12:26:20
U00280,F010,Breaking Bad,Thriller,688,2024-01-02 14:57:56
U00510,F001,Inception,Science-Fiction,122,2024-01-02 16:05:31
U01207,F014,The Crown,Drame,285,2024-01-02 16:25:46
U00115,F012,Squid Game,Thriller,389,2024-01-02 16:39:51
U00559,F010,Breaking Bad,Thriller,1998,2024-01-02 17:24:05
U01281,F012,Squid Game,Thriller,2497,2024-01-02 18:53:49
U00044,F004,Interstellar,Science-Fiction,9606,2024-01-02 19:18:47
U01615,F013,Stranger Things,Fantastique,2844,2024-01-02 20:37:11
U01174,F004,Interstellar,Science-Fiction,225,2024-01-02 20:51:27
U01435,F011,Dark,Science-Fiction,992,2024-01-02 21:32:27
U01493,F007,Avengers Endgame,Action,3466,2024-01-02 21:51:23
U01483,F013,Stranger Things,Fantastique,1400,2024-01-02 22:03:24
U01999,F004,Interstellar,Science-Fiction,4776,2024-01-02 22:44:20
U00334,F013,Stranger Things,Fantastique,2013,2024-01-02 23:08:00
U01603,F007,Avengers Endgame,Action,10008,2024-01-03 01:40:24
U00520,F007,Avengers Endgame,Action,4897,2024-01-03 02:57:11
U00631,F006,La La Land,Romance,2008,2024-01-03 04:52:18
U01248,F005,Intouchables,Comédie dramatique,5123,2024-01-03 06:39:09
U00266,F005,Intouchables,Comédie dramatique,5196,2024-01-03 07:20:34
U00782,F007,Avengers Endgame,Action,5459,2024-01-03 08:19:18
U01641,F004,Interstellar,Science-Fiction,4811,2024-01-03 09:02:06
U00280,F015,Notre-Dame en Flammes,Documentaire,221,2024-01-03 10:13:34
U01965,F002,Le Seigneur des Anneaux,Fantasy,5348,2024-01-03 12:42:31
U00414,F006,La La Land,Romance,3449,2024-01-03 13:24:02
U00307,F002,Le Seigneur des Anneaux,Fantasy,6352,2024-01-03 13:47:03
U00057,F008,Joker,Drame,129,2024-01-03 14:07:23
U01019,F012,Squid Game,Thriller,2405,2024-01-03 14:30:32
U01263,F003,Parasite,Thriller,185,2024-01-03 15:04:35
U01571,F010,Breaking Bad,Thriller,1458,2024-01-03 16:21:54
U01054,F013,Stranger Things,Fantastique,1298,2024-01-03 16:24:36
U00841,F011,Dark,Science-Fiction,148,2024-01-03 16:44:05
U01947,F007,Avengers Endgame,Action,8659,2024-01-03 17:51:46
U00049,F008,Joker,Drame,519,2024-01-03 18:03:53
U01010,F013,Stranger Things,Fantastique,1868,2024-01-03 18:30:24
U01420,F004,Interstellar,Science-Fiction,7903,2024-01-03 20:15:14
U00619,F007,Avengers Endgame,Action,8395,2024-01-03 22:44:35
U00118,F002,Le Seigneur des Anneaux,Fantasy,6263,2024-01-03 23:55:16
U01148,F012,Squid Game,Thriller,3203,2024-01-04 00:30:03
U01708,F007,Avengers Endgame,Action,4633,2024-01-04 00:54:59
U00360,F013,Stranger Things,Fantastique,2624,2024-01-04 01:17:39
U00624,F010,Breaking Bad,Thriller,1004,2024-01-04 01:39:14
U01347,F001,Inception,Science-Fiction,2544,2024-01-04 03:09:55
U00742,F014,The Crown,Drame,106,2024-01-04 04:56:21
U01124,F013,Stranger Things,Fantastique,1940,2024-01-04 05:59:09
U00793,F003,Parasite,Thriller,6815,2024-01-04 06:35:10
U01058,F004,Interstellar,Science-Fiction,4036,2024-01-04 06:36:10
U01446,F008,Joker,Drame,163,2024-01-04 07:32:29
U01033,F013,Stranger Things,Fantastique,425,2024-01-04 08:20:43
U01138,F002,Le Seigneur des Anneaux,Fantasy,3170,2024-01-04 08:22:14
U01983,F014,The Crown,Drame,2074,2024-01-04 08:38:29
U00662,F014,The Crown,Drame,178,2024-01-04 08:50:22
U00798,F003,Parasite,Thriller,154,2024-01-04 08:52:30
U00875,F004,Interstellar,Science-Fiction,252,2024-01-04 09:10:29
U01958,F010,Breaking Bad,Thriller,203,2024-01-04 11:27:33
U00790,F012,Squid Game,Thriller,925,2024-01-04 14:12:49
U00211,F006,La La Land,Romance,1634,2024-01-04 14:24:29
U01066,F015,Notre-Dame en Flammes,Documentaire,3657,2024-01-04 14:51:43
U00256,F007,Avengers Endgame,Action,9101,2024-01-04 15:16:20
U01442,F007,Avengers Endgame,Action,9377,2024-01-04 16:13:30
U01284,F001,Inception,Science-Fiction,176,2024-01-04 16:23:42
U00645,F012,Squid Game,Thriller,2385,2024-01-04 17:19:26
U00029,F003,Parasite,Thriller,5894,2024-01-04 17:43:23
U00762,F005,Intouchables,Comédie dramatique,3860,2024-01-04 17:47:09
U00238,F001,Inception,Science-Fiction,4815,2024-01-04 18:09:09
U01228,F001,Inception,Science-Fiction,7736,2024-01-04 19:44:54
U01803,F008,Joker,Drame,6086,2024-01-04 22:36:54
U01752,F004,Interstellar,Science-Fiction,42,2024-01-04 23:14:49
U00286,F004,Interstellar,Science-Fiction,3967,2024-01-05 01:43:38
U01844,F007,Avengers Endgame,Action,5947,2024-01-05 02:34:20
U01311,F009,The Office,Comédie,266,2024-01-05 03:57:17
U00953,F015,Notre-Dame en Flammes,Documentaire,261,2024-01-05 04:36:53
U00378,F002,Le Seigneur des Anneaux,Fantasy,1355,2024-01-05 07:16:10
U01284,F005,Intouchables,Comédie dramatique,6468,2024-01-05 07:32:42
U01917,F013,Stranger Things,Fantastique,1212,2024-01-05 07:50:14
U01643,F010,Breaking Bad,Thriller,1599,2024-01-05 08:25:46
U00094,F004,Interstellar,Science-Fiction,6629,2024-01-05 09:17:53
U01160,F012,Squid Game,Thriller,236,2024-01-05 11:41:57
U00264,F008,Joker,Drame,2162,2024-01-05 12:00:50
U00591,F015,Notre-Dame en Flammes,Documentaire,3250,2024-01-05 12:08:43
U01386,F008,Joker,Drame,57,2024-01-05 12:32:16
U00982,F010,Breaking Bad,Thriller,2283,2024-01-05 14:26:41
U00990,F009,The Office,Comédie,240,2024-01-05 14:27:32
U01531,F010,Breaking Bad,Thriller,2682,2024-01-05 15:38:24
U00663,F003,Parasite,Thriller,1595,2024-01-05 15:40:28
U01014,F001,Inception,Science-Fiction,7552,2024-01-05 16:30:56
U01467,F012,Squid Game,Thriller,1063,2024-01-05 17:37:35
U01060,F004,Interstellar,Science-Fiction,1141,2024-01-05 18:32:16
U00173,F001,Inception,Science-Fiction,3792,2024-01-05 18:45:26
U00302,F004,Interstellar,Science-Fiction,6212,2024-01-05 18:59:34
U00301,F005,Intouchables,Comédie dramatique,69,2024-01-05 20:18:02
U00765,F001,Inception,Science-Fiction,300,2024-01-05 21:14:23
U00238,F007,Avengers Endgame,Action,6699,2024-01-05 23:55:34
U01999,F010,Breaking Bad,Thriller,1460,2024-01-06 00:50:41
U00766,F004,Interstellar,Science-Fiction,2337,2024-01-06 07:08:32
U00124,F006,La La Land,Romance,3903,2024-01-06 07:21:36
U01618,F008,Joker,Drame,1105,2024-01-06 08:15:29
U00786,F001,Inception,Science-Fiction,7496,2024-01-06 11:12:29
U01687,F013,Stranger Things,Fantastique,2088,2024-01-06 12:13:49
U01516,F008,Joker,Drame,1584,2024-01-06 12:24:35
U00493,F010,Breaking Bad,Thriller,171,2024-01-06 15:05:21
U00898,F010,Breaking Bad,Thriller,608,2024-01-06 17:14:43
U01452,F007,Avengers Endgame,Action,5544,2024-01-06 17:15:01
U01520,F007,Avengers Endgame,Action,3073,2024-01-06 18:48:44
U00775,F004,Interstellar,Science-Fiction,6664,2024-01-06 19:11:11
U00327,F008,Joker,Drame,5291,2024-01-06 20:13:37
U00632,F001,Inception,Science-Fiction,4564,2024-01-07 00:36:33
U01643,F001,Inception,Science-Fiction,4992,2024-01-07 01:47:21
U01113,F007,Avengers Endgame,Action,191,2024-01-07 01:56:38
U01889,F005,Intouchables,Comédie dramatique,107,2024-01-07 03:22:22
U00696,F010,Breaking Bad,Thriller,2634,2024-01-07 04:09:50
U00571,F003,Parasite,Thriller,6431,2024-01-07 05:09:46
U01282,F009,The Office,Comédie,375,2024-01-07 07:31:51
U01024,F007,Avengers Endgame,Action,9140,2024-01-07 09:01:46
U00228,F012,Squid Game,Thriller,1397,2024-01-07 09:11:18
U01535,F005,Intouchables,Comédie dramatique,4593,2024-01-07 09:16:05
U00805,F003,Parasite,Thriller,1299,2024-01-07 09:17:24
U00847,F009,The Office,Comédie,194,2024-01-07 11:00:20
U00385,F004,Interstellar,Science-Fiction,1144,2024-01-07 11:32:03
U01716,F001,Inception,Science-Fiction,2837,2024-01-07 11:36:35
U00313,F002,Le Seigneur des Anneaux,Fantasy,4464,2024-01-07 13:24:04
U01084,F006,La La Land,Romance,5554,2024-01-07 14:20:41
U00635,F007,Avengers Endgame,Action,196,2024-01-07 15:09:34
U00630,F010,Breaking Bad,Thriller,2154,2024-01-07 15:18:02
U00086,F001,Inception,Science-Fiction,3211,2024-01-07 15:34:56
U00035,F007,Avengers Endgame,Action,2648,2024-01-07 15:46:50
U00329,F007,Avengers Endgame,Action,1393,2024-01-07 15:48:36
U00730,F002,Le Seigneur des Anneaux,Fantasy,1709,2024-01-07 16:14:24
U01466,F014,The Crown,Drame,2548,2024-01-07 16:59:31
U00481,F003,Parasite,Thriller,4025,2024-01-07 18:47:21
U00396,F007,Avengers Endgame,Action,2616,2024-01-07 21:22:23
U01827,F004,Interstellar,Science-Fiction,6451,2024-01-07 22:59:25
U01481,F012,Squid Game,Thriller,1240,2024-01-07 23:45:39
U01246,F012,Squid Game,Thriller,3161,2024-01-08 00:39:22
U00072,F004,Interstellar,Science-Fiction,4795,2024-01-08 01:25:59
U00768,F010,Breaking Bad,Thriller,1891,2024-01-08 03:22:28
U01963,F006,La La Land,Romance,6421,2024-01-08 05:33:04
U00132,F007,Avengers Endgame,Action,9351,2024-01-08 08:54:43
U01445,F007,Avengers Endgame,Action,6109,2024-01-08 09:07:44
U00525,F004,Interstellar,Science-Fiction,6050,2024-01-08 09:57:45
U00655,F004,Interstellar,Science-Fiction,8132,2024-01-08 11:28:35
U01238,F009,The Office,Comédie,114,2024-01-08 12:47:44
U01451,F013,Stranger Things,Fantastique,2874,2024-01-08 16:24:29
U00086,F001,Inception,Science-Fiction,6042,2024-01-08 16:40:12
U01735,F007,Avengers Endgame,Action,4167,2024-01-08 17:41:48
U00925,F001,Inception,Science-Fiction,6855,2024-01-08 19:08:25
U00174,F001,Inception,Science-Fiction,7842,2024-01-08 19:51:02
U00480,F001,Inception,Science-Fiction,6410,2024-01-08 20:04:08
U01349,F007,Avengers Endgame,Action,3607,2024-01-08 21:12:20
U01850,F009,The Office,Comédie,494,2024-01-09 00:54:59
U01971,F001,Inception,Science-Fiction,3036,2024-01-09 02:07:13
U00402,F001,Inception,Science-Fiction,5268,2024-01-09 03:40:33
U01114,F010,Breaking Bad,Thriller,1602,2024-01-09 05:40:19
U01733,F007,Avengers Endgame,Action,1910,2024-01-09 06:16:42
U00902,F009,The Office,Comédie,358,2024-01-09 06:26:02
U00447,F007,Avengers Endgame,Action,1892,2024-01-09 06:58:12
U01550,F004,Interstellar,Science-Fiction,6470,2024-01-09 07:01:22
U00622,F011,Dark,Science-Fiction,1816,2024-01-09 07:51:56
U00999,F010,Breaking Bad,Thriller,626,2024-01-09 09:00:28
U00586,F012,Squid Game,Thriller,2044,2024-01-09 09:04:44
U00367,F002,Le Seigneur des Anneaux,Fantasy,7416,2024-01-09 09:41:17
U01989,F007,Avengers Endgame,Action,10845,2024-01-09 10:16:40
U01062,F003,Parasite,Thriller,3718,2024-01-09 10:31:08
U01049,F005,Intouchables,Comédie dramatique,73,2024-01-09 10:35:27
U01321,F001,Inception,Science-Fiction,5054,2024-01-09 11:11:32
U00842,F010,Breaking Bad,Thriller,2206,2024-01-09 13:25:52
U00385,F004,Interstellar,Science-Fiction,4682,2024-01-09 14:16:29
U00828,F012,Squid Game,Thriller,1256,2024-01-09 16:08:32
U01795,F005,Intouchables,Comédie dramatique,2977,2024-01-09 16:43:55
U01845,F002,Le Seigneur des Anneaux,Fantasy,257,2024-01-09 16:54:20
U00095,F001,Inception,Science-Fiction,6999,2024-01-09 17:31:52
U01045,F010,Breaking Bad,Thriller,1807,2024-01-09 18:23:38
U00458,F004,Interstellar,Science-Fiction,1277,2024-01-09 18:57:44
U01166,F008,Joker,Drame,5326,2024-01-09 19:45:40
U01910,F008,Joker,Drame,4889,2024-01-09 19:54:22
U01786,F010,Breaking Bad,Thriller,1541,2024-01-09 20:53:22
U01064,F006,La La Land,Romance,6788,2024-01-09 21:29:36
U01101,F003,Parasite,Thriller,6760,2024-01-09 21:36:32
U01627,F013,Stranger Things,Fantastique,1903,2024-01-09 22:04:02
U00308,F010,Breaking Bad,Thriller,1078,2024-01-09 22:37:24
U00996,F006,La La Land,Romance,475,2024-01-09 23:37:53
U01055,F007,Avengers Endgame,Action,9534,2024-01-10 00:01:07
U00042,F001,Inception,Science-Fiction,5450,2024-01-10 00:37:29
U00543,F008,Joker,Drame,5340,2024-01-10 02:03:23
U00626,F012,Squid Game,Thriller,2106,2024-01-10 04:34:06
U00892,F009,The Office,Comédie,817,2024-01-10 05:23:36
U01415,F004,Interstellar,Science-Fiction,7806,2024-01-10 05:38:17
U01852,F006,La La Land,Romance,1830,2024-01-10 06:32:20
U01816,F012,Squid Game,Thriller,144,2024-01-10 07:42:15
U01879,F004,Interstellar,Science-Fiction,1390,2024-01-10 07:56:46
U01779,F012,Squid Game,Thriller,2468,2024-01-10 08:21:08
U00051,F007,Avengers Endgame,Action,8501,2024-01-10 08:59:58
U01194,F001,Inception,Science-Fiction,160,2024-01-10 11:01:35
U00577,F010,Breaking Bad,Thriller,847,2024-01-10 11:32:40
U01804,F010,Breaking Bad,Thriller,994,2024-01-10 12:20:03
U00095,F006,La La Land,Romance,296,2024-01-10 12:33:35
U01903,F010,Breaking Bad,Thriller,2524,2024-01-10 12:49:15
U01641,F005,Intouchables,Comédie dramatique,130,2024-01-10 15:03:39
U01996,F008,Joker,Drame,1513,2024-01-10 16:26:04
U00309,F012,Squid Game,Thriller,1182,2024-01-10 16:36:12
U00420,F002,Le Seigneur des Anneaux,Fantasy,403,2024-01-10 17:05:01
U01285,F003,Parasite,Thriller,5757,2024-01-10 19:54:11
U01330,F007,Avengers Endgame,Action,5757,2024-01-10 19:58:25
U01463,F011,Dark,Science-Fiction,266,2024-01-10 20:43:45
U00636,F012,Squid Game,Thriller,3186,2024-01-10 22:15:08
U00510,F010,Breaking Bad,Thriller,2229,2024-01-10 22:48:19
U01734,F001,Inception,Science-Fiction,5719,2024-01-10 23:02:01
U00315,F004,Interstellar,Science-Fiction,7994,2024-01-11 01:29:50
U01515,F007,Avengers Endgame,Action,10468,2024-01-11 01:40:58
U00074,F011,Dark,Science-Fiction,177,2024-01-11 01:46:58
U00684,F014,The Crown,Drame,1825,2024-01-11 02:18:29
U00446,F011,Dark,Science-Fiction,1600,2024-01-11 02:19:18
U01159,F007,Avengers Endgame,Action,1773,2024-01-11 02:55:28
U00009,F013,Stranger Things,Fantastique,331,2024-01-11 04:38:17
U01692,F001,Inception,Science-Fiction,6682,2024-01-11 05:41:07
U00196,F001,Inception,Science-Fiction,4880,2024-01-11 05:44:19
U01949,F002,Le Seigneur des Anneaux,Fantasy,97,2024-01-11 06:27:53
U01632,F013,Stranger Things,Fantastique,2728,2024-01-11 08:22:10
U00338,F004,Interstellar,Science-Fiction,8676,2024-01-11 09:01:43
U00834,F010,Breaking Bad,Thriller,200,2024-01-11 09:26:29
U00214,F010,Breaking Bad,Thriller,1300,2024-01-11 10:09:10
U01319,F011,Dark,Science-Fiction,1196,2024-01-11 10:13:15
U00807,F007,Avengers Endgame,Action,5104,2024-01-11 10:41:29
U00773,F001,Inception,Science-Fiction,8653,2024-01-11 12:17:26
U00056,F013,Stranger Things,Fantastique,2797,2024-01-11 12:36:33
U01812,F008,Joker,Drame,6934,2024-01-11 14:10:13
U00591,F010,Breaking Bad,Thriller,108,2024-01-11 14:32:01
U01086,F008,Joker,Drame,1925,2024-01-11 15:30:28
U00018,F011,Dark,Science-Fiction,732,2024-01-11 16:08:48
U00221,F002,Le Seigneur des Anneaux,Fantasy,10019,2024-01-11 16:41:25
U01248,F015,Notre-Dame en Flammes,Documentaire,3241,2024-01-11 18:15:52
U00818,F004,Interstellar,Science-Fiction,98,2024-01-11 18:54:00
U01952,F012,Squid Game,Thriller,2530,2024-01-11 19:15:48
U00723,F011,Dark,Science-Fiction,425,2024-01-11 22:20:56
U00065,F012,Squid Game,Thriller,2210,2024-01-11 23:21:19
U01586,F004,Interstellar,Science-Fiction,9748,2024-01-12 02:09:12
U01567,F008,Joker,Drame,1240,2024-01-12 03:38:27
U00590,F006,La La Land,Romance,4307,2024-01-12 05:04:57
U00028,F012,Squid Game,Thriller,268,2024-01-12 05:23:48
U00652,F007,Avengers Endgame,Action,4266,2024-01-12 05:25:39
U01010,F006,La La Land,Romance,5700,2024-01-12 05:37:13
U00278,F011,Dark,Science-Fiction,2514,2024-01-12 05:48:59
U01234,F004,Interstellar,Science-Fiction,8475,2024-01-12 06:22:07
U00966,F002,Le Seigneur des Anneaux,Fantasy,3402,2024-01-12 06:51:40
U01204,F013,Stranger Things,Fantastique,1019,2024-01-12 08:42:53
U01585,F011,Dark,Science-Fiction,671,2024-01-12 10:50:38
U00313,F003,Parasite,Thriller,1188,2024-01-12 10:56:15
U00256,F007,Avengers Endgame,Action,380,2024-01-12 11:32:39
U00425,F008,Joker,Drame,4576,2024-01-12 11:46:47
U01293,F008,Joker,Drame,3989,2024-01-12 12:41:22
U00514,F007,Avengers Endgame,Action,1402,2024-01-12 13:02:35
U00981,F015,Notre-Dame en Flammes,Documentaire,4139,2024-01-12 13:39:16
U01078,F003,Parasite,Thriller,4072,2024-01-12 14:46:08
U00618,F015,Notre-Dame en Flammes,Documentaire,3075,2024-01-12 15:20:02
U00748,F012,Squid Game,Thriller,113,2024-01-12 15:26:06
U01348,F011,Dark,Science-Fiction,337,2024-01-12 15:30:19
U01192,F001,Inception,Science-Fiction,5735,2024-01-12 17:21:05
U01616,F012,Squid Game,Thriller,1298,2024-01-12 18:04:55
U01883,F008,Joker,Drame,7057,2024-01-12 19:02:47
U00562,F008,Joker,Drame,7182,2024-01-12 19:35:43
U01267,F007,Avengers Endgame,Action,1496,2024-01-12 20:03:58
U00485,F014,The Crown,Drame,2289,2024-01-12 20:31:42
U01168,F015,Notre-Dame en Flammes,Documentaire,2939,2024-01-12 21:27:01
U00893,F005,Intouchables,Comédie dramatique,3377,2024-01-12 21:28:12
U01598,F004,Interstellar,Science-Fiction,4065,2024-01-12 22:03:37
U00835,F009,The Office,Comédie,135,2024-01-12 23:19:14
U01721,F007,Avengers Endgame,Action,4931,2024-01-12 23:38:33
U00198,F014,The Crown,Drame,333,2024-01-13 01:50:57
U00332,F006,La La Land,Romance,3953,2024-01-13 03:05:05
U00080,F001,Inception,Science-Fiction,8247,2024-01-13 04:11:28
U00321,F005,Intouchables,Comédie dramatique,500,2024-01-13 04:28:41
U01607,F005,Intouchables,Comédie dramatique,5410,2024-01-13 05:23:40
U00900,F009,The Office,Comédie,395,2024-01-13 07:55:05
U01135,F013,Stranger Things,Fantastique,1363,2024-01-13 10:28:07
U00318,F004,Interstellar,Science-Fiction,5814,2024-01-13 12:17:13
U00382,F009,The Office,Comédie,236,2024-01-13 13:30:37
U00472,F005,Intouchables,Comédie dramatique,4524,2024-01-13 14:08:55
U01558,F001,Inception,Science-Fiction,3552,2024-01-13 14:33:48
U01157,F001,Inception,Science-Fiction,7342,2024-01-13 15:00:31
U01084,F002,Le Seigneur des Anneaux,Fantasy,4177,2024-01-13 15:55:22
U01348,F005,Intouchables,Comédie dramatique,3474,2024-01-13 16:30:07
U00203,F012,Squid Game,Thriller,2222,2024-01-13 16:56:16
U01860,F001,Inception,Science-Fiction,7314,2024-01-13 17:51:12
U00110,F012,Squid Game,Thriller,52,2024-01-13 17:58:46
U00667,F003,Parasite,Thriller,874,2024-01-13 19:17:08
U00855,F013,Stranger Things,Fantastique,1414,2024-01-13 19:23:57
U01580,F015,Notre-Dame en Flammes,Documentaire,2138,2024-01-13 19:37:38
U01036,F004,Interstellar,Science-Fiction,697,2024-01-13 19:38:26
U01957,F006,La La Land,Romance,178,2024-01-13 21:07:40
U01286,F009,The Office,Comédie,525,2024-01-13 22:58:47
U00718,F009,The Office,Comédie,75,2024-01-13 23:25:18
U00091,F001,Inception,Science-Fiction,4430,2024-01-14 01:21:58
U00050,F003,Parasite,Thriller,2862,2024-01-14 01:52:02
U00618,F001,Inception,Science-Fiction,6465,2024-01-14 02:50:02
U00387,F012,Squid Game,Thriller,2599,2024-01-14 04:12:52
U00247,F007,Avengers Endgame,Action,185,2024-01-14 05:40:53
U00346,F002,Le Seigneur des Anneaux,Fantasy,9276,2024-01-14 06:36:19
U00778,F011,Dark,Science-Fiction,1261,2024-01-14 08:05:31
U01392,F002,Le Seigneur des Anneaux,Fantasy,254,2024-01-14 12:20:59
U00141,F012,Squid Game,Thriller,1806,2024-01-14 13:52:07
U00548,F003,Parasite,Thriller,4678,2024-01-14 16:23:31
U00859,F001,Inception,Science-Fiction,4862,2024-01-14 18:22:51
U01103,F001,Inception,Science-Fiction,5019,2024-01-14 19:05:09
U01939,F002,Le Seigneur des Anneaux,Fantasy,6192,2024-01-14 19:49:00
U01724,F007,Avengers Endgame,Action,10588,2024-01-14 20:09:11
U01044,F008,Joker,Drame,6821,2024-01-14 20:57:22
U00922,F004,Interstellar,Science-Fiction,4065,2024-01-14 23:22:06
U01871,F005,Intouchables,Comédie dramatique,4890,2024-01-15 01:14:27
U00626,F001,Inception,Science-Fiction,169,2024-01-15 01:29:40
U01060,F008,Joker,Drame,7274,2024-01-15 02:16:41
U00004,F007,Avengers Endgame,Action,6113,2024-01-15 03:08:01
U00219,F007,Avengers Endgame,Action,5886,2024-01-15 04:19:55
U00822,F008,Joker,Drame,6471,2024-01-15 05:10:42
U00816,F015,Notre-Dame en Flammes,Documentaire,3737,2024-01-15 05:19:49
U00533,F004,Interstellar,Science-Fiction,6554,2024-01-15 05:34:30
U00921,F012,Squid Game,Thriller,1999,2024-01-15 06:21:30
U01377,F012,Squid Game,Thriller,1248,2024-01-15 08:18:52
U01868,F007,Avengers Endgame,Action,236,2024-01-15 08:56:28
U00048,F005,Intouchables,Comédie dramatique,2780,2024-01-15 10:02:29
U00690,F007,Avengers Endgame,Action,6489,2024-01-15 11:35:23
U00828,F001,Inception,Science-Fiction,2346,2024-01-15 12:10:25
U01890,F001,Inception,Science-Fiction,5377,2024-01-15 12:45:48
U01697,F004,Interstellar,Science-Fiction,5909,2024-01-15 13:16:39
U01704,F010,Breaking Bad,Thriller,2046,2024-01-15 13:54:26
U00704,F010,Breaking Bad,Thriller,2162,2024-01-15 16:05:07
U00608,F003,Parasite,Thriller,2929,2024-01-15 17:18:58
U01988,F001,Inception,Science-Fiction,4794,2024-01-15 19:40:47
U01797,F015,Notre-Dame en Flammes,Documentaire,1387,2024-01-15 20:34:58
U01464,F009,The Office,Comédie,800,2024-01-15 21:00:41
U01476,F002,Le Seigneur des Anneaux,Fantasy,8374,2024-01-15 22:11:37
U00687,F007,Avengers Endgame,Action,3202,2024-01-15 22:23:39
U00922,F013,Stranger Things,Fantastique,2769,2024-01-16 00:30:02
U00305,F012,Squid Game,Thriller,1574,2024-01-16 01:24:08
U01005,F007,Avengers Endgame,Action,1759,2024-01-16 01:45:39
U01739,F001,Inception,Science-Fiction,144,2024-01-16 03:25:35
U01220,F004,Interstellar,Science-Fiction,77,2024-01-16 03:38:03
U00351,F003,Parasite,Thriller,5155,2024-01-16 04:21:05
U01383,F011,Dark,Science-Fiction,2270,2024-01-16 04:40:54
U00444,F002,Le Seigneur des Anneaux,Fantasy,7189,2024-01-16 05:28:27
U00214,F007,Avengers Endgame,Action,98,2024-01-16 06:51:46
U00234,F012,Squid Game,Thriller,1177,2024-01-16 07:01:39
U01532,F014,The Crown,Drame,3033,2024-01-16 08:41:02
U01893,F002,Le Seigneur des Anneaux,Fantasy,279,2024-01-16 09:01:48
U01980,F007,Avengers Endgame,Action,5636,2024-01-16 10:31:09
U01800,F012,Squid Game,Thriller,3053,2024-01-16 10:53:02
U01370,F004,Interstellar,Science-Fiction,2297,2024-01-16 11:40:58
U01663,F005,Intouchables,Comédie dramatique,6508,2024-01-16 11:57:18
U01347,F005,Intouchables,Comédie dramatique,3074,2024-01-16 13:17:38
U00296,F003,Parasite,Thriller,6008,2024-01-16 15:12:10
U01783,F010,Breaking Bad,Thriller,175,2024-01-16 15:12:57
U01746,F006,La La Land,Romance,178,2024-01-16 15:27:24
U00407,F007,Avengers Endgame,Action,4065,2024-01-16 15:45:39
U00606,F004,Interstellar,Science-Fiction,134,2024-01-16 16:11:03
U01443,F007,Avengers Endgame,Action,8752,2024-01-16 16:20:21
U01451,F001,Inception,Science-Fiction,8773,2024-01-16 18:54:53
U00817,F005,Intouchables,Comédie dramatique,1512,2024-01-16 19:16:34
U00896,F009,The Office,Comédie,1178,2024-01-16 19:32:21
U00014,F014,The Crown,Drame,437,2024-01-16 19:41:47
U01824,F007,Avengers Endgame,Action,9297,2024-01-16 21:01:52
U00033,F004,Interstellar,Science-Fiction,8109,2024-01-16 21:14:33
U00830,F014,The Crown,Drame,2290,2024-01-16 21:43:11
U00245,F002,Le Seigneur des Anneaux,Fantasy,57,2024-01-16 22:28:13
U00218,F002,Le Seigneur des Anneaux,Fantasy,6325,2024-01-16 22:30:38
U01970,F002,Le Seigneur des Anneaux,Fantasy,7512,2024-01-17 01:23:47
U01188,F006,La La Land,Romance,3861,2024-01-17 05:22:17
U01951,F006,La La Land,Romance,5660,2024-01-17 05:31:49
U01540,F014,The Crown,Drame,3416,2024-01-17 06:09:26
U00732,F004,Interstellar,Science-Fiction,3998,2024-01-17 06:33:05
U00662,F005,Intouchables,Comédie dramatique,3946,2024-01-17 06:51:25
U00273,F012,Squid Game,Thriller,2281,2024-01-17 07:44:07
U01975,F006,La La Land,Romance,5879,2024-01-17 07:46:28
U00707,F014,The Crown,Drame,2394,2024-01-17 08:05:17
U00051,F007,Avengers Endgame,Action,3723,2024-01-17 08:37:17
U01317,F012,Squid Game,Thriller,386,2024-01-17 09:06:27
U00381,F012,Squid Game,Thriller,1304,2024-01-17 09:38:21
U01958,F009,The Office,Comédie,1214,2024-01-17 09:55:15
U01443,F001,Inception,Science-Fiction,290,2024-01-17 11:40:06
U00626,F011,Dark,Science-Fiction,1351,2024-01-17 12:52:35
U01322,F009,The Office,Comédie,1115,2024-01-17 13:21:25
U00462,F012,Squid Game,Thriller,1184,2024-01-17 15:56:23
U00086,F001,Inception,Science-Fiction,7965,2024-01-17 16:46:10
U00204,F013,Stranger Things,Fantastique,2130,2024-01-17 17:50:01
U01483,F001,Inception,Science-Fiction,4771,2024-01-17 22:28:08
U01734,F007,Avengers Endgame,Action,183,2024-01-17 22:29:39
U00579,F015,Notre-Dame en Flammes,Documentaire,934,2024-01-17 23:33:59
U00660,F001,Inception,Science-Fiction,4986,2024-01-18 00:02:01
U01204,F002,Le Seigneur des Anneaux,Fantasy,10145,2024-01-18 00:15:42
U01590,F013,Stranger Things,Fantastique,133,2024-01-18 00:18:14
U01824,F008,Joker,Drame,174,2024-01-18 00:29:12
U00909,F004,Interstellar,Science-Fiction,9641,2024-01-18 00:39:48
U00170,F013,Stranger Things,Fantastique,496,2024-01-18 00:46:10
U01992,F015,Notre-Dame en Flammes,Documentaire,3081,2024-01-18 01:10:48
U00811,F003,Parasite,Thriller,5479,2024-01-18 02:15:58
U00535,F004,Interstellar,Science-Fiction,121,2024-01-18 02:16:57
U01226,F007,Avengers Endgame,Action,7435,2024-01-18 03:41:57
U00931,F013,Stranger Things,Fantastique,947,2024-01-18 04:20:05
U00159,F009,The Office,Comédie,126,2024-01-18 04:25:13
U00167,F003,Parasite,Thriller,203,2024-01-18 04:43:01
U01544,F006,La La Land,Romance,4504,2024-01-18 07:39:14
U00164,F008,Joker,Drame,1268,2024-01-18 07:46:09
U01058,F004,Interstellar,Science-Fiction,7047,2024-01-18 08:45:01
U01740,F003,Parasite,Thriller,3163,2024-01-18 08:49:37
U00799,F012,Squid Game,Thriller,1123,2024-01-18 09:09:48
U01141,F013,Stranger Things,Fantastique,548,2024-01-18 09:23:57
U00958,F015,Notre-Dame en Flammes,Documentaire,5376,2024-01-18 09:35:45
U01020,F010,Breaking Bad,Thriller,1954,2024-01-18 09:36:53
U01087,F011,Dark,Science-Fiction,2070,2024-01-18 10:20:49
U01314,F002,Le Seigneur des Anneaux,Fantasy,3685,2024-01-18 12:07:07
U01561,F007,Avengers Endgame,Action,7948,2024-01-18 12:39:52
U00249,F012,Squid Game,Thriller,2674,2024-01-18 12:54:00
U00003,F007,Avengers Endgame,Action,1196,2024-01-18 13:04:32
U01131,F009,The Office,Comédie,332,2024-01-18 13:54:51
U01673,F001,Inception,Science-Fiction,898,2024-01-18 14:07:53
U01636,F007,Avengers Endgame,Action,6257,2024-01-18 14:34:27
U01436,F004,Interstellar,Science-Fiction,1445,2024-01-18 14:39:46
U00966,F001,Inception,Science-Fiction,7088,2024-01-18 14:52:27
U01389,F010,Breaking Bad,Thriller,931,2024-01-18 15:19:13
U01295,F003,Parasite,Thriller,5112,2024-01-18 15:56:54
U01447,F004,Interstellar,Science-Fiction,8557,2024-01-18 16:28:28
U00659,F012,Squid Game,Thriller,3215,2024-01-18 16:53:50
U01685,F007,Avengers Endgame,Action,8859,2024-01-18 16:54:11
U00924,F003,Parasite,Thriller,5189,2024-01-18 17:53:30
U01339,F010,Breaking Bad,Thriller,481,2024-01-18 19:25:44
U01885,F007,Avengers Endgame,Action,9070,2024-01-18 20:29:35
U00329,F004,Interstellar,Science-Fiction,4149,2024-01-18 20:45:02
U01355,F010,Breaking Bad,Thriller,2623,2024-01-18 22:04:10
U01593,F005,Intouchables,Comédie dramatique,2277,2024-01-18 22:42:26
U01265,F002,Le Seigneur des Anneaux,Fantasy,96,2024-01-18 22:48:11
U00439,F001,Inception,Science-Fiction,8305,2024-01-18 22:58:25
U00810,F006,La La Land,Romance,6856,2024-01-19 00:05:29
U00482,F001,Inception,Science-Fiction,1379,2024-01-19 02:57:55
U01477,F007,Avengers Endgame,Action,1452,2024-01-19 03:35:36
U01973,F013,Stranger Things,Fantastique,420,2024-01-19 03:39:40
U01658,F001,Inception,Science-Fiction,147,2024-01-19 04:40:49
U00286,F013,Stranger Things,Fantastique,1442,2024-01-19 04:56:30
U01627,F003,Parasite,Thriller,74,2024-01-19 07:26:06
U00665,F012,Squid Game,Thriller,849,2024-01-19 07:27:40
U01780,F015,Notre-Dame en Flammes,Documentaire,120,2024-01-19 07:51:25
U01218,F004,Interstellar,Science-Fiction,3548,2024-01-19 08:13:25
U01896,F014,The Crown,Drame,1826,2024-01-19 08:20:22
U00925,F012,Squid Game,Thriller,2351,2024-01-19 10:08:16
U00228,F011,Dark,Science-Fiction,549,2024-01-19 13:03:25
U00766,F013,Stranger Things,Fantastique,144,2024-01-19 13:50:50
U00396,F012,Squid Game,Thriller,352,2024-01-19 14:36:39
U00192,F002,Le Seigneur des Anneaux,Fantasy,250,2024-01-19 16:00:36
U01319,F001,Inception,Science-Fiction,838,2024-01-19 16:44:21
U00221,F007,Avengers Endgame,Action,4785,2024-01-19 19:08:30
U01126,F009,The Office,Comédie,336,2024-01-19 19:45:22
U01796,F008,Joker,Drame,6362,2024-01-19 20:51:47
U00944,F004,Interstellar,Science-Fiction,8970,2024-01-19 21:04:21
U00335,F001,Inception,Science-Fiction,3216,2024-01-19 22:03:20
U00379,F002,Le Seigneur des Anneaux,Fantasy,5092,2024-01-19 22:22:23
U01171,F001,Inception,Science-Fiction,8268,2024-01-20 00:19:39
U01004,F007,Avengers Endgame,Action,7556,2024-01-20 01:30:40
U00763,F008,Joker,Drame,331,2024-01-20 02:07:38
U00811,F007,Avengers Endgame,Action,269,2024-01-20 02:21:13
U00392,F012,Squid Game,Thriller,1427,2024-01-20 05:32:10
U01166,F010,Breaking Bad,Thriller,721,2024-01-20 05:47:46
U01702,F010,Breaking Bad,Thriller,1091,2024-01-20 06:46:52
U00459,F004,Interstellar,Science-Fiction,7507,2024-01-20 06:53:02
U00061,F001,Inception,Science-Fiction,182,2024-01-20 06:57:40
U00836,F010,Breaking Bad,Thriller,1873,2024-01-20 07:14:05
U00953,F012,Squid Game,Thriller,3257,2024-01-20 07:43:36
U01226,F003,Parasite,Thriller,165,2024-01-20 08:54:40
U00011,F006,La La Land,Romance,3812,2024-01-20 09:07:14
U00671,F010,Breaking Bad,Thriller,1348,2024-01-20 10:03:26
U01876,F002,Le Seigneur des Anneaux,Fantasy,9868,2024-01-20 10:38:25
U00082,F002,Le Seigneur des Anneaux,Fantasy,3307,2024-01-20 10:43:08
U00913,F012,Squid Game,Thriller,3093,2024-01-20 11:09:40
U01204,F002,Le Seigneur des Anneaux,Fantasy,6633,2024-01-20 11:33:38
U01815,F008,Joker,Drame,1582,2024-01-20 12:37:54
U01022,F005,Intouchables,Comédie dramatique,3458,2024-01-20 12:48:21
U00568,F004,Interstellar,Science-Fiction,6595,2024-01-20 14:26:53
U00608,F002,Le Seigneur des Anneaux,Fantasy,3730,2024-01-20 15:17:48
U01358,F003,Parasite,Thriller,4047,2024-01-20 15:25:33
U01881,F007,Avengers Endgame,Action,1277,2024-01-20 16:30:51
U01285,F010,Breaking Bad,Thriller,136,2024-01-20 16:37:47
U01404,F001,Inception,Science-Fiction,7857,2024-01-20 16:46:46
U00071,F002,Le Seigneur des Anneaux,Fantasy,10274,2024-01-20 16:55:28
U00154,F005,Intouchables,Comédie dramatique,210,2024-01-20 18:29:00
U01958,F009,The Office,Comédie,269,2024-01-20 19:10:31
U01769,F003,Parasite,Thriller,1601,2024-01-20 20:27:30
U00750,F011,Dark,Science-Fiction,1120,2024-01-20 20:49:27
U01996,F001,Inception,Science-Fiction,30,2024-01-20 21:36:24
U00616,F007,Avengers Endgame,Action,8775,2024-01-20 22:01:31
U01991,F001,Inception,Science-Fiction,277,2024-01-20 23:08:27
U00364,F011,Dark,Science-Fiction,1177,2024-01-21 01:08:21
U00455,F001,Inception,Science-Fiction,7400,2024-01-21 02:14:52
U00169,F005,Intouchables,Comédie dramatique,4037,2024-01-21 02:41:32
U01852,F013,Stranger Things,Fantastique,641,2024-01-21 04:46:41
U00705,F007,Avengers Endgame,Action,7397,2024-01-21 05:02:47
U00133,F012,Squid Game,Thriller,128,2024-01-21 05:40:16
U00522,F007,Avengers Endgame,Action,356,2024-01-21 07:30:01
U01644,F007,Avengers Endgame,Action,3261,2024-01-21 08:01:48
U01252,F013,Stranger Things,Fantastique,1268,2024-01-21 08:15:45
U01699,F003,Parasite,Thriller,2999,2024-01-21 09:01:34
U00491,F001,Inception,Science-Fiction,4638,2024-01-21 09:10:40
U00372,F005,Intouchables,Comédie dramatique,4531,2024-01-21 10:37:56
U01448,F010,Breaking Bad,Thriller,47,2024-01-21 12:04:27
U00259,F002,Le Seigneur des Anneaux,Fantasy,7530,2024-01-21 12:44:02
U00997,F010,Breaking Bad,Thriller,1444,2024-01-21 14:11:23
U00027,F007,Avengers Endgame,Action,104,2024-01-21 14:36:05
U00951,F011,Dark,Science-Fiction,1916,2024-01-21 14:38:20
U01874,F002,Le Seigneur des Anneaux,Fantasy,201,2024-01-21 14:40:33
U00124,F004,Interstellar,Science-Fiction,7112,2024-01-21 14:47:25
U01097,F004,Interstellar,Science-Fiction,156,2024-01-21 16:24:34
U01956,F011,Dark,Science-Fiction,442,2024-01-21 17:27:57
U00190,F012,Squid Game,Thriller,1126,2024-01-21 20:24:08
U00883,F013,Stranger Things,Fantastique,2441,2024-01-21 21:46:26
U01046,F015,Notre-Dame en Flammes,Documentaire,5387,2024-01-21 22:37:15
U01988,F012,Squid Game,Thriller,1342,2024-01-21 23:01:22
U01641,F007,Avengers Endgame,Action,317,2024-01-22 00:21:28
U01940,F005,Intouchables,Comédie dramatique,5402,2024-01-22 00:36:42
U00003,F009,The Office,Comédie,1083,2024-01-22 01:13:07
U00941,F010,Breaking Bad,Thriller,67,2024-01-22 01:48:54
U00601,F008,Joker,Drame,194,2024-01-22 02:19:55
U00343,F003,Parasite,Thriller,5373,2024-01-22 02:21:10
U01666,F012,Squid Game,Thriller,2161,2024-01-22 04:06:46
U00029,F010,Breaking Bad,Thriller,53,2024-01-22 04:13:09
U00645,F007,Avengers Endgame,Action,6164,2024-01-22 04:55:18
U01925,F001,Inception,Science-Fiction,108,2024-01-22 06:10:00
U01723,F003,Parasite,Thriller,1636,2024-01-22 08:57:02
U01250,F003,Parasite,Thriller,7688,2024-01-22 11:39:46
U01600,F001,Inception,Science-Fiction,2012,2024-01-22 12:00:59
U00502,F001,Inception,Science-Fiction,8794,2024-01-22 12:34:09
U01427,F012,Squid Game,Thriller,564,2024-01-22 14:22:28
U01581,F004,Interstellar,Science-Fiction,9557,2024-01-22 14:55:36
U00335,F004,Interstellar,Science-Fiction,2297,2024-01-22 16:47:50
U00212,F007,Avengers Endgame,Action,5864,2024-01-22 16:51:34
U01696,F002,Le Seigneur des Anneaux,Fantasy,208,2024-01-22 17:45:20
U01832,F014,The Crown,Drame,3498,2024-01-22 18:03:19
U01789,F004,Interstellar,Science-Fiction,5889,2024-01-22 19:30:32
U00683,F011,Dark,Science-Fiction,574,2024-01-22 22:04:33
U00015,F004,Interstellar,Science-Fiction,461,2024-01-22 23:31:23
U00351,F003,Parasite,Thriller,6307,2024-01-22 23:40:51
U00568,F009,The Office,Comédie,857,2024-01-23 00:22:35
U00590,F007,Avengers Endgame,Action,192,2024-01-23 00:36:16
U01387,F001,Inception,Science-Fiction,6164,2024-01-23 01:18:48
U00950,F005,Intouchables,Comédie dramatique,273,2024-01-23 02:03:43
U00235,F005,Intouchables,Comédie dramatique,6348,2024-01-23 03:27:55
U00685,F014,The Crown,Drame,3354,2024-01-23 03:42:21
U00378,F003,Parasite,Thriller,5618,2024-01-23 04:46:08
U01187,F010,Breaking Bad,Thriller,190,2024-01-23 04:49:08
U00356,F003,Parasite,Thriller,7388,2024-01-23 09:07:38
U00538,F008,Joker,Drame,2405,2024-01-23 10:19:20
U00439,F007,Avengers Endgame,Action,2949,2024-01-23 10:20:31
U00923,F007,Avengers Endgame,Action,9417,2024-01-23 10:48:53
U00136,F004,Interstellar,Science-Fiction,2254,2024-01-23 11:43:21
U01336,F010,Breaking Bad,Thriller,2009,2024-01-23 12:12:58
U00682,F008,Joker,Drame,2898,2024-01-23 12:43:33
U00723,F008,Joker,Drame,2767,2024-01-23 13:19:38
U01060,F014,The Crown,Drame,555,2024-01-23 13:50:30
U01357,F009,The Office,Comédie,540,2024-01-23 14:32:09
U01472,F007,Avengers Endgame,Action,2083,2024-01-23 17:06:13
U00984,F008,Joker,Drame,5483,2024-01-23 18:03:00
U00101,F001,Inception,Science-Fiction,5919,2024-01-23 18:04:49
U00654,F008,Joker,Drame,173,2024-01-23 18:06:35
U01437,F010,Breaking Bad,Thriller,811,2024-01-23 18:38:13
U00283,F002,Le Seigneur des Anneaux,Fantasy,263,2024-01-23 18:57:44
U00040,F005,Intouchables,Comédie dramatique,2542,2024-01-23 19:57:38
U00925,F006,La La Land,Romance,6694,2024-01-23 20:02:39
U00923,F007,Avengers Endgame,Action,1946,2024-01-23 21:45:09
U00249,F003,Parasite,Thriller,2650,2024-01-23 22:34:47
U00579,F012,Squid Game,Thriller,128,2024-01-23 23:40:14
U00511,F007,Avengers Endgame,Action,4187,2024-01-24 00:06:19
U00599,F004,Interstellar,Science-Fiction,8966,2024-01-24 00:39:40
U00364,F013,Stranger Things,Fantastique,2102,2024-01-24 03:06:06
U01144,F007,Avengers Endgame,Action,86,2024-01-24 03:18:05
U01267,F004,Interstellar,Science-Fiction,5381,2024-01-24 05:08:40
U00023,F015,Notre-Dame en Flammes,Documentaire,168,2024-01-24 06:11:13
U00421,F007,Avengers Endgame,Action,4330,2024-01-24 06:15:45
U01752,F015,Notre-Dame en Flammes,Documentaire,2987,2024-01-24 06:35:17
U01960,F004,Interstellar,Science-Fiction,8070,2024-01-24 06:56:52
U00273,F011,Dark,Science-Fiction,1061,2024-01-24 07:11:04
U00707,F011,Dark,Science-Fiction,2665,2024-01-24 07:22:28
U00406,F008,Joker,Drame,252,2024-01-24 11:24:10
U01763,F007,Avengers Endgame,Action,4153,2024-01-24 11:33:07
U01194,F003,Parasite,Thriller,3177,2024-01-24 12:12:11
U01390,F005,Intouchables,Comédie dramatique,617,2024-01-24 12:22:01
U00743,F001,Inception,Science-Fiction,7378,2024-01-24 12:22:03
U00957,F012,Squid Game,Thriller,80,2024-01-24 12:57:03
U00302,F005,Intouchables,Comédie dramatique,4675,2024-01-24 13:01:05
U01541,F007,Avengers Endgame,Action,7666,2024-01-24 13:07:51
U01581,F001,Inception,Science-Fiction,4342,2024-01-24 15:11:59
U01591,F002,Le Seigneur des Anneaux,Fantasy,10245,2024-01-24 15:49:25
U01029,F010,Breaking Bad,Thriller,197,2024-01-24 16:31:44
U00630,F004,Interstellar,Science-Fiction,106,2024-01-24 16:39:20
U01063,F002,Le Seigneur des Anneaux,Fantasy,5659,2024-01-24 18:15:09
U00593,F013,Stranger Things,Fantastique,1966,2024-01-24 19:03:16
U00262,F003,Parasite,Thriller,4261,2024-01-24 19:55:44
U00586,F004,Interstellar,Science-Fiction,174,2024-01-24 20:37:24
U01341,F001,Inception,Science-Fiction,127,2024-01-24 22:29:31
U00953,F004,Interstellar,Science-Fiction,9512,2024-01-24 22:31:14
U00766,F006,La La Land,Romance,118,2024-01-24 23:13:14
U00702,F010,Breaking Bad,Thriller,350,2024-01-25 00:28:20
U00642,F013,Stranger Things,Fantastique,1701,2024-01-25 01:54:09
U00403,F009,The Office,Comédie,209,2024-01-25 02:54:21
U01221,F007,Avengers Endgame,Action,282,2024-01-25 03:02:22
U01148,F008,Joker,Drame,6492,2024-01-25 09:11:18
U00037,F006,La La Land,Romance,7053,2024-01-25 09:19:26
U00489,F006,La La Land,Romance,5682,2024-01-25 09:24:18
U00735,F001,Inception,Science-Fiction,6338,2024-01-25 09:54:30
U00545,F003,Parasite,Thriller,5493,2024-01-25 12:21:40
U00023,F005,Intouchables,Comédie dramatique,110,2024-01-25 13:10:06
U01936,F004,Interstellar,Science-Fiction,74,2024-01-25 15:14:17
U01993,F003,Parasite,Thriller,5366,2024-01-25 16:17:25
U01774,F012,Squid Game,Thriller,1055,2024-01-25 16:55:20
U00801,F015,Notre-Dame en Flammes,Documentaire,1900,2024-01-25 17:48:47
U00454,F003,Parasite,Thriller,4865,2024-01-25 17:56:10
U01248,F004,Interstellar,Science-Fiction,8836,2024-01-25 19:00:16
U01665,F010,Breaking Bad,Thriller,1300,2024-01-25 19:53:10
U00936,F002,Le Seigneur des Anneaux,Fantasy,3018,2024-01-25 20:01:09
U00298,F007,Avengers Endgame,Action,6182,2024-01-25 21:16:23
U00061,F003,Parasite,Thriller,191,2024-01-25 22:32:10
U01622,F007,Avengers Endgame,Action,102,2024-01-25 22:44:20
U01335,F001,Inception,Science-Fiction,298,2024-01-25 23:16:40
U01475,F007,Avengers Endgame,Action,6062,2024-01-26 00:09:50
U00094,F007,Avengers Endgame,Action,7788,2024-01-26 00:20:23
U01358,F015,Notre-Dame en Flammes,Documentaire,1471,2024-01-26 00:21:24
U01028,F005,Intouchables,Comédie dramatique,1439,2024-01-26 00:28:37
U00892,F006,La La Land,Romance,7542,2024-01-26 00:30:29
U01963,F012,Squid Game,Thriller,2449,2024-01-26 01:22:16
U01883,F010,Breaking Bad,Thriller,600,2024-01-26 02:23:29
U01584,F007,Avengers Endgame,Action,213,2024-01-26 02:39:17
U00567,F003,Parasite,Thriller,3926,2024-01-26 03:20:27
U01460,F013,Stranger Things,Fantastique,900,2024-01-26 04:05:57
U00894,F005,Intouchables,Comédie dramatique,1929,2024-01-26 04:38:49
U00720,F003,Parasite,Thriller,6854,2024-01-26 05:24:42
U00030,F013,Stranger Things,Fantastique,425,2024-01-26 05:25:24
U01287,F012,Squid Game,Thriller,3261,2024-01-26 09:11:25
U00132,F005,Intouchables,Comédie dramatique,3056,2024-01-26 10:47:20
U00990,F006,La La Land,Romance,3733,2024-01-26 12:11:09
U01883,F012,Squid Game,Thriller,251,2024-01-26 13:12:34
U00108,F007,Avengers Endgame,Action,7383,2024-01-26 14:51:08
U01789,F002,Le Seigneur des Anneaux,Fantasy,7302,2024-01-26 14:59:57
U00270,F013,Stranger Things,Fantastique,1664,2024-01-26 15:31:40
U01521,F009,The Office,Comédie,404,2024-01-26 16:26:06
U01684,F001,Inception,Science-Fiction,2493,2024-01-26 16:55:21
U01163,F012,Squid Game,Thriller,2800,2024-01-26 17:21:22
U00797,F012,Squid Game,Thriller,2380,2024-01-26 17:53:51
U01727,F007,Avengers Endgame,Action,4512,2024-01-26 18:02:37
U00626,F002,Le Seigneur des Anneaux,Fantasy,214,2024-01-26 18:21:53
U01754,F006,La La Land,Romance,388,2024-01-26 18:50:01
U01306,F002,Le Seigneur des Anneaux,Fantasy,4302,2024-01-26 19:49:40
U01855,F011,Dark,Science-Fiction,388,2024-01-26 20:09:32
U00672,F007,Avengers Endgame,Action,9135,2024-01-26 20:23:06
U00678,F001,Inception,Science-Fiction,5721,2024-01-26 22:21:36
U00508,F012,Squid Game,Thriller,2215,2024-01-26 23:22:28
U01235,F013,Stranger Things,Fantastique,1984,2024-01-26 23:47:25
U00768,F003,Parasite,Thriller,2508,2024-01-27 00:14:29
U00234,F015,Notre-Dame en Flammes,Documentaire,360,2024-01-27 00:26:39
U00606,F002,Le Seigneur des Anneaux,Fantasy,884,2024-01-27 00:41:20
U00595,F011,Dark,Science-Fiction,1979,2024-01-27 01:07:28
U00509,F002,Le Seigneur des Anneaux,Fantasy,5686,2024-01-27 01:10:30
U00523,F005,Intouchables,Comédie dramatique,2242,2024-01-27 01:43:40
U00814,F013,Stranger Things,Fantastique,1978,2024-01-27 01:57:31
U00200,F006,La La Land,Romance,5116,2024-01-27 02:06:36
U01756,F010,Breaking Bad,Thriller,1189,2024-01-27 02:55:13
U01053,F001,Inception,Science-Fiction,8584,2024-01-27 03:10:50
U00036,F012,Squid Game,Thriller,457,2024-01-27 04:02:48
U00676,F009,The Office,Comédie,957,2024-01-27 04:08:38
U01813,F013,Stranger Things,Fantastique,2447,2024-01-27 04:16:02
U01326,F012,Squid Game,Thriller,2000,2024-01-27 05:22:48
U01361,F009,The Office,Comédie,1029,2024-01-27 06:49:01
U01889,F012,Squid Game,Thriller,2485,2024-01-27 06:49:01
U00083,F013,Stranger Things,Fantastique,2421,2024-01-27 07:31:42
U01344,F013,Stranger Things,Fantastique,2090,2024-01-27 08:04:21
U01312,F003,Parasite,Thriller,3536,2024-01-27 08:16:40
U01342,F004,Interstellar,Science-Fiction,4822,2024-01-27 09:17:25
U00014,F006,La La Land,Romance,4757,2024-01-27 09:30:25
U01770,F015,Notre-Dame en Flammes,Documentaire,2101,2024-01-27 12:28:26
U01079,F007,Avengers Endgame,Action,3352,2024-01-27 13:19:48
U02000,F003,Parasite,Thriller,7176,2024-01-27 13:34:09
U01993,F001,Inception,Science-Fiction,4538,2024-01-27 13:39:39
U00323,F001,Inception,Science-Fiction,5962,2024-01-27 14:39:54
U00537,F012,Squid Game,Thriller,2618,2024-01-27 15:55:58
U01348,F004,Interstellar,Science-Fiction,6011,2024-01-27 16:46:25
U01413,F007,Avengers Endgame,Action,5423,2024-01-27 17:19:53
U00663,F010,Breaking Bad,Thriller,628,2024-01-27 17:58:34
U00359,F004,Interstellar,Science-Fiction,3354,2024-01-27 18:52:15
U00430,F006,La La Land,Romance,3137,2024-01-27 20:36:19
U00656,F003,Parasite,Thriller,5355,2024-01-27 20:54:12
U00675,F007,Avengers Endgame,Action,7875,2024-01-27 21:39:16
U01063,F008,Joker,Drame,5926,2024-01-27 22:15:42
U01352,F003,Parasite,Thriller,3840,2024-01-27 23:02:53
U01766,F007,Avengers Endgame,Action,8219,2024-01-27 23:19:06
U00364,F012,Squid Game,Thriller,2034,2024-01-27 23:21:33
U00801,F003,Parasite,Thriller,7083,2024-01-28 01:54:48
U01617,F003,Parasite,Thriller,690,2024-01-28 02:03:40
U01056,F007,Avengers Endgame,Action,4105,2024-01-28 05:51:14
U01859,F013,Stranger Things,Fantastique,2480,2024-01-28 06:39:01
U00501,F011,Dark,Science-Fiction,745,2024-01-28 07:31:31
U00957,F011,Dark,Science-Fiction,43,2024-01-28 07:36:44
U00905,F010,Breaking Bad,Thriller,67,2024-01-28 08:17:25
U01572,F007,Avengers Endgame,Action,7286,2024-01-28 09:20:04
U00790,F012,Squid Game,Thriller,3247,2024-01-28 10:01:53
U01745,F011,Dark,Science-Fiction,1595,2024-01-28 10:05:46
U00893,F004,Interstellar,Science-Fiction,6405,2024-01-28 10:07:46
U01162,F004,Interstellar,Science-Fiction,228,2024-01-28 10:36:52
U00381,F012,Squid Game,Thriller,915,2024-01-28 11:58:54
U00422,F010,Breaking Bad,Thriller,2651,2024-01-28 13:52:29
U00791,F002,Le Seigneur des Anneaux,Fantasy,5165,2024-01-28 13:52:47
U01891,F011,Dark,Science-Fiction,1289,2024-01-28 14:25:53
U01715,F007,Avengers Endgame,Action,5283,2024-01-28 16:29:37
U00668,F007,Avengers Endgame,Action,8867,2024-01-28 17:25:57
U00353,F010,Breaking Bad,Thriller,1264,2024-01-28 21:25:10
U00550,F008,Joker,Drame,1603,2024-01-28 22:32:35
U01377,F007,Avengers Endgame,Action,4823,2024-01-28 23:29:34
U00553,F007,Avengers Endgame,Action,256,2024-01-29 01:54:02
U01393,F010,Breaking Bad,Thriller,381,2024-01-29 02:32:31
U00528,F002,Le Seigneur des Anneaux,Fantasy,2147,2024-01-29 04:08:45
U01826,F012,Squid Game,Thriller,2218,2024-01-29 04:36:02
U00308,F010,Breaking Bad,Thriller,1706,2024-01-29 06:06:34
U01933,F015,Notre-Dame en Flammes,Documentaire,3270,2024-01-29 06:54:53
U01781,F001,Inception,Science-Fiction,1667,2024-01-29 08:32:47
U00786,F010,Breaking Bad,Thriller,1874,2024-01-29 08:55:39
U01758,F007,Avengers Endgame,Action,7154,2024-01-29 12:17:48
U00823,F006,La La Land,Romance,257,2024-01-29 12:58:59
U00845,F012,Squid Game,Thriller,751,2024-01-29 13:20:47
U01168,F007,Avengers Endgame,Action,2664,2024-01-29 13:21:56
U01364,F008,Joker,Drame,2569,2024-01-29 14:01:39
U00008,F012,Squid Game,Thriller,2101,2024-01-29 14:28:08
U01280,F015,Notre-Dame en Flammes,Documentaire,2697,2024-01-29 14:50:31
U01247,F008,Joker,Drame,3995,2024-01-29 15:25:24
U01731,F007,Avengers Endgame,Action,1969,2024-01-29 19:15:34
U00778,F015,Notre-Dame en Flammes,Documentaire,1987,2024-01-29 21:25:57
U00915,F001,Inception,Science-Fiction,148,2024-01-29 22:30:42
U01830,F004,Interstellar,Science-Fiction,3120,2024-01-29 23:01:16
U00288,F015,Notre-Dame en Flammes,Documentaire,5300,2024-01-30 00:17:11
U00936,F001,Inception,Science-Fiction,109,2024-01-30 01:26:59
U00196,F007,Avengers Endgame,Action,8690,2024-01-30 01:28:14
U00660,F002,Le Seigneur des Anneaux,Fantasy,5342,2024-01-30 01:50:36
U01669,F005,Intouchables,Comédie dramatique,5463,2024-01-30 02:54:56
U00891,F004,Interstellar,Science-Fiction,5359,2024-01-30 03:26:03
U01326,F010,Breaking Bad,Thriller,459,2024-01-30 04:23:47
U01620,F007,Avengers Endgame,Action,6989,2024-01-30 04:42:54
U00847,F011,Dark,Science-Fiction,137,2024-01-30 06:39:02
U00827,F006,La La Land,Romance,191,2024-01-30 06:39:57
U00092,F002,Le Seigneur des Anneaux,Fantasy,7834,2024-01-30 10:31:57
U00191,F005,Intouchables,Comédie dramatique,4760,2024-01-30 12:38:23
U00921,F003,Parasite,Thriller,54,2024-01-30 13:21:23
U00311,F002,Le Seigneur des Anneaux,Fantasy,692,2024-01-30 13:37:51
U01820,F007,Avengers Endgame,Action,1910,2024-01-30 14:25:08
U01249,F012,Squid Game,Thriller,59,2024-01-30 14:43:10
U01521,F004,Interstellar,Science-Fiction,8665,2024-01-30 14:50:14
U00511,F008,Joker,Drame,3451,2024-01-30 15:15:09
U01489,F004,Interstellar,Science-Fiction,1659,2024-01-30 15:51:31
U00654,F003,Parasite,Thriller,3149,2024-01-30 16:57:06
U00820,F014,The Crown,Drame,2365,2024-01-30 17:51:20
U00031,F012,Squid Game,Thriller,416,2024-01-30 18:04:21
U01242,F005,Intouchables,Comédie dramatique,6049,2024-01-30 19:51:49
U00679,F006,La La Land,Romance,7239,2024-01-30 20:01:13
U01541,F013,Stranger Things,Fantastique,2786,2024-01-30 23:13:12
U01776,F010,Breaking Bad,Thriller,917,2024-01-30 23:34:05
U01658,F015,Notre-Dame en Flammes,Documentaire,136,2024-01-31 00:07:58
U01155,F013,Stranger Things,Fantastique,301,2024-01-31 01:50:32
U00522,F007,Avengers Endgame,Action,7119,2024-01-31 02:07:47
U01472,F001,Inception,Science-Fiction,1194,2024-01-31 02:09:28
U00555,F012,Squid Game,Thriller,1822,2024-01-31 02:18:59
U01212,F006,La La Land,Romance,3756,2024-01-31 02:40:21
U01007,F007,Avengers Endgame,Action,7495,2024-01-31 03:58:31
U00430,F002,Le Seigneur des Anneaux,Fantasy,87,2024-01-31 04:32:43
U00431,F005,Intouchables,Comédie dramatique,2392,2024-01-31 05:10:35
U00021,F007,Avengers Endgame,Action,7086,2024-01-31 05:13:47
U00392,F008,Joker,Drame,379,2024-01-31 05:27:24
U00968,F008,Joker,Drame,6549,2024-01-31 07:46:34
U00953,F013,Stranger Things,Fantastique,2327,2024-01-31 08:09:48
U00847,F010,Breaking Bad,Thriller,780,2024-01-31 10:23:50
U01488,F002,Le Seigneur des Anneaux,Fantasy,10658,2024-01-31 11:09:36
U00842,F010,Breaking Bad,Thriller,1922,2024-01-31 11:10:13
U01740,F015,Notre-Dame en Flammes,Documentaire,3116,2024-01-31 12:33:16
U01527,F011,Dark,Science-Fiction,52,2024-01-31 13:02:43
U00296,F004,Interstellar,Science-Fiction,245,2024-01-31 13:37:38
U01128,F009,The Office,Comédie,420,2024-01-31 14:45:15
U00777,F011,Dark,Science-Fiction,255,2024-01-31 15:05:00
U01633,F007,Avengers Endgame,Action,8937,2024-01-31 15:39:10
U01079,F004,Interstellar,Science-Fiction,3551,2024-01-31 16:30:45
U00874,F008,Joker,Drame,5617,2024-01-31 17:03:43
U00326,F010,Breaking Bad,Thriller,1402,2024-01-31 17:44:02
U01326,F007,Avengers Endgame,Action,3882,2024-01-31 18:02:24
U01684,F005,Intouchables,Comédie dramatique,792,2024-01-31 20:04:09
U00166,F002,Le Seigneur des Anneaux,Fantasy,4434,2024-01-31 20:34:30
U01222,F003,Parasite,Thriller,5431,2024-01-31 20:45:52
U01914,F001,Inception,Science-Fiction,2435,2024-01-31 21:59:25
U01117,F009,The Office,Comédie,249,2024-01-31 22:38:32
U00617,F004,Interstellar,Science-Fiction,8169,2024-01-31 23:29:03
U01443,F001,Inception,Science-Fiction,6810,2024-01-31 23:42:54
U00475,F005,Intouchables,Comédie dramatique,1514,2024-02-01 00:46:02
U01849,F010,Breaking Bad,Thriller,2230,2024-02-01 01:12:10
U00806,F005,Intouchables,Comédie dramatique,4803,2024-02-01 02:13:42
U01937,F001,Inception,Science-Fiction,6727,2024-02-01 02:37:38
U01280,F007,Avengers Endgame,Action,4778,2024-02-01 03:06:58
U01298,F012,Squid Game,Thriller,294,2024-02-01 03:18:57
U00413,F001,Inception,Science-Fiction,705,2024-02-01 03:20:58
U00481,F004,Interstellar,Science-Fiction,4724,2024-02-01 07:02:17
U01926,F007,Avengers Endgame,Action,9695,2024-02-01 09:12:25
U01400,F010,Breaking Bad,Thriller,2196,2024-02-01 09:42:11
U01270,F005,Intouchables,Comédie dramatique,2624,2024-02-01 12:27:53
U00301,F001,Inception,Science-Fiction,1943,2024-02-01 12:28:29
U01893,F007,Avengers Endgame,Action,5692,2024-02-01 13:03:06
U01849,F012,Squid Game,Thriller,2921,2024-02-01 14:32:55
U00534,F012,Squid Game,Thriller,541,2024-02-01 15:41:26
U00110,F005,Intouchables,Comédie dramatique,1881,2024-02-01 16:37:04
U00008,F008,Joker,Drame,228,2024-02-01 16:44:57
U01085,F004,Interstellar,Science-Fiction,7508,2024-02-01 19:22:09
U01151,F004,Interstellar,Science-Fiction,4512,2024-02-01 19:22:10
U01425,F004,Interstellar,Science-Fiction,8740,2024-02-01 21:49:34
U00439,F001,Inception,Science-Fiction,6503,2024-02-01 21:51:49
U01705,F001,Inception,Science-Fiction,3113,2024-02-01 22:01:47
U01799,F005,Intouchables,Comédie dramatique,1442,2024-02-01 22:44:05
U01924,F001,Inception,Science-Fiction,4469,2024-02-01 22:48:11
U01295,F007,Avengers Endgame,Action,10787,2024-02-01 23:22:52
U00594,F011,Dark,Science-Fiction,202,2024-02-02 01:22:34
U01373,F011,Dark,Science-Fiction,439,2024-02-02 01:24:32
U00017,F006,La La Land,Romance,2290,2024-02-02 02:01:35
U00327,F008,Joker,Drame,7304,2024-02-02 04:28:56
U01029,F002,Le Seigneur des Anneaux,Fantasy,6312,2024-02-02 05:24:35
U00674,F006,La La Land,Romance,5270,2024-02-02 06:29:10
U00753,F006,La La Land,Romance,4153,2024-02-02 06:47:39
U00646,F012,Squid Game,Thriller,3080,2024-02-02 07:05:13
U00227,F001,Inception,Science-Fiction,1960,2024-02-02 07:42:32
U01960,F001,Inception,Science-Fiction,121,2024-02-02 07:45:04
U00851,F001,Inception,Science-Fiction,8536,2024-02-02 08:26:05
U00536,F007,Avengers Endgame,Action,2484,2024-02-02 08:28:09
U00870,F001,Inception,Science-Fiction,8026,2024-02-02 10:30:20
U00177,F013,Stranger Things,Fantastique,2469,2024-02-02 11:03:00
U01098,F004,Interstellar,Science-Fiction,4248,2024-02-02 11:08:01
U01362,F010,Breaking Bad,Thriller,1412,2024-02-02 11:31:24
U01808,F006,La La Land,Romance,69,2024-02-02 13:40:52
U01779,F007,Avengers Endgame,Action,6287,2024-02-02 14:56:48
U00075,F007,Avengers Endgame,Action,1735,2024-02-02 15:22:24
U00485,F004,Interstellar,Science-Fiction,5651,2024-02-02 15:44:59
U01913,F007,Avengers Endgame,Action,363,2024-02-02 16:54:03
U00212,F012,Squid Game,Thriller,3112,2024-02-02 18:00:16
U01215,F012,Squid Game,Thriller,2056,2024-02-02 18:39:18
U00919,F003,Parasite,Thriller,7446,2024-02-02 19:14:01
U00492,F013,Stranger Things,Fantastique,417,2024-02-02 20:23:25
U00331,F001,Inception,Science-Fiction,586,2024-02-02 20:37:31
U01405,F004,Interstellar,Science-Fiction,5037,2024-02-02 21:50:30
U00322,F013,Stranger Things,Fantastique,1427,2024-02-02 22:00:37
U00021,F010,Breaking Bad,Thriller,1492,2024-02-02 22:11:24
U01278,F007,Avengers Endgame,Action,2656,2024-02-02 22:31:37
U01480,F008,Joker,Drame,6893,2024-02-03 00:00:35
U01716,F001,Inception,Science-Fiction,4096,2024-02-03 02:21:25
U00114,F004,Interstellar,Science-Fiction,740,2024-02-03 02:36:57
U00510,F009,The Office,Comédie,496,2024-02-03 02:46:18
U00590,F007,Avengers Endgame,Action,10414,2024-02-03 05:37:10
U00278,F006,La La Land,Romance,1549,2024-02-03 05:49:49
U00976,F015,Notre-Dame en Flammes,Documentaire,3827,2024-02-03 06:10:32
U01511,F012,Squid Game,Thriller,1998,2024-02-03 06:15:47
U00119,F003,Parasite,Thriller,4282,2024-02-03 06:20:52
U01800,F010,Breaking Bad,Thriller,1930,2024-02-03 07:14:02
U01520,F002,Le Seigneur des Anneaux,Fantasy,6915,2024-02-03 09:44:55
U01836,F006,La La Land,Romance,6259,2024-02-03 10:18:17
U01729,F007,Avengers Endgame,Action,10841,2024-02-03 11:11:47
U00357,F013,Stranger Things,Fantastique,2194,2024-02-03 14:01:58
U01558,F001,Inception,Science-Fiction,3044,2024-02-03 14:37:26
U00262,F007,Avengers Endgame,Action,9214,2024-02-03 15:47:05
U01212,F010,Breaking Bad,Thriller,1514,2024-02-03 16:41:44
U00286,F010,Breaking Bad,Thriller,2466,2024-02-03 18:19:43
U00407,F008,Joker,Drame,84,2024-02-03 18:20:09
U00313,F002,Le Seigneur des Anneaux,Fantasy,5609,2024-02-03 18:25:31
U00563,F007,Avengers Endgame,Action,2564,2024-02-03 18:45:52
U01219,F004,Interstellar,Science-Fiction,5438,2024-02-03 19:09:16
U01267,F002,Le Seigneur des Anneaux,Fantasy,36,2024-02-03 19:11:12
U01858,F007,Avengers Endgame,Action,6864,2024-02-03 19:34:30
U00726,F003,Parasite,Thriller,2048,2024-02-03 19:54:06
U00371,F010,Breaking Bad,Thriller,1757,2024-02-03 20:24:25
U00911,F005,Intouchables,Comédie dramatique,842,2024-02-03 21:40:09
U00576,F007,Avengers Endgame,Action,5627,2024-02-03 23:36:24
U01426,F003,Parasite,Thriller,300,2024-02-04 01:08:28
U00924,F004,Interstellar,Science-Fiction,6414,2024-02-04 01:40:24
U00311,F004,Interstellar,Science-Fiction,1424,2024-02-04 02:18:31
U01642,F013,Stranger Things,Fantastique,1041,2024-02-04 05:25:48
U01988,F013,Stranger Things,Fantastique,2781,2024-02-04 06:41:18
U00057,F013,Stranger Things,Fantastique,245,2024-02-04 08:13:04
U00687,F001,Inception,Science-Fiction,7518,2024-02-04 08:23:51
U00056,F004,Interstellar,Science-Fiction,6961,2024-02-04 09:15:30
U00049,F007,Avengers Endgame,Action,4866,2024-02-04 09:32:21
U00536,F013,Stranger Things,Fantastique,999,2024-02-04 10:38:14
U00444,F012,Squid Game,Thriller,1854,2024-02-04 10:50:19
U00377,F008,Joker,Drame,1428,2024-02-04 11:50:14
U00219,F010,Breaking Bad,Thriller,891,2024-02-04 13:10:55
U01981,F004,Interstellar,Science-Fiction,113,2024-02-04 14:02:27
U01330,F013,Stranger Things,Fantastique,2119,2024-02-04 14:31:32
U01988,F003,Parasite,Thriller,1250,2024-02-04 15:16:53
U00817,F004,Interstellar,Science-Fiction,3567,2024-02-04 15:17:43
U01932,F013,Stranger Things,Fantastique,2145,2024-02-04 16:13:08
U00042,F007,Avengers Endgame,Action,8934,2024-02-04 17:50:09
U00769,F011,Dark,Science-Fiction,2698,2024-02-04 19:14:11
U01756,F001,Inception,Science-Fiction,83,2024-02-04 19:29:10
U01346,F004,Interstellar,Science-Fiction,8627,2024-02-04 19:38:31
U00331,F010,Breaking Bad,Thriller,1965,2024-02-04 20:12:19
U01611,F007,Avengers Endgame,Action,212,2024-02-04 21:15:41
U01786,F012,Squid Game,Thriller,149,2024-02-04 23:04:39
U01492,F003,Parasite,Thriller,82,2024-02-04 23:23:52
U00330,F010,Breaking Bad,Thriller,1842,2024-02-04 23:41:40
U01209,F013,Stranger Things,Fantastique,2371,2024-02-05 00:32:07
U01777,F003,Parasite,Thriller,7392,2024-02-05 01:33:05
U01998,F012,Squid Game,Thriller,2531,2024-02-05 02:06:01
U00286,F002,Le Seigneur des Anneaux,Fantasy,740,2024-02-05 02:34:35
U01374,F002,Le Seigneur des Anneaux,Fantasy,281,2024-02-05 02:58:41
U01157,F010,Breaking Bad,Thriller,1449,2024-02-05 03:06:34
U00816,F008,Joker,Drame,77,2024-02-05 03:54:52
U00803,F004,Interstellar,Science-Fiction,7658,2024-02-05 03:55:19
U01756,F004,Interstellar,Science-Fiction,4481,2024-02-05 04:01:28
U00237,F001,Inception,Science-Fiction,553,2024-02-05 04:46:49
U00621,F005,Intouchables,Comédie dramatique,6010,2024-02-05 05:04:38
U00644,F002,Le Seigneur des Anneaux,Fantasy,7758,2024-02-05 05:10:45
U00701,F010,Breaking Bad,Thriller,1900,2024-02-05 05:55:16
U01536,F015,Notre-Dame en Flammes,Documentaire,1161,2024-02-05 06:13:59
U00733,F002,Le Seigneur des Anneaux,Fantasy,8841,2024-02-05 06:22:02
U01221,F002,Le Seigneur des Anneaux,Fantasy,6278,2024-02-05 06:38:06
U01519,F012,Squid Game,Thriller,1683,2024-02-05 06:56:29
U00450,F015,Notre-Dame en Flammes,Documentaire,282,2024-02-05 07:20:13
U00394,F013,Stranger Things,Fantastique,708,2024-02-05 07:34:46
U00239,F010,Breaking Bad,Thriller,2351,2024-02-05 07:38:15
U00241,F003,Parasite,Thriller,6003,2024-02-05 09:16:32
U01264,F007,Avengers Endgame,Action,9230,2024-02-05 09:46:25
U00885,F010,Breaking Bad,Thriller,1402,2024-02-05 11:13:41
U00345,F001,Inception,Science-Fiction,2073,2024-02-05 11:20:03
U00732,F008,Joker,Drame,4954,2024-02-05 11:35:24
U01518,F004,Interstellar,Science-Fiction,124,2024-02-05 11:57:08
U00987,F001,Inception,Science-Fiction,4923,2024-02-05 12:31:57
U00387,F005,Intouchables,Comédie dramatique,236,2024-02-05 12:52:34
U01039,F004,Interstellar,Science-Fiction,233,2024-02-05 14:07:42
U00816,F004,Interstellar,Science-Fiction,8615,2024-02-05 14:27:29
U01347,F005,Intouchables,Comédie dramatique,45,2024-02-05 15:14:36
U01300,F015,Notre-Dame en Flammes,Documentaire,3214,2024-02-05 15:15:34
U01625,F007,Avengers Endgame,Action,7502,2024-02-05 16:07:03
U00176,F004,Interstellar,Science-Fiction,7548,2024-02-05 18:25:36
U00684,F008,Joker,Drame,6125,2024-02-05 18:50:23
U00301,F010,Breaking Bad,Thriller,1517,2024-02-05 19:49:09
U01001,F004,Interstellar,Science-Fiction,5306,2024-02-05 20:17:02
U01325,F001,Inception,Science-Fiction,3339,2024-02-05 21:49:36
U01332,F004,Interstellar,Science-Fiction,6405,2024-02-05 22:27:17
U01635,F001,Inception,Science-Fiction,225,2024-02-05 22:38:16
U00081,F013,Stranger Things,Fantastique,2190,2024-02-06 02:02:12
U00963,F001,Inception,Science-Fiction,8534,2024-02-06 02:09:47
U00755,F008,Joker,Drame,2044,2024-02-06 02:19:59
U01907,F001,Inception,Science-Fiction,7882,2024-02-06 02:31:10
U01481,F009,The Office,Comédie,1183,2024-02-06 04:15:16
U01648,F007,Avengers Endgame,Action,6989,2024-02-06 05:00:29
U01129,F007,Avengers Endgame,Action,10351,2024-02-06 05:05:42
U01133,F002,Le Seigneur des Anneaux,Fantasy,1063,2024-02-06 05:17:47
U00174,F004,Interstellar,Science-Fiction,7635,2024-02-06 06:25:54
U01622,F004,Interstellar,Science-Fiction,299,2024-02-06 07:02:41
U00150,F003,Parasite,Thriller,6700,2024-02-06 07:30:44
U00978,F015,Notre-Dame en Flammes,Documentaire,764,2024-02-06 08:34:01
U01862,F008,Joker,Drame,5137,2024-02-06 09:58:17
U00804,F014,The Crown,Drame,372,2024-02-06 09:59:03
U00453,F013,Stranger Things,Fantastique,333,2024-02-06 10:09:41
U00555,F006,La La Land,Romance,446,2024-02-06 10:44:59
U01001,F012,Squid Game,Thriller,3159,2024-02-06 10:52:07
U00280,F003,Parasite,Thriller,2656,2024-02-06 11:24:16
U00452,F001,Inception,Science-Fiction,4363,2024-02-06 12:35:17
U00272,F009,The Office,Comédie,936,2024-02-06 12:40:49
U00982,F013,Stranger Things,Fantastique,1088,2024-02-06 13:00:13
U01503,F003,Parasite,Thriller,359,2024-02-06 13:29:26
U00773,F010,Breaking Bad,Thriller,2535,2024-02-06 13:53:38
U00590,F010,Breaking Bad,Thriller,306,2024-02-06 14:24:15
U01535,F001,Inception,Science-Fiction,3941,2024-02-06 14:48:30
U01716,F013,Stranger Things,Fantastique,1076,2024-02-06 16:43:10
U01818,F004,Interstellar,Science-Fiction,2197,2024-02-06 16:48:38
U01770,F005,Intouchables,Comédie dramatique,6708,2024-02-06 16:57:18
U00918,F008,Joker,Drame,871,2024-02-06 18:20:13
U00500,F007,Avengers Endgame,Action,8940,2024-02-06 19:12:50
U01008,F007,Avengers Endgame,Action,173,2024-02-06 19:23:53
U00832,F014,The Crown,Drame,1089,2024-02-06 21:12:08
U01351,F001,Inception,Science-Fiction,6565,2024-02-06 22:11:29
U00693,F007,Avengers Endgame,Action,10524,2024-02-06 23:43:15
U01317,F004,Interstellar,Science-Fiction,72,2024-02-07 01:05:24
U01416,F002,Le Seigneur des Anneaux,Fantasy,5373,2024-02-07 01:22:04
U00458,F011,Dark,Science-Fiction,1918,2024-02-07 01:57:38
U00031,F010,Breaking Bad,Thriller,1660,2024-02-07 02:39:09
U01654,F004,Interstellar,Science-Fiction,6913,2024-02-07 03:28:55
U01442,F001,Inception,Science-Fiction,4497,2024-02-07 03:33:28
U01819,F010,Breaking Bad,Thriller,552,2024-02-07 04:09:21
U01799,F008,Joker,Drame,483,2024-02-07 04:13:58
U01906,F012,Squid Game,Thriller,140,2024-02-07 04:55:21
U01731,F010,Breaking Bad,Thriller,1042,2024-02-07 05:13:55
U00778,F008,Joker,Drame,6060,2024-02-07 06:08:01
U00134,F006,La La Land,Romance,3564,2024-02-07 07:08:27
U00392,F012,Squid Game,Thriller,765,2024-02-07 10:13:28
U01402,F003,Parasite,Thriller,3946,2024-02-07 14:03:53
U00014,F015,Notre-Dame en Flammes,Documentaire,2706,2024-02-07 14:54:00
U01943,F007,Avengers Endgame,Action,1213,2024-02-07 15:03:15
U01887,F007,Avengers Endgame,Action,1311,2024-02-07 15:55:02
U00266,F004,Interstellar,Science-Fiction,2906,2024-02-07 17:28:55
U01938,F001,Inception,Science-Fiction,5391,2024-02-07 17:53:42
U01970,F001,Inception,Science-Fiction,861,2024-02-07 18:05:38
U00912,F005,Intouchables,Comédie dramatique,4013,2024-02-07 18:16:27
U00006,F012,Squid Game,Thriller,2456,2024-02-07 18:25:28
U01144,F008,Joker,Drame,104,2024-02-07 19:20:19
U00781,F004,Interstellar,Science-Fiction,9609,2024-02-07 22:47:15
U00820,F001,Inception,Science-Fiction,7288,2024-02-07 23:31:43
U01193,F003,Parasite,Thriller,5820,2024-02-08 01:18:46
U01126,F001,Inception,Science-Fiction,6493,2024-02-08 03:18:45
U00575,F012,Squid Game,Thriller,3052,2024-02-08 03:27:08
U00500,F008,Joker,Drame,5711,2024-02-08 03:56:41
U01455,F004,Interstellar,Science-Fiction,7479,2024-02-08 06:19:52
U00680,F014,The Crown,Drame,321,2024-02-08 07:04:47
U00456,F004,Interstellar,Science-Fiction,4485,2024-02-08 07:05:35
U00536,F005,Intouchables,Comédie dramatique,5268,2024-02-08 07:05:43
U01219,F012,Squid Game,Thriller,157,2024-02-08 07:19:59
U01728,F013,Stranger Things,Fantastique,2650,2024-02-08 08:41:59
U00371,F003,Parasite,Thriller,4649,2024-02-08 10:30:38
U01172,F012,Squid Game,Thriller,2894,2024-02-08 11:21:48
U01165,F008,Joker,Drame,6841,2024-02-08 12:55:26
U01492,F013,Stranger Things,Fantastique,1050,2024-02-08 13:32:05
U00977,F007,Avengers Endgame,Action,1938,2024-02-08 14:40:37
U00674,F009,The Office,Comédie,681,2024-02-08 15:02:01
U01064,F004,Interstellar,Science-Fiction,7465,2024-02-08 15:05:43
U00704,F013,Stranger Things,Fantastique,1534,2024-02-08 16:06:13
U01140,F011,Dark,Science-Fiction,225,2024-02-08 16:07:21
U01852,F004,Interstellar,Science-Fiction,2192,2024-02-08 16:08:00
U01864,F004,Interstellar,Science-Fiction,8081,2024-02-08 16:14:52
U01449,F010,Breaking Bad,Thriller,1907,2024-02-08 17:18:57
U01347,F007,Avengers Endgame,Action,6478,2024-02-08 18:11:19
U00980,F002,Le Seigneur des Anneaux,Fantasy,131,2024-02-08 18:54:39
U00899,F003,Parasite,Thriller,4506,2024-02-08 19:46:04
U00180,F001,Inception,Science-Fiction,7144,2024-02-08 19:48:00
U00878,F012,Squid Game,Thriller,996,2024-02-08 20:52:34
U01299,F010,Breaking Bad,Thriller,2474,2024-02-08 21:54:42
U00294,F001,Inception,Science-Fiction,3597,2024-02-08 22:14:48
U00693,F002,Le Seigneur des Anneaux,Fantasy,4722,2024-02-08 22:33:31
U00444,F010,Breaking Bad,Thriller,879,2024-02-09 00:58:16
U00108,F001,Inception,Science-Fiction,4169,2024-02-09 01:08:47
U01083,F004,Interstellar,Science-Fiction,5525,2024-02-09 03:00:56
U01260,F003,Parasite,Thriller,1001,2024-02-09 03:37:03
U00387,F011,Dark,Science-Fiction,671,2024-02-09 04:25:24
U01440,F010,Breaking Bad,Thriller,1331,2024-02-09 05:24:54
U00074,F008,Joker,Drame,2479,2024-02-09 05:41:11
U00574,F015,Notre-Dame en Flammes,Documentaire,2942,2024-02-09 09:29:18
U01462,F007,Avengers Endgame,Action,6411,2024-02-09 10:24:00
U01289,F010,Breaking Bad,Thriller,2578,2024-02-09 12:04:05
U01541,F010,Breaking Bad,Thriller,2532,2024-02-09 12:23:52
U00448,F006,La La Land,Romance,5856,2024-02-09 12:58:17
U01929,F010,Breaking Bad,Thriller,154,2024-02-09 13:47:20
U00866,F004,Interstellar,Science-Fiction,3057,2024-02-09 16:40:07
U01779,F010,Breaking Bad,Thriller,1057,2024-02-09 16:45:58
U00235,F001,Inception,Science-Fiction,8651,2024-02-09 18:12:24
U01322,F005,Intouchables,Comédie dramatique,3578,2024-02-09 19:08:01
U01544,F007,Avengers Endgame,Action,4007,2024-02-09 19:10:58
U00074,F012,Squid Game,Thriller,2728,2024-02-09 19:33:44
U01134,F004,Interstellar,Science-Fiction,8911,2024-02-09 20:11:10
U00957,F006,La La Land,Romance,4107,2024-02-09 20:26:33
U01073,F004,Interstellar,Science-Fiction,8560,2024-02-09 20:34:18
U00816,F014,The Crown,Drame,2948,2024-02-09 20:44:31
U01867,F005,Intouchables,Comédie dramatique,1076,2024-02-09 21:26:50
U01963,F012,Squid Game,Thriller,2133,2024-02-09 22:12:27
U00790,F004,Interstellar,Science-Fiction,2081,2024-02-09 23:17:08
U00455,F010,Breaking Bad,Thriller,406,2024-02-09 23:37:15
U01436,F011,Dark,Science-Fiction,1113,2024-02-10 00:06:59
U00103,F003,Parasite,Thriller,4009,2024-02-10 01:02:53
U00301,F012,Squid Game,Thriller,612,2024-02-10 01:33:08
U00883,F014,The Crown,Drame,69,2024-02-10 01:49:22
U00722,F007,Avengers Endgame,Action,3694,2024-02-10 03:20:43
U00070,F011,Dark,Science-Fiction,1939,2024-02-10 03:45:33
U01962,F009,The Office,Comédie,766,2024-02-10 03:51:06
U00599,F012,Squid Game,Thriller,2189,2024-02-10 05:02:02
U01624,F010,Breaking Bad,Thriller,438,2024-02-10 05:17:31
U00697,F012,Squid Game,Thriller,2535,2024-02-10 05:20:11
U01758,F013,Stranger Things,Fantastique,110,2024-02-10 05:43:39
U01564,F007,Avengers Endgame,Action,5078,2024-02-10 06:25:32
U00604,F003,Parasite,Thriller,2166,2024-02-10 06:29:41
U00272,F010,Breaking Bad,Thriller,111,2024-02-10 06:40:34
U00444,F001,Inception,Science-Fiction,5186,2024-02-10 06:49:44
U01886,F012,Squid Game,Thriller,3166,2024-02-10 07:49:50
U01579,F005,Intouchables,Comédie dramatique,3700,2024-02-10 08:40:58
U01555,F009,The Office,Comédie,974,2024-02-10 08:52:30
U01014,F003,Parasite,Thriller,1388,2024-02-10 09:01:41
U01657,F014,The Crown,Drame,1458,2024-02-10 10:22:39
U00892,F005,Intouchables,Comédie dramatique,2312,2024-02-10 12:19:08
U01080,F005,Intouchables,Comédie dramatique,5350,2024-02-10 12:23:48
U01427,F004,Interstellar,Science-Fiction,3516,2024-02-10 12:32:15
U00557,F005,Intouchables,Comédie dramatique,4489,2024-02-10 14:23:46
U00638,F005,Intouchables,Comédie dramatique,4217,2024-02-10 15:36:03
U01811,F012,Squid Game,Thriller,2605,2024-02-10 19:54:22
U00790,F007,Avengers Endgame,Action,6283,2024-02-10 20:21:36
U00699,F001,Inception,Science-Fiction,4315,2024-02-10 23:41:36
U01056,F007,Avengers Endgame,Action,6865,2024-02-11 01:06:47
U00523,F002,Le Seigneur des Anneaux,Fantasy,2641,2024-02-11 01:49:40
U01866,F004,Interstellar,Science-Fiction,7691,2024-02-11 02:30:47
U01436,F012,Squid Game,Thriller,157,2024-02-11 02:33:18
U01667,F003,Parasite,Thriller,7303,2024-02-11 02:41:52
U00104,F002,Le Seigneur des Anneaux,Fantasy,713,2024-02-11 03:18:37
U01751,F007,Avengers Endgame,Action,5554,2024-02-11 03:19:14
U01955,F010,Breaking Bad,Thriller,1649,2024-02-11 04:24:57
U00920,F004,Interstellar,Science-Fiction,234,2024-02-11 06:00:44
U00719,F002,Le Seigneur des Anneaux,Fantasy,84,2024-02-11 06:47:37
U01347,F015,Notre-Dame en Flammes,Documentaire,5089,2024-02-11 08:07:05
U01950,F008,Joker,Drame,4865,2024-02-11 08:37:19
U00147,F006,La La Land,Romance,1631,2024-02-11 08:45:28
U01392,F013,Stranger Things,Fantastique,143,2024-02-11 09:27:10
U01004,F006,La La Land,Romance,281,2024-02-11 09:39:29
U00112,F012,Squid Game,Thriller,212,2024-02-11 09:55:13
U01732,F004,Interstellar,Science-Fiction,8848,2024-02-11 10:04:49
U00419,F007,Avengers Endgame,Action,77,2024-02-11 10:32:41
U00337,F007,Avengers Endgame,Action,8812,2024-02-11 12:57:12
U00912,F007,Avengers Endgame,Action,6183,2024-02-11 13:04:37
U01029,F012,Squid Game,Thriller,2017,2024-02-11 13:27:55
U01746,F008,Joker,Drame,403,2024-02-11 13:58:24
U01269,F003,Parasite,Thriller,6222,2024-02-11 14:44:22
U00013,F008,Joker,Drame,1749,2024-02-11 14:50:29
U01519,F010,Breaking Bad,Thriller,31,2024-02-11 15:16:47
U00200,F012,Squid Game,Thriller,2567,2024-02-11 17:03:38
U01293,F012,Squid Game,Thriller,2307,2024-02-11 19:28:23
U00442,F007,Avengers Endgame,Action,8228,2024-02-11 20:26:58
U00963,F012,Squid Game,Thriller,111,2024-02-11 20:31:20
U01230,F005,Intouchables,Comédie dramatique,122,2024-02-11 22:38:15
U00012,F013,Stranger Things,Fantastique,1502,2024-02-11 23:18:35
U01328,F001,Inception,Science-Fiction,4407,2024-02-11 23:30:39
U00247,F010,Breaking Bad,Thriller,2322,2024-02-12 01:46:07
U00013,F011,Dark,Science-Fiction,1380,2024-02-12 01:52:30
U00158,F001,Inception,Science-Fiction,7368,2024-02-12 01:56:56
U01210,F001,Inception,Science-Fiction,1383,2024-02-12 03:56:48
U01319,F004,Interstellar,Science-Fiction,4152,2024-02-12 04:41:35
U01906,F002,Le Seigneur des Anneaux,Fantasy,3587,2024-02-12 05:16:52
U00206,F010,Breaking Bad,Thriller,153,2024-02-12 05:28:00
U01580,F003,Parasite,Thriller,2606,2024-02-12 07:28:23
U00715,F007,Avengers Endgame,Action,9268,2024-02-12 09:03:47
U01786,F006,La La Land,Romance,6367,2024-02-12 09:46:31
U00631,F010,Breaking Bad,Thriller,1532,2024-02-12 10:30:29
U01456,F013,Stranger Things,Fantastique,1202,2024-02-12 11:18:47
U01834,F012,Squid Game,Thriller,1824,2024-02-12 11:23:48
U01678,F004,Interstellar,Science-Fiction,925,2024-02-12 11:27:10
U00643,F010,Breaking Bad,Thriller,619,2024-02-12 15:48:04
U00126,F007,Avengers Endgame,Action,7952,2024-02-12 17:47:11
U01790,F013,Stranger Things,Fantastique,1073,2024-02-12 18:13:19
U00731,F004,Interstellar,Science-Fiction,3648,2024-02-12 19:15:52
U00695,F012,Squid Game,Thriller,1241,2024-02-12 19:25:41
U01442,F002,Le Seigneur des Anneaux,Fantasy,4417,2024-02-12 19:29:41
U01237,F015,Notre-Dame en Flammes,Documentaire,2251,2024-02-12 20:14:05
U01905,F012,Squid Game,Thriller,93,2024-02-12 20:48:19
U01705,F011,Dark,Science-Fiction,2384,2024-02-12 21:23:35
U01202,F012,Squid Game,Thriller,1934,2024-02-12 23:27:02
U00856,F001,Inception,Science-Fiction,4249,2024-02-13 00:23:50
U01914,F010,Breaking Bad,Thriller,52,2024-02-13 00:45:51
U00818,F008,Joker,Drame,7462,2024-02-13 01:25:29
U01079,F001,Inception,Science-Fiction,1931,2024-02-13 01:36:13
U01350,F001,Inception,Science-Fiction,3578,2024-02-13 01:38:15
U00048,F008,Joker,Drame,4233,2024-02-13 01:57:24
U00047,F009,The Office,Comédie,170,2024-02-13 04:45:13
U01697,F014,The Crown,Drame,425,2024-02-13 05:34:10
U00082,F013,Stranger Things,Fantastique,1460,2024-02-13 06:37:18
U00970,F010,Breaking Bad,Thriller,2097,2024-02-13 08:51:35
U00905,F007,Avengers Endgame,Action,379,2024-02-13 10:44:24
U01638,F007,Avengers Endgame,Action,4467,2024-02-13 11:50:39
U00731,F011,Dark,Science-Fiction,905,2024-02-13 13:10:25
U00915,F007,Avengers Endgame,Action,4921,2024-02-13 13:51:42
U00973,F004,Interstellar,Science-Fiction,4988,2024-02-13 14:12:30
U01404,F005,Intouchables,Comédie dramatique,3711,2024-02-13 15:22:49
U01803,F013,Stranger Things,Fantastique,329,2024-02-13 17:23:05
U00483,F003,Parasite,Thriller,4578,2024-02-13 18:42:58
U00335,F008,Joker,Drame,7069,2024-02-13 19:04:22
U00781,F005,Intouchables,Comédie dramatique,4104,2024-02-13 19:45:38
U00620,F010,Breaking Bad,Thriller,1389,2024-02-13 20:48:51
U01743,F007,Avengers Endgame,Action,1666,2024-02-13 21:45:48
U01341,F012,Squid Game,Thriller,801,2024-02-13 23:23:38
U00793,F001,Inception,Science-Fiction,4741,2024-02-14 00:32:49
U01619,F007,Avengers Endgame,Action,7758,2024-02-14 01:36:35
U01399,F013,Stranger Things,Fantastique,1413,2024-02-14 01:54:54
U01871,F015,Notre-Dame en Flammes,Documentaire,240,2024-02-14 02:19:36
U00584,F010,Breaking Bad,Thriller,536,2024-02-14 02:31:01
U00852,F008,Joker,Drame,6437,2024-02-14 03:03:19
U01091,F006,La La Land,Romance,1796,2024-02-14 03:33:47
U01132,F001,Inception,Science-Fiction,1643,2024-02-14 03:51:36
U00631,F004,Interstellar,Science-Fiction,4940,2024-02-14 05:02:07
U01514,F008,Joker,Drame,68,2024-02-14 05:21:43
U00235,F005,Intouchables,Comédie dramatique,2442,2024-02-14 05:27:14
U01082,F007,Avengers Endgame,Action,9853,2024-02-14 07:16:26
U00698,F003,Parasite,Thriller,274,2024-02-14 07:22:09
U00104,F014,The Crown,Drame,2735,2024-02-14 07:51:39
U00234,F004,Interstellar,Science-Fiction,9696,2024-02-14 09:15:15
U01372,F001,Inception,Science-Fiction,8426,2024-02-14 09:33:58
U01238,F007,Avengers Endgame,Action,9361,2024-02-14 09:35:58
U01157,F001,Inception,Science-Fiction,7696,2024-02-14 10:29:33
U00673,F001,Inception,Science-Fiction,4819,2024-02-14 10:38:10
U01189,F012,Squid Game,Thriller,77,2024-02-14 10:48:49
U00344,F008,Joker,Drame,6752,2024-02-14 11:31:25
U00377,F003,Parasite,Thriller,4755,2024-02-14 12:21:34
U01150,F012,Squid Game,Thriller,1668,2024-02-14 13:17:09
U00988,F003,Parasite,Thriller,218,2024-02-14 14:48:31
U01888,F008,Joker,Drame,2797,2024-02-14 14:59:17
U01058,F003,Parasite,Thriller,206,2024-02-14 15:34:13
U01352,F007,Avengers Endgame,Action,10268,2024-02-14 17:10:20
U01392,F015,Notre-Dame en Flammes,Documentaire,2813,2024-02-14 19:03:46
U00257,F006,La La Land,Romance,864,2024-02-14 21:18:48
U01942,F010,Breaking Bad,Thriller,1617,2024-02-14 21:30:13
U01478,F013,Stranger Things,Fantastique,547,2024-02-15 01:08:17
U00051,F007,Avengers Endgame,Action,1003,2024-02-15 01:50:40
U00944,F013,Stranger Things,Fantastique,2427,2024-02-15 03:41:56
U00714,F009,The Office,Comédie,845,2024-02-15 03:51:40
U01338,F010,Breaking Bad,Thriller,251,2024-02-15 05:09:49
U01577,F007,Avengers Endgame,Action,478,2024-02-15 05:28:29
U00883,F010,Breaking Bad,Thriller,2480,2024-02-15 06:32:15
U01296,F009,The Office,Comédie,361,2024-02-15 07:02:54
U00869,F003,Parasite,Thriller,542,2024-02-15 07:38:17
U00617,F013,Stranger Things,Fantastique,558,2024-02-15 08:55:35
U00340,F007,Avengers Endgame,Action,5175,2024-02-15 09:04:15
U01038,F007,Avengers Endgame,Action,214,2024-02-15 09:40:17
U00282,F006,La La Land,Romance,7236,2024-02-15 09:47:52
U00131,F004,Interstellar,Science-Fiction,8767,2024-02-15 09:58:00
U01946,F013,Stranger Things,Fantastique,801,2024-02-15 09:59:07
U00366,F009,The Office,Comédie,692,2024-02-15 12:26:58
U00432,F012,Squid Game,Thriller,100,2024-02-15 12:43:00
U00032,F003,Parasite,Thriller,3337,2024-02-15 13:27:58
U00654,F008,Joker,Drame,3061,2024-02-15 15:34:49
U01791,F007,Avengers Endgame,Action,2730,2024-02-15 15:57:20
U00464,F001,Inception,Science-Fiction,2011,2024-02-15 16:46:54
U01928,F001,Inception,Science-Fiction,3172,2024-02-15 17:10:45
U01606,F007,Avengers Endgame,Action,2875,2024-02-15 17:46:32
U00007,F013,Stranger Things,Fantastique,2799,2024-02-15 18:01:29
U00440,F007,Avengers Endgame,Action,3903,2024-02-15 18:09:13
U01259,F008,Joker,Drame,5092,2024-02-15 18:33:00
U01108,F012,Squid Game,Thriller,1472,2024-02-15 18:39:19
U00310,F010,Breaking Bad,Thriller,110,2024-02-15 20:34:40
U00849,F007,Avengers Endgame,Action,219,2024-02-15 21:56:59
U00777,F013,Stranger Things,Fantastique,225,2024-02-15 22:17:19
U00469,F012,Squid Game,Thriller,556,2024-02-15 23:57:45
U01643,F010,Breaking Bad,Thriller,360,2024-02-16 00:09:47
U01584,F013,Stranger Things,Fantastique,1312,2024-02-16 00:36:54
U01543,F006,La La Land,Romance,5963,2024-02-16 00:45:49
U00035,F011,Dark,Science-Fiction,1229,2024-02-16 01:54:04
U01746,F003,Parasite,Thriller,6221,2024-02-16 06:07:26
U00512,F006,La La Land,Romance,7368,2024-02-16 07:20:29
U00153,F003,Parasite,Thriller,2404,2024-02-16 08:27:29
U01247,F001,Inception,Science-Fiction,5878,2024-02-16 09:17:22
U00008,F007,Avengers Endgame,Action,10104,2024-02-16 11:08:42
U01535,F012,Squid Game,Thriller,921,2024-02-16 11:29:32
U01529,F008,Joker,Drame,206,2024-02-16 11:37:34
U01730,F013,Stranger Things,Fantastique,2380,2024-02-16 11:44:59
U01315,F014,The Crown,Drame,2946,2024-02-16 12:47:09
U01219,F001,Inception,Science-Fiction,7747,2024-02-16 13:25:27
U00286,F002,Le Seigneur des Anneaux,Fantasy,6606,2024-02-16 15:50:37
U01731,F007,Avengers Endgame,Action,329,2024-02-16 16:19:42
U01069,F003,Parasite,Thriller,376,2024-02-16 17:07:13
U00539,F007,Avengers Endgame,Action,7136,2024-02-16 17:30:37
U01323,F003,Parasite,Thriller,6438,2024-02-16 17:51:32
U00217,F002,Le Seigneur des Anneaux,Fantasy,3630,2024-02-16 21:20:52
U00109,F007,Avengers Endgame,Action,3900,2024-02-16 23:08:49
U00825,F001,Inception,Science-Fiction,4782,2024-02-16 23:23:56
U01247,F012,Squid Game,Thriller,1823,2024-02-16 23:25:33
U01883,F003,Parasite,Thriller,4523,2024-02-16 23:54:11
U00216,F001,Inception,Science-Fiction,3977,2024-02-17 00:30:33
U00608,F011,Dark,Science-Fiction,2031,2024-02-17 00:37:00
U00144,F007,Avengers Endgame,Action,276,2024-02-17 01:41:59
U00785,F011,Dark,Science-Fiction,1482,2024-02-17 02:25:16
U01068,F007,Avengers Endgame,Action,6197,2024-02-17 02:45:59
U00763,F013,Stranger Things,Fantastique,916,2024-02-17 03:41:53
U00835,F002,Le Seigneur des Anneaux,Fantasy,6251,2024-02-17 06:27:45
U00138,F007,Avengers Endgame,Action,173,2024-02-17 06:55:22
U00135,F001,Inception,Science-Fiction,1932,2024-02-17 08:44:15
U01835,F012,Squid Game,Thriller,1675,2024-02-17 08:45:50
U01259,F015,Notre-Dame en Flammes,Documentaire,4252,2024-02-17 10:11:13
U00852,F001,Inception,Science-Fiction,6038,2024-02-17 10:41:52
U01048,F004,Interstellar,Science-Fiction,5775,2024-02-17 10:53:38
U01361,F008,Joker,Drame,1808,2024-02-17 11:10:39
U00015,F012,Squid Game,Thriller,148,2024-02-17 13:18:21
U01499,F004,Interstellar,Science-Fiction,1379,2024-02-17 13:39:11
U00189,F013,Stranger Things,Fantastique,2119,2024-02-17 14:02:26
U01850,F008,Joker,Drame,184,2024-02-17 14:55:52
U01074,F013,Stranger Things,Fantastique,1766,2024-02-17 15:23:41
U00694,F003,Parasite,Thriller,5615,2024-02-17 16:13:34
U01702,F005,Intouchables,Comédie dramatique,1067,2024-02-17 18:41:08
U00256,F015,Notre-Dame en Flammes,Documentaire,3149,2024-02-17 19:05:21
U00504,F002,Le Seigneur des Anneaux,Fantasy,4283,2024-02-17 19:24:51
U00728,F001,Inception,Science-Fiction,8041,2024-02-17 19:28:09
U00289,F015,Notre-Dame en Flammes,Documentaire,4430,2024-02-17 19:29:41
U01744,F004,Interstellar,Science-Fiction,8403,2024-02-17 21:06:44
U01487,F009,The Office,Comédie,605,2024-02-17 21:32:43
U00617,F003,Parasite,Thriller,7203,2024-02-17 22:20:17
U00992,F007,Avengers Endgame,Action,8460,2024-02-17 23:07:43
U00467,F006,La La Land,Romance,5097,2024-02-18 00:10:44
U01500,F001,Inception,Science-Fiction,3203,2024-02-18 02:01:15
U01125,F014,The Crown,Drame,1332,2024-02-18 02:44:21
U00538,F004,Interstellar,Science-Fiction,8761,2024-02-18 05:24:46
U00251,F012,Squid Game,Thriller,1382,2024-02-18 06:13:43
U01534,F012,Squid Game,Thriller,2549,2024-02-18 07:03:36
U00700,F002,Le Seigneur des Anneaux,Fantasy,7408,2024-02-18 07:45:53
U00964,F006,La La Land,Romance,264,2024-02-18 09:21:49
U01111,F002,Le Seigneur des Anneaux,Fantasy,5214,2024-02-18 09:34:56
U01609,F008,Joker,Drame,1255,2024-02-18 10:11:15
U00542,F012,Squid Game,Thriller,2748,2024-02-18 11:27:50
U01000,F008,Joker,Drame,484,2024-02-18 12:28:43
U00965,F009,The Office,Comédie,728,2024-02-18 13:17:09
U00016,F007,Avengers Endgame,Action,9325,2024-02-18 13:39:32
U00953,F005,Intouchables,Comédie dramatique,800,2024-02-18 14:25:48
U00710,F007,Avengers Endgame,Action,8856,2024-02-18 15:22:30
U01755,F010,Breaking Bad,Thriller,1979,2024-02-18 16:17:32
U01997,F011,Dark,Science-Fiction,1471,2024-02-18 17:10:22
U00186,F007,Avengers Endgame,Action,1147,2024-02-18 17:16:41
U00729,F009,The Office,Comédie,769,2024-02-18 20:47:48
U01010,F011,Dark,Science-Fiction,1751,2024-02-18 20:50:54
U00783,F010,Breaking Bad,Thriller,1633,2024-02-18 21:23:12
U01310,F001,Inception,Science-Fiction,6250,2024-02-18 23:17:11
U01046,F004,Interstellar,Science-Fiction,4252,2024-02-18 23:26:12
U00412,F002,Le Seigneur des Anneaux,Fantasy,3109,2024-02-18 23:45:03
U01842,F001,Inception,Science-Fiction,4978,2024-02-19 00:11:27
U01705,F012,Squid Game,Thriller,2332,2024-02-19 00:38:45
U01310,F002,Le Seigneur des Anneaux,Fantasy,6524,2024-02-19 00:45:37
U00128,F009,The Office,Comédie,960,2024-02-19 01:09:49
U01700,F001,Inception,Science-Fiction,6862,2024-02-19 01:11:39
U00245,F012,Squid Game,Thriller,1022,2024-02-19 01:27:39
U00892,F011,Dark,Science-Fiction,102,2024-02-19 01:28:02
U01136,F010,Breaking Bad,Thriller,506,2024-02-19 02:06:51
U01971,F012,Squid Game,Thriller,874,2024-02-19 02:48:55
U00488,F002,Le Seigneur des Anneaux,Fantasy,10046,2024-02-19 02:49:06
U01511,F008,Joker,Drame,637,2024-02-19 06:03:37
U00173,F004,Interstellar,Science-Fiction,3102,2024-02-19 06:12:47
U01605,F007,Avengers Endgame,Action,111,2024-02-19 06:33:07
U01421,F012,Squid Game,Thriller,3067,2024-02-19 06:43:23
U00374,F012,Squid Game,Thriller,911,2024-02-19 07:31:42
U01994,F006,La La Land,Romance,2371,2024-02-19 08:52:52
U00940,F008,Joker,Drame,4556,2024-02-19 09:26:31
U00223,F010,Breaking Bad,Thriller,760,2024-02-19 09:46:53
U01772,F010,Breaking Bad,Thriller,965,2024-02-19 10:45:09
U01736,F001,Inception,Science-Fiction,167,2024-02-19 11:39:36
U00360,F001,Inception,Science-Fiction,63,2024-02-19 11:44:31
U00926,F003,Parasite,Thriller,7239,2024-02-19 12:42:34
U00744,F011,Dark,Science-Fiction,1411,2024-02-19 14:52:21
U01172,F011,Dark,Science-Fiction,1415,2024-02-19 15:45:15
U01093,F004,Interstellar,Science-Fiction,975,2024-02-19 15:57:09
U00289,F012,Squid Game,Thriller,318,2024-02-19 16:33:52
U02000,F013,Stranger Things,Fantastique,179,2024-02-19 17:15:33
U00205,F007,Avengers Endgame,Action,3583,2024-02-19 18:03:39
U00460,F001,Inception,Science-Fiction,3741,2024-02-19 19:52:37
U01499,F007,Avengers Endgame,Action,94,2024-02-19 20:41:42
U00761,F011,Dark,Science-Fiction,2161,2024-02-19 20:43:27
U00179,F003,Parasite,Thriller,3656,2024-02-19 20:58:52
U00778,F013,Stranger Things,Fantastique,2530,2024-02-19 21:44:41
U01447,F008,Joker,Drame,2702,2024-02-19 22:02:21
U00624,F001,Inception,Science-Fiction,6261,2024-02-19 23:42:21
U00133,F003,Parasite,Thriller,7274,2024-02-20 00:25:27
U01259,F011,Dark,Science-Fiction,2235,2024-02-20 01:31:11
U01982,F001,Inception,Science-Fiction,8089,2024-02-20 03:11:40
U01864,F006,La La Land,Romance,753,2024-02-20 03:39:01
U00423,F011,Dark,Science-Fiction,198,2024-02-20 04:22:27
U00853,F013,Stranger Things,Fantastique,2132,2024-02-20 04:39:46
U01941,F010,Breaking Bad,Thriller,2515,2024-02-20 05:21:05
U01977,F003,Parasite,Thriller,7704,2024-02-20 05:33:09
U01653,F013,Stranger Things,Fantastique,545,2024-02-20 05:57:40
U01566,F002,Le Seigneur des Anneaux,Fantasy,6061,2024-02-20 06:09:03
U01900,F007,Avengers Endgame,Action,7583,2024-02-20 06:18:00
U01857,F001,Inception,Science-Fiction,7613,2024-02-20 06:48:54
U01890,F013,Stranger Things,Fantastique,2448,2024-02-20 07:05:08
U00400,F004,Interstellar,Science-Fiction,3215,2024-02-20 07:11:05
U00279,F007,Avengers Endgame,Action,2412,2024-02-20 07:11:58
U00283,F004,Interstellar,Science-Fiction,9629,2024-02-20 08:05:19
U00717,F008,Joker,Drame,5007,2024-02-20 09:02:34
U01173,F005,Intouchables,Comédie dramatique,5619,2024-02-20 09:33:19
U00558,F007,Avengers Endgame,Action,6036,2024-02-20 10:47:58
U01845,F008,Joker,Drame,892,2024-02-20 11:36:52
U01391,F003,Parasite,Thriller,2717,2024-02-20 12:15:35
U00773,F001,Inception,Science-Fiction,2464,2024-02-20 12:18:28
U00175,F005,Intouchables,Comédie dramatique,3158,2024-02-20 15:11:04
U01460,F007,Avengers Endgame,Action,9255,2024-02-20 15:32:51
U01425,F010,Breaking Bad,Thriller,1191,2024-02-20 15:42:05
U00384,F007,Avengers Endgame,Action,150,2024-02-20 15:45:09
U00655,F013,Stranger Things,Fantastique,272,2024-02-20 16:56:50
U01471,F003,Parasite,Thriller,7070,2024-02-20 17:40:44
U01626,F002,Le Seigneur des Anneaux,Fantasy,143,2024-02-20 18:21:15
U00969,F003,Parasite,Thriller,6216,2024-02-20 18:22:38
U00903,F011,Dark,Science-Fiction,2016,2024-02-20 18:50:44
U01403,F012,Squid Game,Thriller,1799,2024-02-20 20:55:08
U00825,F007,Avengers Endgame,Action,2451,2024-02-20 21:14:00
U01750,F005,Intouchables,Comédie dramatique,2640,2024-02-20 22:18:20
U01403,F004,Interstellar,Science-Fiction,8727,2024-02-20 22:29:11
U00470,F004,Interstellar,Science-Fiction,1335,2024-02-20 23:35:28
U00852,F004,Interstellar,Science-Fiction,4128,2024-02-21 00:29:26
U01487,F013,Stranger Things,Fantastique,2236,2024-02-21 00:54:05
U01107,F004,Interstellar,Science-Fiction,511,2024-02-21 04:29:42
U01768,F014,The Crown,Drame,3039,2024-02-21 04:43:16
U01005,F013,Stranger Things,Fantastique,679,2024-02-21 04:56:45
U01841,F007,Avengers Endgame,Action,9174,2024-02-21 05:48:37
U00324,F001,Inception,Science-Fiction,4373,2024-02-21 07:36:17
U00505,F005,Intouchables,Comédie dramatique,2047,2024-02-21 08:46:39
U00312,F013,Stranger Things,Fantastique,2402,2024-02-21 10:00:47
U01668,F008,Joker,Drame,157,2024-02-21 10:30:36
U01036,F001,Inception,Science-Fiction,6504,2024-02-21 11:21:02
U00773,F007,Avengers Endgame,Action,10421,2024-02-21 13:52:30
U00808,F003,Parasite,Thriller,36,2024-02-21 15:06:34
U00165,F010,Breaking Bad,Thriller,2454,2024-02-21 15:33:17
U01402,F009,The Office,Comédie,270,2024-02-21 17:33:35
U00663,F004,Interstellar,Science-Fiction,3343,2024-02-21 19:39:18
U01544,F013,Stranger Things,Fantastique,711,2024-02-21 20:05:30
U00964,F012,Squid Game,Thriller,2956,2024-02-21 20:05:37
U01839,F002,Le Seigneur des Anneaux,Fantasy,2450,2024-02-21 20:38:49
U01946,F013,Stranger Things,Fantastique,95,2024-02-21 21:36:37
U00985,F007,Avengers Endgame,Action,3907,2024-02-21 21:49:56
U00273,F004,Interstellar,Science-Fiction,5952,2024-02-22 00:20:26
U00072,F010,Breaking Bad,Thriller,1245,2024-02-22 00:30:33
U01837,F009,The Office,Comédie,1056,2024-02-22 01:00:19
U00956,F008,Joker,Drame,560,2024-02-22 01:05:32
U00036,F012,Squid Game,Thriller,1140,2024-02-22 02:09:44
U00760,F011,Dark,Science-Fiction,1713,2024-02-22 05:20:23
U00460,F011,Dark,Science-Fiction,155,2024-02-22 06:35:53
U00930,F003,Parasite,Thriller,5538,2024-02-22 07:23:54
U00268,F002,Le Seigneur des Anneaux,Fantasy,6147,2024-02-22 07:38:48
U00092,F004,Interstellar,Science-Fiction,8400,2024-02-22 10:38:09
U01472,F004,Interstellar,Science-Fiction,9688,2024-02-22 10:55:24
U00071,F015,Notre-Dame en Flammes,Documentaire,4820,2024-02-22 11:05:24
U01285,F008,Joker,Drame,7063,2024-02-22 11:38:47
U00262,F008,Joker,Drame,4746,2024-02-22 12:48:37
U01595,F008,Joker,Drame,6048,2024-02-22 13:08:58
U01397,F004,Interstellar,Science-Fiction,5022,2024-02-22 13:38:06
U01551,F007,Avengers Endgame,Action,2924,2024-02-22 14:43:29
U00930,F010,Breaking Bad,Thriller,2205,2024-02-22 16:55:54
U00982,F013,Stranger Things,Fantastique,2762,2024-02-22 17:19:04
U01703,F011,Dark,Science-Fiction,2279,2024-02-22 17:36:21
U01817,F001,Inception,Science-Fiction,3593,2024-02-22 20:34:23
U01664,F010,Breaking Bad,Thriller,1402,2024-02-22 20:46:46
U01904,F012,Squid Game,Thriller,1097,2024-02-22 21:19:37
U01362,F011,Dark,Science-Fiction,2672,2024-02-22 23:21:44
U00139,F004,Interstellar,Science-Fiction,2509,2024-02-22 23:28:46
U01325,F013,Stranger Things,Fantastique,858,2024-02-22 23:37:32
U00662,F011,Dark,Science-Fiction,1535,2024-02-23 00:38:47
U00642,F001,Inception,Science-Fiction,154,2024-02-23 00:50:43
U01741,F002,Le Seigneur des Anneaux,Fantasy,1074,2024-02-23 01:11:22
U01970,F007,Avengers Endgame,Action,5769,2024-02-23 02:11:03
U01748,F013,Stranger Things,Fantastique,171,2024-02-23 02:13:08
U00001,F004,Interstellar,Science-Fiction,6669,2024-02-23 02:17:22
U00968,F004,Interstellar,Science-Fiction,1210,2024-02-23 03:12:54
U01594,F007,Avengers Endgame,Action,8400,2024-02-23 04:05:03
U01095,F008,Joker,Drame,3862,2024-02-23 04:27:40
U01792,F001,Inception,Science-Fiction,56,2024-02-23 04:41:55
U00462,F004,Interstellar,Science-Fiction,970,2024-02-23 06:36:33
U00580,F010,Breaking Bad,Thriller,1963,2024-02-23 06:57:14
U00513,F007,Avengers Endgame,Action,218,2024-02-23 07:37:02
U00665,F002,Le Seigneur des Anneaux,Fantasy,9811,2024-02-23 08:00:10
U00226,F013,Stranger Things,Fantastique,2173,2024-02-23 08:13:28
U00612,F006,La La Land,Romance,4427,2024-02-23 08:20:13
U01519,F010,Breaking Bad,Thriller,1684,2024-02-23 09:19:10
U00137,F005,Intouchables,Comédie dramatique,5897,2024-02-23 09:29:27
U01715,F007,Avengers Endgame,Action,9323,2024-02-23 10:32:30
U01756,F005,Intouchables,Comédie dramatique,1718,2024-02-23 11:08:27
U00986,F010,Breaking Bad,Thriller,797,2024-02-23 11:12:09
U00495,F007,Avengers Endgame,Action,245,2024-02-23 11:31:29
U00770,F013,Stranger Things,Fantastique,327,2024-02-23 13:01:18
U01788,F012,Squid Game,Thriller,3095,2024-02-23 15:01:19
U01901,F005,Intouchables,Comédie dramatique,2491,2024-02-23 16:29:46
U01020,F010,Breaking Bad,Thriller,969,2024-02-23 16:49:11
U01260,F010,Breaking Bad,Thriller,876,2024-02-23 18:04:17
U00841,F003,Parasite,Thriller,144,2024-02-23 19:35:06
U00770,F011,Dark,Science-Fiction,1546,2024-02-23 19:56:15
U00047,F002,Le Seigneur des Anneaux,Fantasy,3840,2024-02-23 19:58:52
U01879,F012,Squid Game,Thriller,2592,2024-02-23 20:43:39
U00188,F013,Stranger Things,Fantastique,2858,2024-02-23 20:51:43
U01194,F004,Interstellar,Science-Fiction,8273,2024-02-23 21:09:14
U00546,F003,Parasite,Thriller,7368,2024-02-23 22:02:40
U00668,F004,Interstellar,Science-Fiction,263,2024-02-23 22:08:15
U00801,F013,Stranger Things,Fantastique,2454,2024-02-23 23:25:27
U01350,F003,Parasite,Thriller,7183,2024-02-24 02:09:43
U01412,F002,Le Seigneur des Anneaux,Fantasy,628,2024-02-24 03:31:09
U01514,F010,Breaking Bad,Thriller,55,2024-02-24 06:11:31
U01584,F013,Stranger Things,Fantastique,2393,2024-02-24 07:09:00
U00793,F003,Parasite,Thriller,3692,2024-02-24 07:13:49
U01143,F008,Joker,Drame,187,2024-02-24 08:14:59
U00174,F013,Stranger Things,Fantastique,688,2024-02-24 08:21:46
U01197,F009,The Office,Comédie,477,2024-02-24 08:21:51
U01148,F001,Inception,Science-Fiction,4919,2024-02-24 09:01:10
U01124,F009,The Office,Comédie,1108,2024-02-24 11:16:42
U01388,F015,Notre-Dame en Flammes,Documentaire,394,2024-02-24 11:24:38
U01877,F009,The Office,Comédie,744,2024-02-24 11:58:31
U00510,F012,Squid Game,Thriller,171,2024-02-24 12:59:55
U00672,F001,Inception,Science-Fiction,5953,2024-02-24 14:35:51
U00133,F007,Avengers Endgame,Action,1466,2024-02-24 15:06:34
U01969,F002,Le Seigneur des Anneaux,Fantasy,5731,2024-02-24 16:49:39
U00475,F013,Stranger Things,Fantastique,2779,2024-02-24 16:56:05
U00496,F007,Avengers Endgame,Action,2330,2024-02-24 17:04:29
U01544,F001,Inception,Science-Fiction,2582,2024-02-24 18:14:39
U01820,F001,Inception,Science-Fiction,6859,2024-02-24 18:18:27
U01215,F003,Parasite,Thriller,170,2024-02-24 20:25:20
U01175,F012,Squid Game,Thriller,2105,2024-02-24 21:20:30
U00424,F007,Avengers Endgame,Action,7680,2024-02-24 23:24:18
U00253,F006,La La Land,Romance,4566,2024-02-25 00:36:39
U01680,F013,Stranger Things,Fantastique,1839,2024-02-25 00:49:05
U00295,F007,Avengers Endgame,Action,2559,2024-02-25 01:08:32
U00028,F007,Avengers Endgame,Action,4342,2024-02-25 01:17:13
U00532,F013,Stranger Things,Fantastique,1267,2024-02-25 01:22:27
U01396,F001,Inception,Science-Fiction,4029,2024-02-25 01:59:07
U00610,F011,Dark,Science-Fiction,1968,2024-02-25 02:01:36
U01911,F012,Squid Game,Thriller,1174,2024-02-25 03:29:03
U01566,F001,Inception,Science-Fiction,119,2024-02-25 04:30:51
U01500,F001,Inception,Science-Fiction,5967,2024-02-25 04:50:48
U00507,F011,Dark,Science-Fiction,2352,2024-02-25 05:08:08
U01198,F014,The Crown,Drame,1908,2024-02-25 05:29:07
U00869,F001,Inception,Science-Fiction,8508,2024-02-25 06:07:24
U01164,F008,Joker,Drame,4820,2024-02-25 06:34:24
U00024,F002,Le Seigneur des Anneaux,Fantasy,3461,2024-02-25 06:42:07
U00172,F012,Squid Game,Thriller,3253,2024-02-25 06:57:24
U00709,F009,The Office,Comédie,444,2024-02-25 07:53:20
U01286,F015,Notre-Dame en Flammes,Documentaire,37,2024-02-25 09:20:17
U01776,F004,Interstellar,Science-Fiction,6590,2024-02-25 12:08:01
U00099,F012,Squid Game,Thriller,1679,2024-02-25 12:25:55
U00291,F008,Joker,Drame,1549,2024-02-25 13:33:26
U00411,F004,Interstellar,Science-Fiction,8638,2024-02-25 14:56:45
U00898,F007,Avengers Endgame,Action,6436,2024-02-25 16:16:57
U00641,F002,Le Seigneur des Anneaux,Fantasy,8346,2024-02-25 16:41:54
U01520,F001,Inception,Science-Fiction,5907,2024-02-25 17:08:12
U01331,F007,Avengers Endgame,Action,177,2024-02-25 17:16:28
U01122,F007,Avengers Endgame,Action,1147,2024-02-25 18:14:15
U01572,F010,Breaking Bad,Thriller,2441,2024-02-25 19:26:16
U01771,F002,Le Seigneur des Anneaux,Fantasy,5623,2024-02-25 20:39:15
U00155,F008,Joker,Drame,2555,2024-02-25 20:59:35
U00910,F013,Stranger Things,Fantastique,192,2024-02-25 21:15:37
U01463,F006,La La Land,Romance,4904,2024-02-25 21:43:30
U00739,F002,Le Seigneur des Anneaux,Fantasy,5466,2024-02-25 22:50:11
U01262,F004,Interstellar,Science-Fiction,6073,2024-02-26 00:01:34
U00477,F007,Avengers Endgame,Action,8795,2024-02-26 00:20:58
U01551,F009,The Office,Comédie,1076,2024-02-26 01:06:50
U01857,F014,The Crown,Drame,2814,2024-02-26 04:11:06
U00138,F002,Le Seigneur des Anneaux,Fantasy,2581,2024-02-26 04:24:06
U00810,F001,Inception,Science-Fiction,7028,2024-02-26 04:42:32
U00965,F008,Joker,Drame,253,2024-02-26 06:57:02
U00277,F006,La La Land,Romance,6964,2024-02-26 08:55:06
U00375,F004,Interstellar,Science-Fiction,7489,2024-02-26 10:49:35
U00812,F012,Squid Game,Thriller,2044,2024-02-26 10:56:52
U01793,F003,Parasite,Thriller,4844,2024-02-26 11:00:32
U01743,F004,Interstellar,Science-Fiction,6152,2024-02-26 12:09:27
U00571,F007,Avengers Endgame,Action,9309,2024-02-26 12:17:12
U01631,F001,Inception,Science-Fiction,3828,2024-02-26 12:48:31
U01465,F012,Squid Game,Thriller,126,2024-02-26 12:49:23
U00622,F007,Avengers Endgame,Action,2768,2024-02-26 12:51:07
U00483,F007,Avengers Endgame,Action,7066,2024-02-26 15:21:43
U01385,F012,Squid Game,Thriller,2000,2024-02-26 17:47:21
U00795,F007,Avengers Endgame,Action,6040,2024-02-26 17:51:58
U01192,F009,The Office,Comédie,492,2024-02-26 18:54:53
U01297,F007,Avengers Endgame,Action,9982,2024-02-26 19:36:58
U00183,F005,Intouchables,Comédie dramatique,1419,2024-02-26 19:53:27
U01737,F013,Stranger Things,Fantastique,2799,2024-02-26 22:50:32
U00605,F015,Notre-Dame en Flammes,Documentaire,3350,2024-02-26 23:42:59
U00939,F001,Inception,Science-Fiction,613,2024-02-26 23:48:47
U01337,F015,Notre-Dame en Flammes,Documentaire,4333,2024-02-27 00:13:12
U00889,F013,Stranger Things,Fantastique,181,2024-02-27 00:48:58
U01780,F007,Avengers Endgame,Action,1729,2024-02-27 01:13:25
U01304,F006,La La Land,Romance,5853,2024-02-27 04:45:55
U01736,F007,Avengers Endgame,Action,2297,2024-02-27 05:19:34
U00318,F013,Stranger Things,Fantastique,2445,2024-02-27 07:02:07
U00076,F001,Inception,Science-Fiction,5404,2024-02-27 08:28:37
U00373,F010,Breaking Bad,Thriller,212,2024-02-27 08:48:58
U01289,F010,Breaking Bad,Thriller,2128,2024-02-27 09:22:09
U00018,F012,Squid Game,Thriller,109,2024-02-27 09:33:54
U01618,F003,Parasite,Thriller,6081,2024-02-27 09:48:10
U00231,F004,Interstellar,Science-Fiction,5059,2024-02-27 10:31:53
U01933,F001,Inception,Science-Fiction,7696,2024-02-27 10:57:21
U00423,F001,Inception,Science-Fiction,7080,2024-02-27 11:04:44
U00922,F013,Stranger Things,Fantastique,1664,2024-02-27 11:48:58
U00852,F001,Inception,Science-Fiction,7180,2024-02-27 13:01:25
U00914,F003,Parasite,Thriller,5469,2024-02-27 14:34:29
U00762,F015,Notre-Dame en Flammes,Documentaire,2893,2024-02-27 14:36:48
U01830,F012,Squid Game,Thriller,2130,2024-02-27 14:48:08
U01451,F002,Le Seigneur des Anneaux,Fantasy,3964,2024-02-27 15:02:46
U00154,F012,Squid Game,Thriller,1485,2024-02-27 17:22:58
U00779,F013,Stranger Things,Fantastique,552,2024-02-27 18:01:13
U00769,F001,Inception,Science-Fiction,5748,2024-02-27 19:49:22
U00734,F003,Parasite,Thriller,1382,2024-02-27 20:39:38
U00513,F001,Inception,Science-Fiction,8151,2024-02-27 21:03:14
U00865,F011,Dark,Science-Fiction,88,2024-02-27 21:04:58
U00401,F011,Dark,Science-Fiction,2633,2024-02-27 21:39:16
U01457,F007,Avengers Endgame,Action,10368,2024-02-27 22:39:45
U01707,F007,Avengers Endgame,Action,4588,2024-02-27 23:01:27
U00915,F008,Joker,Drame,3814,2024-02-27 23:30:01
U01153,F010,Breaking Bad,Thriller,1692,2024-02-27 23:32:35
U00712,F006,La La Land,Romance,3869,2024-02-28 00:17:51
U01309,F012,Squid Game,Thriller,2726,2024-02-28 00:18:01
U00038,F015,Notre-Dame en Flammes,Documentaire,2536,2024-02-28 02:28:42
U01903,F007,Avengers Endgame,Action,1805,2024-02-28 02:59:40
U01776,F009,The Office,Comédie,75,2024-02-28 03:02:10
U00972,F012,Squid Game,Thriller,2320,2024-02-28 03:29:27
U01380,F010,Breaking Bad,Thriller,1244,2024-02-28 04:46:41
U00207,F001,Inception,Science-Fiction,4509,2024-02-28 06:31:56
U01080,F007,Avengers Endgame,Action,949,2024-02-28 06:41:18
U00373,F004,Interstellar,Science-Fiction,530,2024-02-28 06:46:33
U01027,F002,Le Seigneur des Anneaux,Fantasy,7871,2024-02-28 06:51:30
U00807,F007,Avengers Endgame,Action,1305,2024-02-28 06:58:06
U00364,F007,Avengers Endgame,Action,747,2024-02-28 08:05:26
U00472,F001,Inception,Science-Fiction,6172,2024-02-28 08:20:31
U00419,F008,Joker,Drame,6875,2024-02-28 09:27:55
U00339,F008,Joker,Drame,2367,2024-02-28 10:10:28
U00799,F001,Inception,Science-Fiction,3799,2024-02-28 10:42:51
U00401,F010,Breaking Bad,Thriller,1852,2024-02-28 11:22:49
U00589,F007,Avengers Endgame,Action,6087,2024-02-28 11:28:54
U01122,F013,Stranger Things,Fantastique,129,2024-02-28 12:52:01
U01340,F005,Intouchables,Comédie dramatique,4005,2024-02-28 14:34:38
U01108,F015,Notre-Dame en Flammes,Documentaire,2688,2024-02-28 14:38:01
U00749,F001,Inception,Science-Fiction,5855,2024-02-28 15:46:56
U00074,F012,Squid Game,Thriller,2875,2024-02-28 15:53:36
U00229,F008,Joker,Drame,6836,2024-02-28 16:41:09
U00753,F007,Avengers Endgame,Action,1869,2024-02-28 16:54:08
U01871,F006,La La Land,Romance,357,2024-02-28 19:46:22
U01524,F001,Inception,Science-Fiction,401,2024-02-28 20:33:53
U00547,F013,Stranger Things,Fantastique,784,2024-02-28 21:58:24
U01684,F001,Inception,Science-Fiction,739,2024-02-28 22:11:53
U01097,F002,Le Seigneur des Anneaux,Fantasy,6371,2024-02-29 00:13:46
U01528,F013,Stranger Things,Fantastique,2000,2024-02-29 00:20:32
U00711,F011,Dark,Science-Fiction,1240,2024-02-29 00:57:53
U01871,F012,Squid Game,Thriller,1635,2024-02-29 01:43:27
U01742,F013,Stranger Things,Fantastique,2771,2024-02-29 03:06:24
U01261,F013,Stranger Things,Fantastique,2214,2024-02-29 03:11:56
U01339,F002,Le Seigneur des Anneaux,Fantasy,5423,2024-02-29 06:18:02
U00727,F013,Stranger Things,Fantastique,2621,2024-02-29 06:22:46
U00597,F010,Breaking Bad,Thriller,982,2024-02-29 07:17:16
U00431,F010,Breaking Bad,Thriller,37,2024-02-29 07:21:55
U00055,F015,Notre-Dame en Flammes,Documentaire,1639,2024-02-29 07:36:31
U00612,F012,Squid Game,Thriller,2057,2024-02-29 08:33:54
U00053,F006,La La Land,Romance,6240,2024-02-29 10:30:59
U00898,F004,Interstellar,Science-Fiction,262,2024-02-29 16:22:11
U00248,F004,Interstellar,Science-Fiction,2933,2024-02-29 17:51:27
U01151,F007,Avengers Endgame,Action,7962,2024-02-29 18:09:40
U00398,F001,Inception,Science-Fiction,6633,2024-02-29 18:17:33
U01285,F011,Dark,Science-Fiction,2234,2024-02-29 18:43:36
U01300,F001,Inception,Science-Fiction,6518,2024-02-29 19:05:31
U01558,F013,Stranger Things,Fantastique,2782,2024-02-29 19:22:26
U01146,F010,Breaking Bad,Thriller,305,2024-02-29 19:36:26
U01897,F013,Stranger Things,Fantastique,1185,2024-02-29 19:48:44
U01181,F007,Avengers Endgame,Action,2346,2024-02-29 20:16:42
U01757,F003,Parasite,Thriller,155,2024-02-29 20:40:10
U00286,F008,Joker,Drame,2997,2024-02-29 20:43:08
U01564,F011,Dark,Science-Fiction,2446,2024-02-29 21:28:11
U00345,F004,Interstellar,Science-Fiction,1034,2024-02-29 21:30:11
U01138,F005,Intouchables,Comédie dramatique,5068,2024-02-29 21:52:31
U00709,F007,Avengers Endgame,Action,10097,2024-02-29 22:01:18
U00905,F011,Dark,Science-Fiction,503,2024-02-29 22:08:25
U01620,F003,Parasite,Thriller,3992,2024-03-01 00:37:27
U01741,F004,Interstellar,Science-Fiction,81,2024-03-01 01:46:50
U01134,F007,Avengers Endgame,Action,10142,2024-03-01 02:02:46
U00538,F001,Inception,Science-Fiction,4744,2024-03-01 02:32:23
U01275,F010,Breaking Bad,Thriller,2318,2024-03-01 04:42:44
U00293,F007,Avengers Endgame,Action,4855,2024-03-01 04:55:15
U00930,F014,The Crown,Drame,927,2024-03-01 05:17:37
U00669,F003,Parasite,Thriller,3180,2024-03-01 06:44:48
U01664,F012,Squid Game,Thriller,920,2024-03-01 07:26:00
U01028,F001,Inception,Science-Fiction,662,2024-03-01 08:17:00
U00153,F013,Stranger Things,Fantastique,85,2024-03-01 08:31:52
U00225,F014,The Crown,Drame,2058,2024-03-01 09:45:23
U01111,F010,Breaking Bad,Thriller,1506,2024-03-01 10:00:16
U00874,F013,Stranger Things,Fantastique,2341,2024-03-01 10:35:26
U00452,F004,Interstellar,Science-Fiction,3539,2024-03-01 10:41:01
U00435,F015,Notre-Dame en Flammes,Documentaire,2437,2024-03-01 10:50:45
U01357,F001,Inception,Science-Fiction,4930,2024-03-01 12:54:13
U01910,F012,Squid Game,Thriller,1737,2024-03-01 13:29:43
U00498,F003,Parasite,Thriller,7567,2024-03-01 14:35:04
U00378,F007,Avengers Endgame,Action,9192,2024-03-01 14:36:22
U01653,F004,Interstellar,Science-Fiction,5466,2024-03-01 16:17:51
U01627,F006,La La Land,Romance,105,2024-03-01 16:54:57
U00167,F002,Le Seigneur des Anneaux,Fantasy,914,2024-03-01 18:59:23
U00105,F003,Parasite,Thriller,3945,2024-03-01 20:43:48
U00110,F010,Breaking Bad,Thriller,618,2024-03-01 20:50:16
U00693,F003,Parasite,Thriller,1396,2024-03-01 20:50:54
U00302,F004,Interstellar,Science-Fiction,1076,2024-03-01 21:42:24
U00168,F007,Avengers Endgame,Action,4507,2024-03-01 22:12:38
U01550,F007,Avengers Endgame,Action,9141,2024-03-01 23:02:45
U00855,F007,Avengers Endgame,Action,9514,2024-03-01 23:11:18
U00137,F004,Interstellar,Science-Fiction,5840,2024-03-02 01:20:27
U01298,F007,Avengers Endgame,Action,4057,2024-03-02 01:58:46
U01747,F004,Interstellar,Science-Fiction,5142,2024-03-02 02:31:58
U00583,F002,Le Seigneur des Anneaux,Fantasy,2429,2024-03-02 03:01:07
U01970,F013,Stranger Things,Fantastique,2367,2024-03-02 03:02:52
U00033,F001,Inception,Science-Fiction,392,2024-03-02 04:11:15
U01621,F012,Squid Game,Thriller,3242,2024-03-02 06:22:14
U00778,F010,Breaking Bad,Thriller,1038,2024-03-02 06:38:48
U00835,F001,Inception,Science-Fiction,1690,2024-03-02 10:16:31
U00984,F003,Parasite,Thriller,156,2024-03-02 12:04:21
U01994,F008,Joker,Drame,6717,2024-03-02 12:11:29
U00215,F008,Joker,Drame,3842,2024-03-02 15:39:42
U01135,F010,Breaking Bad,Thriller,1266,2024-03-02 16:28:33
U01985,F011,Dark,Science-Fiction,1295,2024-03-02 17:07:11
U01920,F012,Squid Game,Thriller,2168,2024-03-02 17:17:51
U01411,F013,Stranger Things,Fantastique,2058,2024-03-02 17:46:38
U01095,F010,Breaking Bad,Thriller,2179,2024-03-02 20:50:09
U01840,F012,Squid Game,Thriller,2580,2024-03-02 21:06:02
U00307,F007,Avengers Endgame,Action,3578,2024-03-02 21:09:52
U00484,F001,Inception,Science-Fiction,187,2024-03-03 00:40:07
U01084,F007,Avengers Endgame,Action,3788,2024-03-03 00:54:36
U01047,F015,Notre-Dame en Flammes,Documentaire,4306,2024-03-03 01:17:33
U00676,F012,Squid Game,Thriller,2412,2024-03-03 01:25:05
U01653,F001,Inception,Science-Fiction,5732,2024-03-03 02:46:35
U00185,F007,Avengers Endgame,Action,4310,2024-03-03 04:42:49
U01542,F011,Dark,Science-Fiction,1701,2024-03-03 05:37:00
U01896,F001,Inception,Science-Fiction,7925,2024-03-03 05:46:12
U00274,F005,Intouchables,Comédie dramatique,3489,2024-03-03 06:13:14
U01993,F003,Parasite,Thriller,5169,2024-03-03 06:47:25
U01610,F004,Interstellar,Science-Fiction,5316,2024-03-03 10:11:12
U01270,F003,Parasite,Thriller,757,2024-03-03 10:50:22
U00846,F013,Stranger Things,Fantastique,1731,2024-03-03 12:12:12
U01301,F015,Notre-Dame en Flammes,Documentaire,2834,2024-03-03 12:37:16
U01082,F001,Inception,Science-Fiction,2256,2024-03-03 13:22:26
U01259,F007,Avengers Endgame,Action,8046,2024-03-03 14:46:18
U01097,F004,Interstellar,Science-Fiction,6147,2024-03-03 15:00:10
U01885,F001,Inception,Science-Fiction,121,2024-03-03 15:45:11
U00487,F007,Avengers Endgame,Action,6071,2024-03-03 16:32:36
U00870,F001,Inception,Science-Fiction,36,2024-03-03 17:51:59
U00622,F013,Stranger Things,Fantastique,1448,2024-03-03 17:57:35
U00834,F015,Notre-Dame en Flammes,Documentaire,4232,2024-03-03 19:41:57
U01663,F004,Interstellar,Science-Fiction,8489,2024-03-03 20:24:18
U01851,F009,The Office,Comédie,923,2024-03-03 21:37:58
U01621,F012,Squid Game,Thriller,1984,2024-03-03 21:49:42
U01355,F009,The Office,Comédie,392,2024-03-03 22:25:27
U01709,F007,Avengers Endgame,Action,5582,2024-03-03 23:21:42
U01570,F008,Joker,Drame,4441,2024-03-04 00:15:13
U00197,F015,Notre-Dame en Flammes,Documentaire,274,2024-03-04 02:44:10
U01395,F007,Avengers Endgame,Action,2845,2024-03-04 03:46:24
U00982,F011,Dark,Science-Fiction,1811,2024-03-04 04:04:06
U01595,F012,Squid Game,Thriller,174,2024-03-04 05:02:12
U01050,F010,Breaking Bad,Thriller,162,2024-03-04 05:50:46
U00573,F010,Breaking Bad,Thriller,650,2024-03-04 06:10:58
U00288,F001,Inception,Science-Fiction,3191,2024-03-04 09:04:21
U01266,F012,Squid Game,Thriller,1012,2024-03-04 09:16:15
U00831,F014,The Crown,Drame,1983,2024-03-04 12:11:15
U01081,F015,Notre-Dame en Flammes,Documentaire,1554,2024-03-04 12:42:45
U01784,F001,Inception,Science-Fiction,3192,2024-03-04 13:29:28
U01746,F007,Avengers Endgame,Action,9088,2024-03-04 15:34:55
U01977,F002,Le Seigneur des Anneaux,Fantasy,5597,2024-03-04 16:50:12
U01040,F001,Inception,Science-Fiction,6991,2024-03-04 18:04:15
U01530,F010,Breaking Bad,Thriller,1627,2024-03-04 18:48:39
U00296,F011,Dark,Science-Fiction,2646,2024-03-04 20:45:51
U00653,F014,The Crown,Drame,2098,2024-03-04 23:24:48
U00367,F004,Interstellar,Science-Fiction,5785,2024-03-04 23:43:56
U00624,F008,Joker,Drame,2329,2024-03-04 23:57:45
U01849,F013,Stranger Things,Fantastique,2206,2024-03-05 00:22:14
U00389,F001,Inception,Science-Fiction,2838,2024-03-05 01:37:04
U01552,F006,La La Land,Romance,6076,2024-03-05 01:58:06
U01754,F007,Avengers Endgame,Action,9860,2024-03-05 02:13:09
U00117,F001,Inception,Science-Fiction,3490,2024-03-05 03:43:30
U01265,F012,Squid Game,Thriller,2178,2024-03-05 05:03:39
U00797,F007,Avengers Endgame,Action,388,2024-03-05 06:38:40
U01238,F001,Inception,Science-Fiction,8043,2024-03-05 07:33:29
U00211,F008,Joker,Drame,5086,2024-03-05 07:59:56
U01018,F013,Stranger Things,Fantastique,575,2024-03-05 09:29:04
U01966,F012,Squid Game,Thriller,395,2024-03-05 10:20:12
U00196,F005,Intouchables,Comédie dramatique,3594,2024-03-05 10:34:18
U00722,F004,Interstellar,Science-Fiction,4451,2024-03-05 10:43:23
U00661,F008,Joker,Drame,2963,2024-03-05 10:43:32
U00719,F012,Squid Game,Thriller,2526,2024-03-05 11:03:38
U01502,F007,Avengers Endgame,Action,8779,2024-03-05 11:26:01
U00777,F012,Squid Game,Thriller,93,2024-03-05 11:42:30
U01070,F004,Interstellar,Science-Fiction,139,2024-03-05 12:18:58
U00589,F004,Interstellar,Science-Fiction,1132,2024-03-05 13:19:16
U01992,F012,Squid Game,Thriller,1180,2024-03-05 13:30:41
U01985,F002,Le Seigneur des Anneaux,Fantasy,6303,2024-03-05 13:31:42
U01181,F005,Intouchables,Comédie dramatique,5446,2024-03-05 14:49:34
U01500,F006,La La Land,Romance,157,2024-03-05 15:30:32
U01018,F007,Avengers Endgame,Action,8241,2024-03-05 17:04:41
U00601,F015,Notre-Dame en Flammes,Documentaire,1483,2024-03-05 17:45:42
U01382,F007,Avengers Endgame,Action,5091,2024-03-05 18:04:34
U01698,F003,Parasite,Thriller,7419,2024-03-05 19:46:52
U01952,F004,Interstellar,Science-Fiction,7013,2024-03-05 20:12:27
U00302,F002,Le Seigneur des Anneaux,Fantasy,6756,2024-03-05 22:05:19
U00854,F004,Interstellar,Science-Fiction,3387,2024-03-05 23:06:51
U00723,F014,The Crown,Drame,2392,2024-03-06 01:17:21
U01654,F007,Avengers Endgame,Action,7199,2024-03-06 01:25:39
U01316,F004,Interstellar,Science-Fiction,5320,2024-03-06 02:08:56
U00519,F007,Avengers Endgame,Action,8241,2024-03-06 02:42:03
U01917,F007,Avengers Endgame,Action,10684,2024-03-06 03:53:35
U01547,F001,Inception,Science-Fiction,3623,2024-03-06 05:53:53
U00653,F004,Interstellar,Science-Fiction,379,2024-03-06 07:28:54
U01425,F001,Inception,Science-Fiction,1431,2024-03-06 07:44:04
U00192,F003,Parasite,Thriller,3719,2024-03-06 08:37:23
U00764,F002,Le Seigneur des Anneaux,Fantasy,223,2024-03-06 09:25:50
U01161,F005,Intouchables,Comédie dramatique,2054,2024-03-06 11:50:03
U01646,F001,Inception,Science-Fiction,159,2024-03-06 12:39:07
U01510,F005,Intouchables,Comédie dramatique,4964,2024-03-06 13:04:42
U00197,F003,Parasite,Thriller,7051,2024-03-06 13:49:07
U00269,F003,Parasite,Thriller,288,2024-03-06 15:03:07
U01235,F015,Notre-Dame en Flammes,Documentaire,2011,2024-03-06 15:45:17
U00551,F009,The Office,Comédie,1027,2024-03-06 16:36:38
U01005,F007,Avengers Endgame,Action,8345,2024-03-06 17:40:14
U00035,F007,Avengers Endgame,Action,6497,2024-03-06 18:38:20
U00901,F014,The Crown,Drame,1565,2024-03-06 19:26:39
U00488,F005,Intouchables,Comédie dramatique,190,2024-03-06 19:32:05
U00514,F012,Squid Game,Thriller,3074,2024-03-06 20:56:47
U00867,F001,Inception,Science-Fiction,7456,2024-03-06 21:19:10
U01834,F001,Inception,Science-Fiction,190,2024-03-06 21:52:58
U01197,F001,Inception,Science-Fiction,3334,2024-03-06 23:20:59
U00501,F007,Avengers Endgame,Action,6935,2024-03-07 00:21:44
U01926,F004,Interstellar,Science-Fiction,752,2024-03-07 01:27:22
U00653,F004,Interstellar,Science-Fiction,205,2024-03-07 01:29:43
U01194,F013,Stranger Things,Fantastique,1963,2024-03-07 03:29:39
U01705,F011,Dark,Science-Fiction,512,2024-03-07 05:27:38
U00444,F007,Avengers Endgame,Action,9405,2024-03-07 05:47:51
U01192,F007,Avengers Endgame,Action,4294,2024-03-07 06:21:42
U01579,F002,Le Seigneur des Anneaux,Fantasy,4998,2024-03-07 06:33:53
U00315,F012,Squid Game,Thriller,387,2024-03-07 07:09:20
U01230,F007,Avengers Endgame,Action,135,2024-03-07 08:16:17
U01313,F002,Le Seigneur des Anneaux,Fantasy,6603,2024-03-07 11:42:19
U00280,F001,Inception,Science-Fiction,3726,2024-03-07 11:42:42
U01932,F010,Breaking Bad,Thriller,801,2024-03-07 12:23:54
U01268,F006,La La Land,Romance,4074,2024-03-07 13:00:56
U01971,F007,Avengers Endgame,Action,6223,2024-03-07 13:47:03
U01460,F007,Avengers Endgame,Action,10122,2024-03-07 14:06:53
U01229,F013,Stranger Things,Fantastique,525,2024-03-07 14:24:26
U00256,F007,Avengers Endgame,Action,4759,2024-03-07 15:27:27
U00867,F012,Squid Game,Thriller,837,2024-03-07 15:34:26
U00397,F004,Interstellar,Science-Fiction,8329,2024-03-07 15:36:38
U00987,F007,Avengers Endgame,Action,5887,2024-03-07 16:38:37
U00048,F007,Avengers Endgame,Action,2101,2024-03-07 17:41:11
U00856,F004,Interstellar,Science-Fiction,2960,2024-03-07 17:58:26
U01590,F011,Dark,Science-Fiction,1122,2024-03-07 18:12:05
U01554,F005,Intouchables,Comédie dramatique,709,2024-03-07 20:32:04
U01342,F007,Avengers Endgame,Action,5766,2024-03-07 21:01:04
U01685,F010,Breaking Bad,Thriller,1845,2024-03-07 21:58:44
U00296,F003,Parasite,Thriller,139,2024-03-07 22:48:13
U01674,F002,Le Seigneur des Anneaux,Fantasy,7061,2024-03-07 22:54:27
U01360,F007,Avengers Endgame,Action,1111,2024-03-07 23:03:07
U00762,F008,Joker,Drame,5527,2024-03-07 23:04:14
U01734,F007,Avengers Endgame,Action,7006,2024-03-07 23:12:56
U01514,F012,Squid Game,Thriller,243,2024-03-08 00:55:35
U01478,F001,Inception,Science-Fiction,1183,2024-03-08 01:09:13
U01484,F005,Intouchables,Comédie dramatique,248,2024-03-08 02:40:47
U01013,F015,Notre-Dame en Flammes,Documentaire,70,2024-03-08 03:26:37
U00357,F002,Le Seigneur des Anneaux,Fantasy,7037,2024-03-08 03:44:17
U01050,F013,Stranger Things,Fantastique,1952,2024-03-08 04:05:58
U01775,F005,Intouchables,Comédie dramatique,2053,2024-03-08 05:01:47
U00161,F001,Inception,Science-Fiction,1976,2024-03-08 06:26:55
U01647,F004,Interstellar,Science-Fiction,340,2024-03-08 06:55:29
U00322,F004,Interstellar,Science-Fiction,1989,2024-03-08 07:23:44
U01877,F003,Parasite,Thriller,4208,2024-03-08 07:49:05
U01927,F004,Interstellar,Science-Fiction,5257,2024-03-08 09:02:44
U00033,F012,Squid Game,Thriller,44,2024-03-08 09:09:38
U01146,F004,Interstellar,Science-Fiction,7252,2024-03-08 11:16:58
U01664,F005,Intouchables,Comédie dramatique,914,2024-03-08 11:43:00
U01557,F014,The Crown,Drame,3402,2024-03-08 11:49:10
U00342,F011,Dark,Science-Fiction,507,2024-03-08 11:55:54
U00323,F010,Breaking Bad,Thriller,2656,2024-03-08 14:38:44
U01667,F002,Le Seigneur des Anneaux,Fantasy,9547,2024-03-08 14:47:17
U00378,F003,Parasite,Thriller,158,2024-03-08 14:48:45
U01733,F014,The Crown,Drame,2586,2024-03-08 14:53:22
U00381,F001,Inception,Science-Fiction,5802,2024-03-08 15:11:25
U01488,F012,Squid Game,Thriller,2458,2024-03-08 15:14:44
U00408,F008,Joker,Drame,6015,2024-03-08 18:49:11
U01906,F013,Stranger Things,Fantastique,1900,2024-03-08 21:23:11
U01302,F002,Le Seigneur des Anneaux,Fantasy,9551,2024-03-08 21:31:08
U00104,F010,Breaking Bad,Thriller,2452,2024-03-08 21:37:02
U00014,F006,La La Land,Romance,5507,2024-03-08 22:07:15
U01842,F013,Stranger Things,Fantastique,2519,2024-03-08 22:40:23
U00635,F007,Avengers Endgame,Action,7052,2024-03-09 00:16:14
U01493,F003,Parasite,Thriller,120,2024-03-09 03:13:49
U00691,F011,Dark,Science-Fiction,1745,2024-03-09 03:43:52
U01207,F013,Stranger Things,Fantastique,2075,2024-03-09 04:44:22
U00672,F002,Le Seigneur des Anneaux,Fantasy,3827,2024-03-09 05:35:39
U00891,F011,Dark,Science-Fiction,889,2024-03-09 05:54:08
U00089,F004,Interstellar,Science-Fiction,8475,2024-03-09 08:12:38
U00060,F004,Interstellar,Science-Fiction,9401,2024-03-09 08:18:04
U00719,F010,Breaking Bad,Thriller,2150,2024-03-09 08:32:04
U01141,F007,Avengers Endgame,Action,4220,2024-03-09 09:20:41
U00727,F013,Stranger Things,Fantastique,1795,2024-03-09 09:22:27
U00618,F011,Dark,Science-Fiction,174,2024-03-09 09:43:02
U01756,F004,Interstellar,Science-Fiction,222,2024-03-09 09:48:51
U01546,F006,La La Land,Romance,2885,2024-03-09 13:23:46
U01639,F014,The Crown,Drame,34,2024-03-09 14:05:56
U00942,F011,Dark,Science-Fiction,715,2024-03-09 14:12:06
U01753,F002,Le Seigneur des Anneaux,Fantasy,6025,2024-03-09 15:42:39
U01401,F008,Joker,Drame,7073,2024-03-09 16:37:17
U01423,F008,Joker,Drame,5213,2024-03-09 16:40:43
U01400,F013,Stranger Things,Fantastique,2615,2024-03-09 17:05:28
U01413,F003,Parasite,Thriller,5366,2024-03-09 18:15:01
U00010,F013,Stranger Things,Fantastique,2117,2024-03-09 18:17:52
U00107,F004,Interstellar,Science-Fiction,8094,2024-03-09 18:31:38
U00264,F012,Squid Game,Thriller,68,2024-03-09 18:45:32
U00463,F012,Squid Game,Thriller,708,2024-03-09 18:48:15
U00481,F013,Stranger Things,Fantastique,972,2024-03-09 19:57:57
U01863,F010,Breaking Bad,Thriller,1316,2024-03-09 20:14:23
U00815,F012,Squid Game,Thriller,1595,2024-03-09 20:17:18
U01947,F011,Dark,Science-Fiction,211,2024-03-09 20:47:11
U01282,F010,Breaking Bad,Thriller,2668,2024-03-09 21:54:28
U01773,F013,Stranger Things,Fantastique,675,2024-03-09 22:00:37
U00710,F012,Squid Game,Thriller,225,2024-03-09 22:26:11
U00970,F007,Avengers Endgame,Action,8156,2024-03-10 00:05:21
U01776,F004,Interstellar,Science-Fiction,7249,2024-03-10 00:59:02
U01254,F005,Intouchables,Comédie dramatique,1103,2024-03-10 01:01:44
U01316,F007,Avengers Endgame,Action,9869,2024-03-10 02:13:25
U00682,F015,Notre-Dame en Flammes,Documentaire,1384,2024-03-10 02:25:22
U00768,F012,Squid Game,Thriller,2089,2024-03-10 02:35:59
U00238,F007,Avengers Endgame,Action,10460,2024-03-10 03:04:57
U00247,F007,Avengers Endgame,Action,3152,2024-03-10 03:11:45
U00385,F005,Intouchables,Comédie dramatique,3541,2024-03-10 04:11:57
U00506,F007,Avengers Endgame,Action,4375,2024-03-10 04:53:54
U01214,F002,Le Seigneur des Anneaux,Fantasy,7633,2024-03-10 06:06:42
U01043,F012,Squid Game,Thriller,1487,2024-03-10 07:07:39
U01768,F002,Le Seigneur des Anneaux,Fantasy,203,2024-03-10 07:32:12
U01473,F003,Parasite,Thriller,4967,2024-03-10 08:07:36
U01683,F012,Squid Game,Thriller,1816,2024-03-10 09:04:14
U00010,F001,Inception,Science-Fiction,51,2024-03-10 10:30:46
U00396,F007,Avengers Endgame,Action,5422,2024-03-10 11:26:57
U00279,F004,Interstellar,Science-Fiction,6939,2024-03-10 11:43:32
U01117,F001,Inception,Science-Fiction,5711,2024-03-10 11:49:17
U00095,F007,Avengers Endgame,Action,1529,2024-03-10 12:02:12
U01595,F011,Dark,Science-Fiction,1903,2024-03-10 12:07:32
U01298,F008,Joker,Drame,7187,2024-03-10 13:10:42
U01905,F012,Squid Game,Thriller,2532,2024-03-10 13:43:14
U01657,F010,Breaking Bad,Thriller,839,2024-03-10 14:19:10
U01423,F005,Intouchables,Comédie dramatique,332,2024-03-10 14:41:46
U01723,F012,Squid Game,Thriller,2402,2024-03-10 15:10:18
U00033,F012,Squid Game,Thriller,33,2024-03-10 16:14:56
U01682,F007,Avengers Endgame,Action,3754,2024-03-10 17:13:43
U00168,F011,Dark,Science-Fiction,266,2024-03-10 17:32:51
U01324,F007,Avengers Endgame,Action,6387,2024-03-10 19:35:26
U00304,F004,Interstellar,Science-Fiction,5415,2024-03-10 20:35:28
U01008,F003,Parasite,Thriller,1341,2024-03-10 20:46:20
U00234,F013,Stranger Things,Fantastique,1417,2024-03-10 21:02:35
U01197,F012,Squid Game,Thriller,2361,2024-03-10 21:36:24
U00481,F008,Joker,Drame,2990,2024-03-10 22:19:16
U00947,F010,Breaking Bad,Thriller,2360,2024-03-10 23:25:16
U00843,F003,Parasite,Thriller,7567,2024-03-11 00:19:56
U01788,F010,Breaking Bad,Thriller,317,2024-03-11 01:04:55
U01280,F007,Avengers Endgame,Action,9945,2024-03-11 03:19:18
U00255,F011,Dark,Science-Fiction,540,2024-03-11 03:54:43
U01837,F001,Inception,Science-Fiction,3491,2024-03-11 03:59:22
U01007,F009,The Office,Comédie,649,2024-03-11 04:15:52
U01430,F008,Joker,Drame,739,2024-03-11 05:37:49
U01459,F010,Breaking Bad,Thriller,1700,2024-03-11 06:31:34
U01753,F003,Parasite,Thriller,1504,2024-03-11 07:27:06
U01882,F006,La La Land,Romance,5121,2024-03-11 07:53:05
U00853,F013,Stranger Things,Fantastique,1197,2024-03-11 09:28:15
U01635,F006,La La Land,Romance,163,2024-03-11 09:59:01
U01734,F009,The Office,Comédie,772,2024-03-11 11:54:29
U00358,F013,Stranger Things,Fantastique,2809,2024-03-11 12:46:17
U00172,F009,The Office,Comédie,266,2024-03-11 13:50:14
U00909,F003,Parasite,Thriller,236,2024-03-11 14:26:10
U00478,F009,The Office,Comédie,443,2024-03-11 14:47:18
U00777,F004,Interstellar,Science-Fiction,2962,2024-03-11 14:52:13
U00889,F005,Intouchables,Comédie dramatique,5807,2024-03-11 16:19:42
U01906,F007,Avengers Endgame,Action,76,2024-03-11 21:01:56
U00120,F001,Inception,Science-Fiction,8672,2024-03-11 23:31:23
U00746,F014,The Crown,Drame,1456,2024-03-11 23:33:39
U01805,F013,Stranger Things,Fantastique,2445,2024-03-12 00:29:21
U00217,F008,Joker,Drame,7341,2024-03-12 00:32:04
U01829,F014,The Crown,Drame,3094,2024-03-12 00:36:42
U01674,F012,Squid Game,Thriller,364,2024-03-12 01:25:35
U01308,F004,Interstellar,Science-Fiction,7653,2024-03-12 02:24:32
U01130,F006,La La Land,Romance,7521,2024-03-12 03:20:55
U00609,F007,Avengers Endgame,Action,9931,2024-03-12 05:09:09
U00549,F013,Stranger Things,Fantastique,447,2024-03-12 05:32:31
U00393,F003,Parasite,Thriller,2028,2024-03-12 06:13:56
U00407,F003,Parasite,Thriller,2179,2024-03-12 06:42:54
U00618,F004,Interstellar,Science-Fiction,5969,2024-03-12 07:54:06
U01957,F003,Parasite,Thriller,7311,2024-03-12 08:04:21
U01203,F007,Avengers Endgame,Action,1670,2024-03-12 09:56:36
U01562,F013,Stranger Things,Fantastique,1745,2024-03-12 09:59:51
U01113,F007,Avengers Endgame,Action,252,2024-03-12 10:34:48
U00314,F013,Stranger Things,Fantastique,1901,2024-03-12 10:39:39
U00860,F007,Avengers Endgame,Action,7585,2024-03-12 11:44:02
U00740,F013,Stranger Things,Fantastique,739,2024-03-12 12:18:34
U00979,F002,Le Seigneur des Anneaux,Fantasy,6800,2024-03-12 13:12:41
U00679,F012,Squid Game,Thriller,1119,2024-03-12 13:16:59
U01645,F014,The Crown,Drame,3224,2024-03-12 13:27:20
U00392,F011,Dark,Science-Fiction,2530,2024-03-12 14:20:25
U01660,F012,Squid Game,Thriller,2949,2024-03-12 14:31:32
U01126,F001,Inception,Science-Fiction,6620,2024-03-12 14:35:24
U00783,F010,Breaking Bad,Thriller,509,2024-03-12 15:13:08
U00981,F001,Inception,Science-Fiction,3479,2024-03-12 15:27:45
U01817,F008,Joker,Drame,1326,2024-03-12 16:50:45
U01120,F012,Squid Game,Thriller,3104,2024-03-12 17:45:31
U00035,F011,Dark,Science-Fiction,2426,2024-03-12 18:08:52
U00471,F012,Squid Game,Thriller,155,2024-03-12 18:43:01
U01532,F002,Le Seigneur des Anneaux,Fantasy,5232,2024-03-12 19:11:23
U01848,F007,Avengers Endgame,Action,4063,2024-03-12 20:35:10
U00836,F007,Avengers Endgame,Action,8251,2024-03-12 23:09:42
U01925,F004,Interstellar,Science-Fiction,204,2024-03-12 23:43:29
U00106,F006,La La Land,Romance,6521,2024-03-13 01:24:54
U00611,F003,Parasite,Thriller,5494,2024-03-13 01:37:36
U01443,F002,Le Seigneur des Anneaux,Fantasy,6004,2024-03-13 01:40:57
U00468,F005,Intouchables,Comédie dramatique,5128,2024-03-13 03:12:07
U00876,F013,Stranger Things,Fantastique,2132,2024-03-13 07:04:04
U01871,F005,Intouchables,Comédie dramatique,2539,2024-03-13 07:08:37
U01903,F007,Avengers Endgame,Action,1977,2024-03-13 07:12:00
U01636,F011,Dark,Science-Fiction,1109,2024-03-13 07:43:25
U01692,F008,Joker,Drame,394,2024-03-13 08:20:45
U00613,F007,Avengers Endgame,Action,180,2024-03-13 08:53:18
U00591,F010,Breaking Bad,Thriller,1067,2024-03-13 09:22:27
U00065,F013,Stranger Things,Fantastique,2732,2024-03-13 09:36:42
U01093,F005,Intouchables,Comédie dramatique,1072,2024-03-13 10:34:57
U01422,F002,Le Seigneur des Anneaux,Fantasy,4565,2024-03-13 10:39:57
U01430,F011,Dark,Science-Fiction,1919,2024-03-13 10:58:53
U00974,F010,Breaking Bad,Thriller,2049,2024-03-13 11:03:18
U01978,F014,The Crown,Drame,1243,2024-03-13 11:47:16
U01690,F012,Squid Game,Thriller,1655,2024-03-13 13:03:10
U00355,F007,Avengers Endgame,Action,1449,2024-03-13 15:53:06
U00864,F007,Avengers Endgame,Action,1120,2024-03-13 16:00:20
U00091,F001,Inception,Science-Fiction,731,2024-03-13 17:15:46
U01055,F007,Avengers Endgame,Action,5304,2024-03-13 17:40:45
U00880,F001,Inception,Science-Fiction,3712,2024-03-13 17:53:31
U00425,F008,Joker,Drame,1069,2024-03-13 18:22:24
U00253,F002,Le Seigneur des Anneaux,Fantasy,6752,2024-03-13 18:59:12
U00710,F010,Breaking Bad,Thriller,2405,2024-03-13 19:42:07
U00661,F001,Inception,Science-Fiction,3117,2024-03-13 21:56:26
U00142,F010,Breaking Bad,Thriller,504,2024-03-13 22:41:08
U01476,F010,Breaking Bad,Thriller,1368,2024-03-13 23:06:02
U01692,F004,Interstellar,Science-Fiction,5621,2024-03-13 23:41:15
U01579,F013,Stranger Things,Fantastique,1503,2024-03-13 23:56:43
U00806,F010,Breaking Bad,Thriller,2604,2024-03-14 00:04:56
U01329,F010,Breaking Bad,Thriller,2195,2024-03-14 00:17:34
U01380,F008,Joker,Drame,67,2024-03-14 01:48:32
U01808,F012,Squid Game,Thriller,207,2024-03-14 02:12:26
U01117,F003,Parasite,Thriller,869,2024-03-14 02:24:04
U00085,F007,Avengers Endgame,Action,10799,2024-03-14 02:31:08
U00505,F005,Intouchables,Comédie dramatique,2310,2024-03-14 03:27:27
U01639,F010,Breaking Bad,Thriller,1484,2024-03-14 03:34:57
U01344,F010,Breaking Bad,Thriller,1961,2024-03-14 03:38:35
U01347,F010,Breaking Bad,Thriller,575,2024-03-14 04:25:25
U00331,F007,Avengers Endgame,Action,3544,2024-03-14 05:25:57
U01497,F011,Dark,Science-Fiction,59,2024-03-14 05:26:23
U01886,F003,Parasite,Thriller,1174,2024-03-14 06:30:14
U00371,F013,Stranger Things,Fantastique,2409,2024-03-14 09:05:02
U00861,F007,Avengers Endgame,Action,7848,2024-03-14 10:10:23
U01286,F006,La La Land,Romance,2375,2024-03-14 12:09:47
U01655,F011,Dark,Science-Fiction,800,2024-03-14 13:19:13
U00620,F001,Inception,Science-Fiction,2115,2024-03-14 13:26:38
U00199,F001,Inception,Science-Fiction,3456,2024-03-14 13:53:56
U01040,F010,Breaking Bad,Thriller,190,2024-03-14 13:57:20
U01636,F007,Avengers Endgame,Action,6192,2024-03-14 14:19:44
U00605,F008,Joker,Drame,4284,2024-03-14 16:03:52
U00625,F007,Avengers Endgame,Action,2728,2024-03-14 16:14:34
U00794,F007,Avengers Endgame,Action,5863,2024-03-14 17:32:00
U00890,F002,Le Seigneur des Anneaux,Fantasy,135,2024-03-14 18:46:53
U01483,F010,Breaking Bad,Thriller,2011,2024-03-14 19:12:37
U00600,F001,Inception,Science-Fiction,5719,2024-03-14 21:44:15
U00206,F013,Stranger Things,Fantastique,2090,2024-03-14 22:38:39
U00969,F003,Parasite,Thriller,1967,2024-03-14 22:44:56
U01202,F014,The Crown,Drame,3474,2024-03-14 22:58:11
U01207,F006,La La Land,Romance,5076,2024-03-15 00:15:57
U01527,F012,Squid Game,Thriller,2212,2024-03-15 00:54:58
U01683,F010,Breaking Bad,Thriller,86,2024-03-15 02:14:19
U00754,F008,Joker,Drame,298,2024-03-15 03:23:34
U00328,F001,Inception,Science-Fiction,237,2024-03-15 03:24:45
U01043,F004,Interstellar,Science-Fiction,7594,2024-03-15 03:37:00
U01766,F007,Avengers Endgame,Action,7305,2024-03-15 04:19:55
U00551,F004,Interstellar,Science-Fiction,61,2024-03-15 04:43:56
U01152,F011,Dark,Science-Fiction,1389,2024-03-15 04:58:10
U00341,F008,Joker,Drame,1159,2024-03-15 05:43:51
U01409,F010,Breaking Bad,Thriller,480,2024-03-15 05:44:14
U00741,F013,Stranger Things,Fantastique,2670,2024-03-15 06:14:19
U00895,F004,Interstellar,Science-Fiction,9421,2024-03-15 07:48:50
U01138,F002,Le Seigneur des Anneaux,Fantasy,8558,2024-03-15 07:54:38
U00454,F010,Breaking Bad,Thriller,2082,2024-03-15 09:01:05
U00248,F010,Breaking Bad,Thriller,679,2024-03-15 09:17:28
U00134,F008,Joker,Drame,6900,2024-03-15 12:24:02
U00110,F007,Avengers Endgame,Action,340,2024-03-15 14:05:37
U01589,F005,Intouchables,Comédie dramatique,4103,2024-03-15 15:21:43
U01209,F001,Inception,Science-Fiction,2077,2024-03-15 15:22:16
U00899,F006,La La Land,Romance,6136,2024-03-15 15:47:54
U01903,F007,Avengers Endgame,Action,5679,2024-03-15 15:51:31
U01288,F008,Joker,Drame,6174,2024-03-15 16:15:34
U00043,F008,Joker,Drame,7119,2024-03-15 16:40:16
U00488,F001,Inception,Science-Fiction,3482,2024-03-15 17:58:01
U00152,F006,La La Land,Romance,5692,2024-03-15 18:28:35
U00993,F012,Squid Game,Thriller,2919,2024-03-15 20:08:52
U00325,F007,Avengers Endgame,Action,1296,2024-03-15 21:26:53
U00304,F001,Inception,Science-Fiction,30,2024-03-15 22:31:23
U01132,F013,Stranger Things,Fantastique,1422,2024-03-15 23:53:00
U01905,F006,La La Land,Romance,68,2024-03-16 01:45:38
U01611,F002,Le Seigneur des Anneaux,Fantasy,5144,2024-03-16 02:21:04
U01546,F003,Parasite,Thriller,239,2024-03-16 02:49:00
U00404,F012,Squid Game,Thriller,101,2024-03-16 04:00:29
U00569,F007,Avengers Endgame,Action,4820,2024-03-16 06:04:10
U01021,F007,Avengers Endgame,Action,630,2024-03-16 06:38:08
U00758,F001,Inception,Science-Fiction,7901,2024-03-16 07:34:25
U01511,F013,Stranger Things,Fantastique,2188,2024-03-16 07:43:15
U01482,F013,Stranger Things,Fantastique,727,2024-03-16 09:21:11
U00031,F002,Le Seigneur des Anneaux,Fantasy,2701,2024-03-16 09:39:09
U00333,F002,Le Seigneur des Anneaux,Fantasy,4681,2024-03-16 09:47:58
U00505,F004,Interstellar,Science-Fiction,190,2024-03-16 10:26:50
U00443,F005,Intouchables,Comédie dramatique,511,2024-03-16 11:02:07
U00420,F013,Stranger Things,Fantastique,1027,2024-03-16 11:16:36
U00062,F007,Avengers Endgame,Action,255,2024-03-16 11:58:17
U00733,F003,Parasite,Thriller,173,2024-03-16 12:25:02
U00558,F010,Breaking Bad,Thriller,71,2024-03-16 14:37:05
U00635,F004,Interstellar,Science-Fiction,2220,2024-03-16 14:43:04
U01374,F010,Breaking Bad,Thriller,157,2024-03-16 16:37:32
U01780,F007,Avengers Endgame,Action,2078,2024-03-16 17:08:34
U01005,F009,The Office,Comédie,1107,2024-03-16 17:09:09
U01652,F007,Avengers Endgame,Action,195,2024-03-16 17:54:00
U00515,F013,Stranger Things,Fantastique,2470,2024-03-16 19:41:36
U01711,F007,Avengers Endgame,Action,206,2024-03-16 21:19:35
U01368,F014,The Crown,Drame,2995,2024-03-16 21:23:03
U01149,F013,Stranger Things,Fantastique,2441,2024-03-16 21:44:42
U00960,F011,Dark,Science-Fiction,2519,2024-03-16 22:48:04
U01431,F007,Avengers Endgame,Action,132,2024-03-17 00:13:24
U01591,F005,Intouchables,Comédie dramatique,293,2024-03-17 00:35:32
U00172,F004,Interstellar,Science-Fiction,7859,2024-03-17 00:46:32
U01941,F008,Joker,Drame,5370,2024-03-17 01:18:06
U00767,F003,Parasite,Thriller,4003,2024-03-17 01:19:28
U00964,F006,La La Land,Romance,6234,2024-03-17 02:09:52
U00596,F001,Inception,Science-Fiction,8298,2024-03-17 02:31:25
U01834,F007,Avengers Endgame,Action,4212,2024-03-17 02:44:51
U01844,F005,Intouchables,Comédie dramatique,712,2024-03-17 04:11:56
U00215,F007,Avengers Endgame,Action,6693,2024-03-17 04:29:43
U00478,F009,The Office,Comédie,1263,2024-03-17 04:30:06
U01156,F005,Intouchables,Comédie dramatique,2858,2024-03-17 05:21:26
U00647,F004,Interstellar,Science-Fiction,464,2024-03-17 05:21:56
U00178,F014,The Crown,Drame,1885,2024-03-17 05:49:29
U00039,F011,Dark,Science-Fiction,1437,2024-03-17 06:07:26
U01100,F013,Stranger Things,Fantastique,67,2024-03-17 06:49:17
U00973,F001,Inception,Science-Fiction,7867,2024-03-17 07:39:33
U01037,F015,Notre-Dame en Flammes,Documentaire,1135,2024-03-17 07:50:22
U00548,F003,Parasite,Thriller,3419,2024-03-17 08:56:16
U00208,F005,Intouchables,Comédie dramatique,6046,2024-03-17 09:41:44
U01065,F013,Stranger Things,Fantastique,2813,2024-03-17 12:30:01
U01638,F012,Squid Game,Thriller,967,2024-03-17 12:51:55
U00419,F012,Squid Game,Thriller,749,2024-03-17 14:40:34
U00657,F008,Joker,Drame,3648,2024-03-17 14:58:01
U00028,F002,Le Seigneur des Anneaux,Fantasy,6701,2024-03-17 15:35:58
U01246,F014,The Crown,Drame,3507,2024-03-17 15:43:10
U00874,F004,Interstellar,Science-Fiction,6577,2024-03-17 17:24:19
U01511,F001,Inception,Science-Fiction,2012,2024-03-17 18:10:54
U00644,F001,Inception,Science-Fiction,2560,2024-03-17 19:26:58
U01163,F001,Inception,Science-Fiction,5856,2024-03-17 20:11:19
U01521,F013,Stranger Things,Fantastique,1949,2024-03-17 21:02:24
U00242,F002,Le Seigneur des Anneaux,Fantasy,8628,2024-03-17 22:18:47
U00914,F008,Joker,Drame,3648,2024-03-17 22:51:54
U01322,F007,Avengers Endgame,Action,140,2024-03-18 00:29:14
U00926,F001,Inception,Science-Fiction,523,2024-03-18 01:15:53
U00465,F015,Notre-Dame en Flammes,Documentaire,2901,2024-03-18 01:42:27
U01800,F011,Dark,Science-Fiction,2592,2024-03-18 03:15:43
U00658,F007,Avengers Endgame,Action,3028,2024-03-18 06:40:34
U01895,F013,Stranger Things,Fantastique,1044,2024-03-18 07:37:10
U00501,F005,Intouchables,Comédie dramatique,5286,2024-03-18 08:29:26
U01139,F007,Avengers Endgame,Action,6581,2024-03-18 09:12:54
U01582,F013,Stranger Things,Fantastique,2127,2024-03-18 10:14:51
U00615,F010,Breaking Bad,Thriller,2290,2024-03-18 10:54:15
U00125,F001,Inception,Science-Fiction,3734,2024-03-18 11:04:53
U01535,F001,Inception,Science-Fiction,1719,2024-03-18 11:19:39
U01987,F007,Avengers Endgame,Action,2759,2024-03-18 11:25:25
U00299,F007,Avengers Endgame,Action,7372,2024-03-18 13:12:03
U00414,F013,Stranger Things,Fantastique,788,2024-03-18 16:00:06
U01510,F002,Le Seigneur des Anneaux,Fantasy,6374,2024-03-18 17:49:22
U00811,F002,Le Seigneur des Anneaux,Fantasy,105,2024-03-18 19:55:27
U00061,F001,Inception,Science-Fiction,5879,2024-03-18 20:49:52
U00822,F003,Parasite,Thriller,231,2024-03-19 00:04:17
U01030,F006,La La Land,Romance,5013,2024-03-19 00:44:18
U00931,F004,Interstellar,Science-Fiction,8571,2024-03-19 00:44:50
U01231,F007,Avengers Endgame,Action,2107,2024-03-19 01:34:43
U00518,F007,Avengers Endgame,Action,7307,2024-03-19 03:15:08
U00720,F005,Intouchables,Comédie dramatique,143,2024-03-19 03:45:05
U00550,F008,Joker,Drame,598,2024-03-19 03:49:22
U01469,F005,Intouchables,Comédie dramatique,6615,2024-03-19 03:55:25
U00966,F001,Inception,Science-Fiction,2287,2024-03-19 04:36:36
U00548,F015,Notre-Dame en Flammes,Documentaire,3351,2024-03-19 05:48:17
U00607,F001,Inception,Science-Fiction,6092,2024-03-19 06:57:48
U01506,F007,Avengers Endgame,Action,7005,2024-03-19 07:38:13
U00416,F007,Avengers Endgame,Action,7716,2024-03-19 08:00:20
U00624,F007,Avengers Endgame,Action,4309,2024-03-19 08:01:43
U00764,F004,Interstellar,Science-Fiction,286,2024-03-19 08:06:12
U00894,F007,Avengers Endgame,Action,6028,2024-03-19 08:20:54
U01540,F007,Avengers Endgame,Action,4117,2024-03-19 10:08:25
U01893,F001,Inception,Science-Fiction,4771,2024-03-19 10:43:54
U01711,F013,Stranger Things,Fantastique,364,2024-03-19 11:30:47
U01274,F007,Avengers Endgame,Action,3435,2024-03-19 12:09:58
U01640,F007,Avengers Endgame,Action,3837,2024-03-19 12:21:14
U01587,F015,Notre-Dame en Flammes,Documentaire,1269,2024-03-19 12:26:19
U01805,F007,Avengers Endgame,Action,9304,2024-03-19 12:29:49
U01757,F002,Le Seigneur des Anneaux,Fantasy,3804,2024-03-19 13:44:32
U00400,F010,Breaking Bad,Thriller,130,2024-03-19 14:06:03
U00770,F013,Stranger Things,Fantastique,1546,2024-03-19 15:59:27
U01283,F003,Parasite,Thriller,7893,2024-03-19 18:42:53
U01075,F011,Dark,Science-Fiction,1317,2024-03-19 19:56:08
U01747,F001,Inception,Science-Fiction,7362,2024-03-19 20:09:46
U01171,F013,Stranger Things,Fantastique,2072,2024-03-19 20:14:23
U00748,F010,Breaking Bad,Thriller,1153,2024-03-19 20:52:05
U01587,F012,Squid Game,Thriller,2809,2024-03-19 21:29:25
U01628,F004,Interstellar,Science-Fiction,3710,2024-03-19 21:58:41
U01265,F006,La La Land,Romance,6501,2024-03-19 23:12:27
U00744,F012,Squid Game,Thriller,186,2024-03-19 23:41:34
U00869,F015,Notre-Dame en Flammes,Documentaire,3579,2024-03-20 01:06:19
U01193,F001,Inception,Science-Fiction,5228,2024-03-20 01:07:36
U00550,F002,Le Seigneur des Anneaux,Fantasy,9789,2024-03-20 01:07:57
U01292,F004,Interstellar,Science-Fiction,692,2024-03-20 01:34:09
U01708,F001,Inception,Science-Fiction,2668,2024-03-20 03:55:31
U01400,F004,Interstellar,Science-Fiction,7307,2024-03-20 05:25:34
U01746,F001,Inception,Science-Fiction,8271,2024-03-20 05:38:26
U01039,F007,Avengers Endgame,Action,7401,2024-03-20 05:48:30
U00599,F010,Breaking Bad,Thriller,1173,2024-03-20 06:17:15
U00069,F006,La La Land,Romance,2355,2024-03-20 07:10:32
U01435,F012,Squid Game,Thriller,163,2024-03-20 07:39:18
U00452,F005,Intouchables,Comédie dramatique,3391,2024-03-20 09:21:41
U01982,F009,The Office,Comédie,1075,2024-03-20 10:55:03
U00027,F004,Interstellar,Science-Fiction,8691,2024-03-20 11:25:11
U00076,F005,Intouchables,Comédie dramatique,3852,2024-03-20 11:29:51
U01324,F009,The Office,Comédie,399,2024-03-20 12:31:36
U01606,F001,Inception,Science-Fiction,7907,2024-03-20 13:44:19
U00957,F007,Avengers Endgame,Action,35,2024-03-20 13:57:54
U01172,F003,Parasite,Thriller,4518,2024-03-20 14:18:46
U01158,F013,Stranger Things,Fantastique,389,2024-03-20 14:21:34
U01052,F011,Dark,Science-Fiction,1613,2024-03-20 15:00:49
U00796,F012,Squid Game,Thriller,1130,2024-03-20 15:48:31
U01612,F004,Interstellar,Science-Fiction,9515,2024-03-20 16:39:16
U00022,F011,Dark,Science-Fiction,2582,2024-03-20 18:28:40
U01375,F001,Inception,Science-Fiction,5256,2024-03-20 18:32:58
U00782,F008,Joker,Drame,5331,2024-03-20 18:41:10
U00055,F012,Squid Game,Thriller,2267,2024-03-20 18:53:34
U01040,F008,Joker,Drame,6294,2024-03-20 19:06:55
U00254,F007,Avengers Endgame,Action,1554,2024-03-20 19:21:05
U00283,F004,Interstellar,Science-Fiction,6158,2024-03-20 19:26:38
U00437,F012,Squid Game,Thriller,512,2024-03-20 20:08:25
U00373,F003,Parasite,Thriller,5043,2024-03-20 20:10:53
U01267,F001,Inception,Science-Fiction,8528,2024-03-20 20:20:56
U00821,F001,Inception,Science-Fiction,4364,2024-03-20 20:43:06
U00597,F005,Intouchables,Comédie dramatique,4161,2024-03-20 20:54:20
U00369,F009,The Office,Comédie,922,2024-03-20 21:00:05
U01556,F012,Squid Game,Thriller,3230,2024-03-20 21:57:18
U00596,F001,Inception,Science-Fiction,2595,2024-03-20 21:57:54
U00196,F015,Notre-Dame en Flammes,Documentaire,1323,2024-03-20 22:15:25
U00563,F001,Inception,Science-Fiction,2946,2024-03-21 03:07:31
U01801,F002,Le Seigneur des Anneaux,Fantasy,4076,2024-03-21 05:30:11
U01380,F001,Inception,Science-Fiction,141,2024-03-21 06:38:24
U01600,F001,Inception,Science-Fiction,5742,2024-03-21 06:47:40
U00564,F007,Avengers Endgame,Action,1495,2024-03-21 07:20:34
U00243,F012,Squid Game,Thriller,1729,2024-03-21 11:25:31
U00658,F012,Squid Game,Thriller,1398,2024-03-21 12:54:56
U00432,F015,Notre-Dame en Flammes,Documentaire,1482,2024-03-21 13:32:44
U01704,F003,Parasite,Thriller,3890,2024-03-21 15:36:36
U01970,F001,Inception,Science-Fiction,80,2024-03-21 15:50:57
U00954,F004,Interstellar,Science-Fiction,7364,2024-03-21 17:12:10
U01381,F003,Parasite,Thriller,2674,2024-03-21 17:44:47
U00635,F007,Avengers Endgame,Action,3630,2024-03-21 17:52:58
U00732,F004,Interstellar,Science-Fiction,776,2024-03-21 18:57:18
U00465,F015,Notre-Dame en Flammes,Documentaire,210,2024-03-21 19:38:28
U00925,F004,Interstellar,Science-Fiction,8182,2024-03-21 20:37:54
U00326,F015,Notre-Dame en Flammes,Documentaire,1695,2024-03-21 20:55:12
U01477,F011,Dark,Science-Fiction,186,2024-03-21 21:09:59
U01476,F005,Intouchables,Comédie dramatique,6591,2024-03-21 21:17:51
U00439,F001,Inception,Science-Fiction,244,2024-03-21 23:38:46
U01677,F005,Intouchables,Comédie dramatique,1694,2024-03-22 00:51:56
U01175,F004,Interstellar,Science-Fiction,3068,2024-03-22 01:22:17
U01681,F008,Joker,Drame,7217,2024-03-22 03:47:35
U01559,F012,Squid Game,Thriller,631,2024-03-22 04:15:34
U00524,F004,Interstellar,Science-Fiction,253,2024-03-22 04:57:02
U00111,F007,Avengers Endgame,Action,10342,2024-03-22 05:19:41
U01541,F013,Stranger Things,Fantastique,326,2024-03-22 06:01:03
U00033,F010,Breaking Bad,Thriller,354,2024-03-22 06:09:36
U01510,F012,Squid Game,Thriller,2619,2024-03-22 06:52:47
U00939,F010,Breaking Bad,Thriller,1678,2024-03-22 07:34:21
U00258,F003,Parasite,Thriller,7284,2024-03-22 08:26:51
U01302,F012,Squid Game,Thriller,1027,2024-03-22 08:44:49
U00926,F001,Inception,Science-Fiction,4808,2024-03-22 09:23:55
U01243,F007,Avengers Endgame,Action,5548,2024-03-22 09:50:29
U00286,F012,Squid Game,Thriller,112,2024-03-22 10:14:26
U00129,F012,Squid Game,Thriller,69,2024-03-22 10:36:36
U01797,F003,Parasite,Thriller,4012,2024-03-22 11:30:52
U01761,F004,Interstellar,Science-Fiction,9187,2024-03-22 11:54:02
U00184,F012,Squid Game,Thriller,36,2024-03-22 12:00:19
U00680,F005,Intouchables,Comédie dramatique,1409,2024-03-22 12:15:29
U00215,F001,Inception,Science-Fiction,4683,2024-03-22 12:35:47
U00225,F007,Avengers Endgame,Action,1635,2024-03-22 13:49:15
U01201,F003,Parasite,Thriller,1614,2024-03-22 14:37:14
U00987,F012,Squid Game,Thriller,1579,2024-03-22 15:09:59
U01486,F008,Joker,Drame,6711,2024-03-22 15:38:33
U01087,F007,Avengers Endgame,Action,10453,2024-03-22 16:03:46
U01630,F001,Inception,Science-Fiction,69,2024-03-22 16:06:01
U01569,F007,Avengers Endgame,Action,9708,2024-03-22 17:39:39
U00476,F007,Avengers Endgame,Action,2404,2024-03-22 17:52:41
U01399,F002,Le Seigneur des Anneaux,Fantasy,9555,2024-03-22 18:23:41
U01841,F011,Dark,Science-Fiction,1058,2024-03-22 19:01:18
U01685,F007,Avengers Endgame,Action,4387,2024-03-22 19:16:58
U00378,F005,Intouchables,Comédie dramatique,3959,2024-03-22 20:00:26
U00810,F004,Interstellar,Science-Fiction,8892,2024-03-22 21:18:57
U00773,F003,Parasite,Thriller,5342,2024-03-22 23:15:17
U00519,F004,Interstellar,Science-Fiction,9176,2024-03-22 23:47:22
U01885,F010,Breaking Bad,Thriller,2156,2024-03-23 00:12:26
U00100,F013,Stranger Things,Fantastique,1891,2024-03-23 00:56:01
U01547,F008,Joker,Drame,7063,2024-03-23 02:31:37
U00562,F005,Intouchables,Comédie dramatique,3821,2024-03-23 04:00:09
U00431,F011,Dark,Science-Fiction,2054,2024-03-23 05:31:52
U01727,F013,Stranger Things,Fantastique,110,2024-03-23 05:58:51
U00922,F007,Avengers Endgame,Action,4707,2024-03-23 06:49:15
U00875,F001,Inception,Science-Fiction,780,2024-03-23 07:24:04
U00669,F007,Avengers Endgame,Action,1367,2024-03-23 08:06:02
U01536,F007,Avengers Endgame,Action,5097,2024-03-23 11:40:32
U00433,F013,Stranger Things,Fantastique,2084,2024-03-23 13:49:22
U01787,F004,Interstellar,Science-Fiction,4704,2024-03-23 15:58:29
U01934,F012,Squid Game,Thriller,2504,2024-03-23 19:13:57
U01403,F003,Parasite,Thriller,1515,2024-03-23 20:25:59
U01069,F007,Avengers Endgame,Action,10154,2024-03-23 20:27:33
U01789,F003,Parasite,Thriller,1252,2024-03-23 20:30:29
U01487,F014,The Crown,Drame,2938,2024-03-23 20:53:22
U01188,F012,Squid Game,Thriller,2563,2024-03-23 20:55:06
U00880,F009,The Office,Comédie,661,2024-03-23 21:13:46
U01705,F005,Intouchables,Comédie dramatique,1307,2024-03-23 21:26:35
U00593,F005,Intouchables,Comédie dramatique,6081,2024-03-23 21:40:11
U00239,F004,Interstellar,Science-Fiction,2830,2024-03-23 21:52:48
U01473,F010,Breaking Bad,Thriller,175,2024-03-24 00:09:00
U01741,F011,Dark,Science-Fiction,1524,2024-03-24 01:01:56
U01487,F004,Interstellar,Science-Fiction,4769,2024-03-24 01:57:17
U01302,F012,Squid Game,Thriller,2747,2024-03-24 03:22:16
U00677,F001,Inception,Science-Fiction,4276,2024-03-24 04:49:54
U00916,F013,Stranger Things,Fantastique,37,2024-03-24 05:35:54
U00356,F004,Interstellar,Science-Fiction,7537,2024-03-24 06:25:27
U00736,F014,The Crown,Drame,779,2024-03-24 06:48:36
U01829,F005,Intouchables,Comédie dramatique,4194,2024-03-24 07:11:35
U01824,F004,Interstellar,Science-Fiction,2117,2024-03-24 10:17:37
U00552,F007,Avengers Endgame,Action,10691,2024-03-24 10:18:15
U01406,F004,Interstellar,Science-Fiction,5220,2024-03-24 12:08:20
U01122,F001,Inception,Science-Fiction,8555,2024-03-24 12:17:05
U01808,F001,Inception,Science-Fiction,8324,2024-03-24 12:26:16
U00185,F013,Stranger Things,Fantastique,1933,2024-03-24 13:17:28
U00076,F003,Parasite,Thriller,3710,2024-03-24 13:55:47
U00454,F015,Notre-Dame en Flammes,Documentaire,2835,2024-03-24 16:07:43
U00047,F010,Breaking Bad,Thriller,613,2024-03-24 16:22:40
U00862,F003,Parasite,Thriller,1521,2024-03-24 16:32:10
U00280,F001,Inception,Science-Fiction,1183,2024-03-24 16:51:00
U00869,F007,Avengers Endgame,Action,2537,2024-03-24 17:14:54
U01698,F015,Notre-Dame en Flammes,Documentaire,5023,2024-03-24 17:25:18
U01151,F009,The Office,Comédie,1261,2024-03-24 17:39:00
U01929,F011,Dark,Science-Fiction,103,2024-03-24 18:14:16
U00150,F001,Inception,Science-Fiction,164,2024-03-24 18:52:11
U00073,F012,Squid Game,Thriller,2736,2024-03-24 18:56:36
U00141,F012,Squid Game,Thriller,2850,2024-03-24 20:48:44
U01389,F013,Stranger Things,Fantastique,2068,2024-03-24 22:45:31
U00314,F003,Parasite,Thriller,107,2024-03-24 23:35:15
U01703,F007,Avengers Endgame,Action,262,2024-03-25 01:30:55
U01687,F006,La La Land,Romance,5024,2024-03-25 01:43:24
U00407,F013,Stranger Things,Fantastique,1793,2024-03-25 01:44:00
U01697,F013,Stranger Things,Fantastique,2650,2024-03-25 02:20:15
U00662,F004,Interstellar,Science-Fiction,8586,2024-03-25 02:26:31
U00784,F015,Notre-Dame en Flammes,Documentaire,4106,2024-03-25 02:38:07
U01267,F008,Joker,Drame,297,2024-03-25 05:53:19
U01648,F011,Dark,Science-Fiction,2494,2024-03-25 06:44:26
U00217,F004,Interstellar,Science-Fiction,9642,2024-03-25 08:02:19
U01910,F014,The Crown,Drame,1548,2024-03-25 08:41:56
U00133,F012,Squid Game,Thriller,50,2024-03-25 09:37:07
U01815,F012,Squid Game,Thriller,2994,2024-03-25 11:19:16
U00298,F005,Intouchables,Comédie dramatique,34,2024-03-25 12:02:41
U00413,F002,Le Seigneur des Anneaux,Fantasy,765,2024-03-25 12:14:26
U01527,F002,Le Seigneur des Anneaux,Fantasy,1359,2024-03-25 13:13:06
U00856,F010,Breaking Bad,Thriller,556,2024-03-25 14:51:51
U01876,F003,Parasite,Thriller,5484,2024-03-25 16:20:54
U01764,F010,Breaking Bad,Thriller,1857,2024-03-25 17:46:18
U00437,F004,Interstellar,Science-Fiction,4148,2024-03-25 18:55:38
U00241,F015,Notre-Dame en Flammes,Documentaire,4851,2024-03-25 19:06:25
U01214,F004,Interstellar,Science-Fiction,240,2024-03-25 19:19:17
U01999,F006,La La Land,Romance,174,2024-03-25 19:31:46
U00053,F006,La La Land,Romance,4728,2024-03-25 20:06:33
U01136,F013,Stranger Things,Fantastique,1024,2024-03-25 21:11:02
U00921,F008,Joker,Drame,3959,2024-03-25 21:42:42
U01699,F005,Intouchables,Comédie dramatique,5587,2024-03-25 22:58:43
U00364,F013,Stranger Things,Fantastique,2298,2024-03-25 23:01:08
U00383,F009,The Office,Comédie,813,2024-03-25 23:41:28
U00251,F007,Avengers Endgame,Action,9499,2024-03-25 23:58:45
U00742,F009,The Office,Comédie,490,2024-03-26 00:00:52
U01939,F008,Joker,Drame,2444,2024-03-26 01:33:19
U01810,F001,Inception,Science-Fiction,1716,2024-03-26 01:49:03
U00245,F010,Breaking Bad,Thriller,66,2024-03-26 02:00:23
U00742,F012,Squid Game,Thriller,2689,2024-03-26 03:48:06
U00118,F008,Joker,Drame,212,2024-03-26 03:50:02
U00201,F007,Avengers Endgame,Action,8339,2024-03-26 05:06:30
U00778,F004,Interstellar,Science-Fiction,9452,2024-03-26 06:57:42
U01151,F004,Interstellar,Science-Fiction,66,2024-03-26 08:13:58
U01684,F009,The Office,Comédie,573,2024-03-26 09:17:49
U01841,F013,Stranger Things,Fantastique,839,2024-03-26 09:18:56
U01472,F012,Squid Game,Thriller,1145,2024-03-26 10:38:54
U00527,F015,Notre-Dame en Flammes,Documentaire,207,2024-03-26 11:05:48
U00755,F015,Notre-Dame en Flammes,Documentaire,4866,2024-03-26 12:47:49
U01395,F015,Notre-Dame en Flammes,Documentaire,3255,2024-03-26 17:22:22
U01991,F013,Stranger Things,Fantastique,143,2024-03-26 17:52:43
U00750,F004,Interstellar,Science-Fiction,570,2024-03-26 18:13:36
U00996,F002,Le Seigneur des Anneaux,Fantasy,3629,2024-03-26 19:37:19
U00619,F012,Squid Game,Thriller,2717,2024-03-26 20:16:03
U00270,F008,Joker,Drame,3987,2024-03-26 20:18:36
U01242,F001,Inception,Science-Fiction,3547,2024-03-26 20:55:39
U00185,F012,Squid Game,Thriller,3120,2024-03-26 21:14:44
U01875,F002,Le Seigneur des Anneaux,Fantasy,1534,2024-03-26 21:22:36
U00234,F010,Breaking Bad,Thriller,868,2024-03-26 22:14:34
U00148,F007,Avengers Endgame,Action,6228,2024-03-26 23:25:26
U01074,F001,Inception,Science-Fiction,7221,2024-03-27 01:12:04
U01006,F007,Avengers Endgame,Action,180,2024-03-27 01:25:41
U00344,F014,The Crown,Drame,1506,2024-03-27 01:56:51
U00529,F004,Interstellar,Science-Fiction,3603,2024-03-27 03:07:49
U00655,F004,Interstellar,Science-Fiction,4952,2024-03-27 03:40:11
U01030,F014,The Crown,Drame,3394,2024-03-27 05:12:50
U00683,F003,Parasite,Thriller,4084,2024-03-27 07:28:42
U00486,F006,La La Land,Romance,880,2024-03-27 07:36:51
U00205,F005,Intouchables,Comédie dramatique,5627,2024-03-27 07:37:34
U01419,F008,Joker,Drame,7355,2024-03-27 08:31:31
U01985,F001,Inception,Science-Fiction,3683,2024-03-27 10:21:20
U00842,F012,Squid Game,Thriller,1952,2024-03-27 10:27:01
U00980,F008,Joker,Drame,6837,2024-03-27 11:11:22
U00494,F004,Interstellar,Science-Fiction,4452,2024-03-27 11:46:30
U00692,F013,Stranger Things,Fantastique,2069,2024-03-27 12:39:02
U00671,F005,Intouchables,Comédie dramatique,596,2024-03-27 12:51:15
U00039,F008,Joker,Drame,4449,2024-03-27 12:54:57
U01375,F011,Dark,Science-Fiction,1237,2024-03-27 15:56:45
U01310,F001,Inception,Science-Fiction,6446,2024-03-27 16:28:29
U01971,F007,Avengers Endgame,Action,1150,2024-03-27 16:50:53
U01608,F007,Avengers Endgame,Action,7371,2024-03-27 19:38:41
U01953,F004,Interstellar,Science-Fiction,1248,2024-03-27 19:53:53
U01553,F003,Parasite,Thriller,4816,2024-03-27 20:21:22
U01401,F007,Avengers Endgame,Action,5271,2024-03-27 21:23:02
U01867,F002,Le Seigneur des Anneaux,Fantasy,369,2024-03-27 21:41:16
U00900,F007,Avengers Endgame,Action,1606,2024-03-27 22:17:15
U01883,F013,Stranger Things,Fantastique,1037,2024-03-27 22:20:18
U00295,F001,Inception,Science-Fiction,5918,2024-03-27 22:58:32
U00114,F009,The Office,Comédie,652,2024-03-27 23:48:24
U01264,F008,Joker,Drame,1670,2024-03-28 00:00:55
U00882,F002,Le Seigneur des Anneaux,Fantasy,4903,2024-03-28 00:43:21
U01381,F013,Stranger Things,Fantastique,2583,2024-03-28 01:02:58
U01329,F008,Joker,Drame,202,2024-03-28 02:55:10
U01908,F014,The Crown,Drame,244,2024-03-28 04:38:03
U01677,F014,The Crown,Drame,935,2024-03-28 05:48:09
U00637,F007,Avengers Endgame,Action,6223,2024-03-28 06:21:42
U01630,F011,Dark,Science-Fiction,862,2024-03-28 07:41:33
U01821,F005,Intouchables,Comédie dramatique,150,2024-03-28 08:20:22
U00170,F002,Le Seigneur des Anneaux,Fantasy,9515,2024-03-28 08:32:47
U00613,F004,Interstellar,Science-Fiction,7941,2024-03-28 09:22:27
U00122,F001,Inception,Science-Fiction,4826,2024-03-28 12:46:37
U00450,F007,Avengers Endgame,Action,6628,2024-03-28 14:17:43
U01669,F015,Notre-Dame en Flammes,Documentaire,3847,2024-03-28 14:34:59
U00272,F004,Interstellar,Science-Fiction,260,2024-03-28 14:58:44
U01479,F003,Parasite,Thriller,6602,2024-03-28 15:18:23
U00869,F007,Avengers Endgame,Action,3210,2024-03-28 16:03:28
U00381,F006,La La Land,Romance,2804,2024-03-28 16:18:40
U01310,F011,Dark,Science-Fiction,898,2024-03-28 17:01:10
U00465,F006,La La Land,Romance,176,2024-03-28 17:23:42
U00581,F004,Interstellar,Science-Fiction,5163,2024-03-28 18:48:40
U01398,F004,Interstellar,Science-Fiction,6899,2024-03-28 20:19:35
U01335,F001,Inception,Science-Fiction,7273,2024-03-28 20:32:37
U00279,F009,The Office,Comédie,997,2024-03-28 20:34:11
U01194,F004,Interstellar,Science-Fiction,7155,2024-03-28 21:13:37
U00528,F001,Inception,Science-Fiction,8300,2024-03-28 22:31:40
U01445,F009,The Office,Comédie,892,2024-03-29 00:25:47
U00981,F001,Inception,Science-Fiction,215,2024-03-29 01:45:29
U00347,F002,Le Seigneur des Anneaux,Fantasy,8966,2024-03-29 02:17:48
U00634,F001,Inception,Science-Fiction,1468,2024-03-29 02:54:11
U00233,F001,Inception,Science-Fiction,61,2024-03-29 04:26:18
U00025,F015,Notre-Dame en Flammes,Documentaire,203,2024-03-29 05:03:56
U01896,F004,Interstellar,Science-Fiction,4736,2024-03-29 07:25:42
U00425,F007,Avengers Endgame,Action,163,2024-03-29 07:29:08
U00928,F011,Dark,Science-Fiction,299,2024-03-29 07:43:27
U01109,F001,Inception,Science-Fiction,177,2024-03-29 08:19:32
U00705,F012,Squid Game,Thriller,1507,2024-03-29 08:34:21
U00966,F011,Dark,Science-Fiction,2359,2024-03-29 09:10:39
U01050,F015,Notre-Dame en Flammes,Documentaire,4328,2024-03-29 09:11:07
U01850,F002,Le Seigneur des Anneaux,Fantasy,2001,2024-03-29 09:15:27
U01132,F008,Joker,Drame,7392,2024-03-29 10:01:38
U00665,F001,Inception,Science-Fiction,6670,2024-03-29 11:31:20
U00451,F007,Avengers Endgame,Action,10708,2024-03-29 11:35:52
U01387,F007,Avengers Endgame,Action,3696,2024-03-29 11:44:08
U00614,F004,Interstellar,Science-Fiction,9315,2024-03-29 11:47:29
U01807,F006,La La Land,Romance,449,2024-03-29 12:07:20
U01155,F004,Interstellar,Science-Fiction,240,2024-03-29 12:13:01
U00545,F007,Avengers Endgame,Action,9570,2024-03-29 12:40:01
U00469,F010,Breaking Bad,Thriller,2050,2024-03-29 12:53:23
U01232,F001,Inception,Science-Fiction,8396,2024-03-29 13:37:19
U00433,F002,Le Seigneur des Anneaux,Fantasy,6825,2024-03-29 14:29:10
U01488,F011,Dark,Science-Fiction,537,2024-03-29 14:43:36
U00502,F004,Interstellar,Science-Fiction,6897,2024-03-29 16:16:56
U00323,F004,Interstellar,Science-Fiction,89,2024-03-29 16:53:00
U01272,F006,La La Land,Romance,3439,2024-03-29 18:24:50
U00986,F002,Le Seigneur des Anneaux,Fantasy,9730,2024-03-29 19:34:51
U01220,F011,Dark,Science-Fiction,1901,2024-03-29 19:51:30
U00090,F004,Interstellar,Science-Fiction,4341,2024-03-29 19:56:29
U01336,F010,Breaking Bad,Thriller,1420,2024-03-29 19:59:34
U00745,F001,Inception,Science-Fiction,7031,2024-03-29 21:18:40
U00111,F001,Inception,Science-Fiction,7282,2024-03-29 21:31:20
U01403,F004,Interstellar,Science-Fiction,5348,2024-03-29 22:52:57
U00272,F003,Parasite,Thriller,3179,2024-03-29 23:10:49
U00601,F002,Le Seigneur des Anneaux,Fantasy,1823,2024-03-29 23:15:40
U00432,F003,Parasite,Thriller,1062,2024-03-29 23:28:35
U01696,F003,Parasite,Thriller,1591,2024-03-29 23:30:29
U00532,F004,Interstellar,Science-Fiction,6147,2024-03-29 23:33:11
U01302,F001,Inception,Science-Fiction,211,2024-03-30 01:34:41
U00134,F006,La La Land,Romance,5041,2024-03-30 01:46:45
U00720,F012,Squid Game,Thriller,1936,2024-03-30 01:52:08
U00140,F001,Inception,Science-Fiction,6150,2024-03-30 03:09:03
U01758,F015,Notre-Dame en Flammes,Documentaire,2874,2024-03-30 05:34:44
U00917,F004,Interstellar,Science-Fiction,716,2024-03-30 06:00:04
U01635,F006,La La Land,Romance,523,2024-03-30 06:27:20
U01188,F004,Interstellar,Science-Fiction,2968,2024-03-30 08:20:41
U00276,F011,Dark,Science-Fiction,1020,2024-03-30 09:24:37
U01430,F009,The Office,Comédie,404,2024-03-30 09:25:00
U00072,F003,Parasite,Thriller,2475,2024-03-30 10:29:08
U01956,F003,Parasite,Thriller,255,2024-03-30 11:28:43
U00095,F015,Notre-Dame en Flammes,Documentaire,1797,2024-03-30 11:29:44
U00417,F013,Stranger Things,Fantastique,2506,2024-03-30 12:45:02
U00721,F010,Breaking Bad,Thriller,814,2024-03-30 12:46:13
U00484,F001,Inception,Science-Fiction,3089,2024-03-30 14:14:31
U01254,F008,Joker,Drame,6318,2024-03-30 16:14:59
U00660,F001,Inception,Science-Fiction,8773,2024-03-30 16:16:21
U00752,F008,Joker,Drame,4175,2024-03-30 16:40:59
U01095,F012,Squid Game,Thriller,1779,2024-03-30 17:24:59
U01431,F004,Interstellar,Science-Fiction,6897,2024-03-30 17:53:59
U00221,F001,Inception,Science-Fiction,7606,2024-03-30 18:38:51
U00760,F007,Avengers Endgame,Action,8463,2024-03-30 19:32:52
U01402,F009,The Office,Comédie,1141,2024-03-30 23:32:47
U00355,F011,Dark,Science-Fiction,1828,2024-03-30 23:43:11
U01787,F012,Squid Game,Thriller,1386,2024-03-31 00:06:15
U01253,F013,Stranger Things,Fantastique,2439,2024-03-31 01:31:06
U00530,F015,Notre-Dame en Flammes,Documentaire,3812,2024-03-31 02:23:56
U00397,F004,Interstellar,Science-Fiction,6841,2024-03-31 02:42:29
U00280,F004,Interstellar,Science-Fiction,193,2024-03-31 03:23:44
U01527,F015,Notre-Dame en Flammes,Documentaire,253,2024-03-31 03:44:20
U01740,F008,Joker,Drame,1231,2024-03-31 05:46:18
U01827,F003,Parasite,Thriller,276,2024-03-31 06:31:48
U01666,F005,Intouchables,Comédie dramatique,194,2024-03-31 07:42:41
U01728,F012,Squid Game,Thriller,2763,2024-03-31 07:51:18
U00633,F003,Parasite,Thriller,58,2024-03-31 08:12:24
U01225,F005,Intouchables,Comédie dramatique,4361,2024-03-31 08:15:39
U01210,F006,La La Land,Romance,141,2024-03-31 08:33:24
U01368,F012,Squid Game,Thriller,2325,2024-03-31 08:39:55
U01657,F015,Notre-Dame en Flammes,Documentaire,5092,2024-03-31 09:30:00
U00104,F009,The Office,Comédie,1313,2024-03-31 10:11:38
U00782,F005,Intouchables,Comédie dramatique,5043,2024-03-31 12:45:40
U00234,F003,Parasite,Thriller,3289,2024-03-31 13:47:59
U01567,F005,Intouchables,Comédie dramatique,6091,2024-03-31 14:44:55
U00942,F012,Squid Game,Thriller,2390,2024-03-31 15:03:29
U01173,F001,Inception,Science-Fiction,2275,2024-03-31 15:40:48
U01986,F010,Breaking Bad,Thriller,674,2024-03-31 16:40:41
U00387,F015,Notre-Dame en Flammes,Documentaire,1868,2024-03-31 16:57:35
U01704,F010,Breaking Bad,Thriller,856,2024-03-31 17:24:52
U01831,F007,Avengers Endgame,Action,2036,2024-03-31 18:41:03
U00049,F006,La La Land,Romance,7575,2024-03-31 19:14:49
U01685,F008,Joker,Drame,3064,2024-03-31 19:22:41
U01954,F011,Dark,Science-Fiction,2134,2024-03-31 19:48:23
U01251,F004,Interstellar,Science-Fiction,8567,2024-03-31 21:03:55
U00796,F008,Joker,Drame,5972,2024-03-31 21:46:56
U00812,F008,Joker,Drame,6903,2024-03-31 22:22:43
U00044,F009,The Office,Comédie,380,2024-03-31 23:05:04
U01987,F004,Interstellar,Science-Fiction,7546,2024-03-31 23:56:36
U00425,F003,Parasite,Thriller,3835,2024-04-01 00:37:21
U01425,F008,Joker,Drame,6533,2024-04-01 00:55:46
U01154,F010,Breaking Bad,Thriller,572,2024-04-01 06:55:26
U01741,F013,Stranger Things,Fantastique,1611,2024-04-01 08:19:22
U01342,F007,Avengers Endgame,Action,1766,2024-04-01 08:58:37
U01648,F004,Interstellar,Science-Fiction,1129,2024-04-01 10:23:21
U01270,F001,Inception,Science-Fiction,1724,2024-04-01 12:02:27
U00245,F007,Avengers Endgame,Action,5803,2024-04-01 12:56:27
U01524,F001,Inception,Science-Fiction,143,2024-04-01 12:59:58
U00980,F010,Breaking Bad,Thriller,1316,2024-04-01 15:12:45
U01818,F001,Inception,Science-Fiction,5365,2024-04-01 15:21:39
U01809,F003,Parasite,Thriller,1056,2024-04-01 17:23:25
U01123,F007,Avengers Endgame,Action,1675,2024-04-01 17:57:54
U00356,F008,Joker,Drame,4647,2024-04-01 18:34:12
U01535,F012,Squid Game,Thriller,3248,2024-04-01 18:56:54
U00555,F012,Squid Game,Thriller,970,2024-04-01 22:13:26
U01167,F007,Avengers Endgame,Action,5171,2024-04-01 22:38:49
U01213,F007,Avengers Endgame,Action,1370,2024-04-01 22:52:21
U01877,F010,Breaking Bad,Thriller,956,2024-04-02 00:06:20
U01989,F013,Stranger Things,Fantastique,2688,2024-04-02 01:10:00
U00430,F010,Breaking Bad,Thriller,1441,2024-04-02 01:56:07
U01274,F007,Avengers Endgame,Action,8346,2024-04-02 03:09:25
U01996,F012,Squid Game,Thriller,1150,2024-04-02 03:39:09
U00936,F006,La La Land,Romance,5580,2024-04-02 04:33:00
U01791,F002,Le Seigneur des Anneaux,Fantasy,9981,2024-04-02 05:47:21
U01359,F012,Squid Game,Thriller,432,2024-04-02 06:12:08
U00919,F007,Avengers Endgame,Action,3460,2024-04-02 06:36:33
U00958,F003,Parasite,Thriller,4581,2024-04-02 08:20:16
U00453,F001,Inception,Science-Fiction,453,2024-04-02 09:56:47
U01919,F007,Avengers Endgame,Action,937,2024-04-02 10:16:58
U01908,F007,Avengers Endgame,Action,1039,2024-04-02 11:02:13
U00739,F010,Breaking Bad,Thriller,1061,2024-04-02 12:40:17
U01312,F002,Le Seigneur des Anneaux,Fantasy,1673,2024-04-02 13:27:14
U00169,F009,The Office,Comédie,1050,2024-04-02 13:41:27
U01607,F007,Avengers Endgame,Action,1520,2024-04-02 14:26:16
U00074,F003,Parasite,Thriller,6388,2024-04-02 14:50:33
U01061,F005,Intouchables,Comédie dramatique,736,2024-04-02 15:28:36
U01512,F014,The Crown,Drame,2843,2024-04-02 15:47:15
U00180,F004,Interstellar,Science-Fiction,6576,2024-04-02 15:57:52
U01536,F013,Stranger Things,Fantastique,181,2024-04-02 16:00:15
U01453,F011,Dark,Science-Fiction,201,2024-04-02 16:13:04
U01915,F004,Interstellar,Science-Fiction,7463,2024-04-02 16:42:51
U00594,F010,Breaking Bad,Thriller,179,2024-04-02 17:56:12
U01478,F010,Breaking Bad,Thriller,102,2024-04-02 19:38:49
U01300,F008,Joker,Drame,4665,2024-04-02 20:16:24
U01753,F013,Stranger Things,Fantastique,228,2024-04-02 20:40:21
U00022,F009,The Office,Comédie,382,2024-04-02 21:03:26
U01930,F002,Le Seigneur des Anneaux,Fantasy,1793,2024-04-02 21:05:23
U01853,F001,Inception,Science-Fiction,5136,2024-04-02 22:56:03
U00657,F001,Inception,Science-Fiction,5043,2024-04-02 23:10:52
U00177,F009,The Office,Comédie,1044,2024-04-02 23:27:05
U00744,F012,Squid Game,Thriller,2279,2024-04-02 23:51:26
U01567,F009,The Office,Comédie,1028,2024-04-03 03:42:29
U01692,F012,Squid Game,Thriller,3255,2024-04-03 05:12:20
U01158,F003,Parasite,Thriller,3498,2024-04-03 06:48:28
U01864,F004,Interstellar,Science-Fiction,5155,2024-04-03 08:05:09
U00469,F011,Dark,Science-Fiction,1888,2024-04-03 08:36:54
U01754,F013,Stranger Things,Fantastique,1479,2024-04-03 10:04:14
U00210,F002,Le Seigneur des Anneaux,Fantasy,6242,2024-04-03 10:12:16
U00857,F001,Inception,Science-Fiction,1356,2024-04-03 10:48:26
U00695,F004,Interstellar,Science-Fiction,4852,2024-04-03 11:06:37
U01658,F009,The Office,Comédie,676,2024-04-03 11:10:20
U00610,F013,Stranger Things,Fantastique,539,2024-04-03 11:30:14
U00694,F007,Avengers Endgame,Action,3571,2024-04-03 13:59:32
U01626,F004,Interstellar,Science-Fiction,5057,2024-04-03 15:13:59
U00072,F002,Le Seigneur des Anneaux,Fantasy,183,2024-04-03 16:49:20
U00636,F001,Inception,Science-Fiction,4227,2024-04-03 17:23:39
U01302,F002,Le Seigneur des Anneaux,Fantasy,162,2024-04-03 17:26:59
U00833,F009,The Office,Comédie,821,2024-04-03 17:27:26
U00865,F005,Intouchables,Comédie dramatique,2581,2024-04-03 18:20:11
U01323,F007,Avengers Endgame,Action,3548,2024-04-03 18:20:44
U01028,F007,Avengers Endgame,Action,10839,2024-04-03 19:16:39
U01718,F013,Stranger Things,Fantastique,2818,2024-04-03 19:27:02
U00296,F013,Stranger Things,Fantastique,2067,2024-04-03 22:03:00
U00277,F002,Le Seigneur des Anneaux,Fantasy,1383,2024-04-03 22:54:34
U01968,F012,Squid Game,Thriller,605,2024-04-04 01:28:16
U00049,F003,Parasite,Thriller,5363,2024-04-04 01:55:27
U01424,F008,Joker,Drame,7012,2024-04-04 03:33:29
U01152,F010,Breaking Bad,Thriller,152,2024-04-04 03:52:21
U00943,F002,Le Seigneur des Anneaux,Fantasy,8789,2024-04-04 04:14:22
U00920,F013,Stranger Things,Fantastique,391,2024-04-04 04:37:35
U01340,F001,Inception,Science-Fiction,4815,2024-04-04 05:57:55
U01931,F005,Intouchables,Comédie dramatique,5939,2024-04-04 06:05:31
U00481,F014,The Crown,Drame,1726,2024-04-04 06:14:47
U00798,F005,Intouchables,Comédie dramatique,6072,2024-04-04 06:45:59
U00898,F013,Stranger Things,Fantastique,722,2024-04-04 07:57:24
U01102,F003,Parasite,Thriller,104,2024-04-04 08:51:39
U01187,F014,The Crown,Drame,2862,2024-04-04 09:10:39
U00753,F011,Dark,Science-Fiction,333,2024-04-04 09:35:28
U01031,F006,La La Land,Romance,604,2024-04-04 10:12:31
U01029,F001,Inception,Science-Fiction,275,2024-04-04 10:52:12
U00220,F007,Avengers Endgame,Action,8257,2024-04-04 11:57:36
U01483,F001,Inception,Science-Fiction,4776,2024-04-04 15:14:49
U01445,F004,Interstellar,Science-Fiction,8758,2024-04-04 15:44:12
U00058,F013,Stranger Things,Fantastique,1369,2024-04-04 16:39:40
U00612,F006,La La Land,Romance,2258,2024-04-04 16:42:05
U01716,F001,Inception,Science-Fiction,162,2024-04-04 17:06:02
U00352,F008,Joker,Drame,991,2024-04-04 17:09:11
U01528,F001,Inception,Science-Fiction,3126,2024-04-04 20:21:12
U01109,F003,Parasite,Thriller,7072,2024-04-04 23:15:06
U01423,F005,Intouchables,Comédie dramatique,5965,2024-04-04 23:22:04
U01518,F007,Avengers Endgame,Action,36,2024-04-04 23:23:05
U01910,F007,Avengers Endgame,Action,9395,2024-04-04 23:23:21
U00840,F007,Avengers Endgame,Action,5513,2024-04-05 00:53:31
U01122,F006,La La Land,Romance,5401,2024-04-05 03:02:31
U01832,F001,Inception,Science-Fiction,8201,2024-04-05 04:00:11
U00191,F007,Avengers Endgame,Action,7822,2024-04-05 04:08:03
U00613,F007,Avengers Endgame,Action,9050,2024-04-05 05:40:41
U01059,F001,Inception,Science-Fiction,5164,2024-04-05 05:43:17
U00490,F010,Breaking Bad,Thriller,456,2024-04-05 06:30:28
U01013,F003,Parasite,Thriller,4856,2024-04-05 06:50:38
U00070,F007,Avengers Endgame,Action,4559,2024-04-05 07:11:47
U01715,F014,The Crown,Drame,1538,2024-04-05 08:49:34
U00154,F001,Inception,Science-Fiction,6239,2024-04-05 09:15:14
U01414,F001,Inception,Science-Fiction,95,2024-04-05 09:46:59
U01810,F002,Le Seigneur des Anneaux,Fantasy,10394,2024-04-05 10:52:48
U00668,F009,The Office,Comédie,135,2024-04-05 12:57:09
U01294,F009,The Office,Comédie,1079,2024-04-05 13:10:42
U00992,F007,Avengers Endgame,Action,278,2024-04-05 13:32:23
U01336,F007,Avengers Endgame,Action,9754,2024-04-05 15:10:39
U00752,F008,Joker,Drame,3026,2024-04-05 15:46:40
U01731,F010,Breaking Bad,Thriller,1039,2024-04-05 16:34:54
U01394,F015,Notre-Dame en Flammes,Documentaire,3917,2024-04-05 17:46:55
U00294,F005,Intouchables,Comédie dramatique,5300,2024-04-05 18:20:40
U01599,F002,Le Seigneur des Anneaux,Fantasy,7905,2024-04-05 21:14:49
U01052,F015,Notre-Dame en Flammes,Documentaire,114,2024-04-05 22:50:20
U01633,F008,Joker,Drame,1325,2024-04-05 23:38:17
U01996,F011,Dark,Science-Fiction,1207,2024-04-05 23:43:06
U00314,F008,Joker,Drame,79,2024-04-06 00:07:39
U00656,F007,Avengers Endgame,Action,3660,2024-04-06 00:30:34
U00450,F008,Joker,Drame,6778,2024-04-06 00:37:19
U01127,F004,Interstellar,Science-Fiction,9293,2024-04-06 02:17:52
U01425,F009,The Office,Comédie,1217,2024-04-06 03:33:23
U01776,F011,Dark,Science-Fiction,144,2024-04-06 05:12:27
U00282,F001,Inception,Science-Fiction,82,2024-04-06 06:05:51
U00163,F015,Notre-Dame en Flammes,Documentaire,297,2024-04-06 07:15:57
U00806,F004,Interstellar,Science-Fiction,3860,2024-04-06 07:39:18
U00306,F012,Squid Game,Thriller,1824,2024-04-06 09:18:26
U00199,F001,Inception,Science-Fiction,7865,2024-04-06 10:02:48
U00422,F007,Avengers Endgame,Action,10907,2024-04-06 10:40:42
U00307,F004,Interstellar,Science-Fiction,5439,2024-04-06 12:07:38
U01341,F012,Squid Game,Thriller,2610,2024-04-06 13:12:26
U00825,F010,Breaking Bad,Thriller,1573,2024-04-06 13:38:42
U00125,F001,Inception,Science-Fiction,7527,2024-04-06 13:44:33
U00440,F001,Inception,Science-Fiction,6750,2024-04-06 14:20:15
U01478,F003,Parasite,Thriller,2781,2024-04-06 16:33:47
U01590,F007,Avengers Endgame,Action,8042,2024-04-06 17:59:56
U01256,F012,Squid Game,Thriller,2500,2024-04-06 18:06:17
U00179,F004,Interstellar,Science-Fiction,1910,2024-04-06 21:07:21
U01164,F001,Inception,Science-Fiction,2422,2024-04-06 21:22:29
U00282,F007,Avengers Endgame,Action,2583,2024-04-06 22:32:57
U01855,F007,Avengers Endgame,Action,2385,2024-04-07 00:03:22
U00766,F004,Interstellar,Science-Fiction,184,2024-04-07 00:18:51
U01600,F009,The Office,Comédie,1158,2024-04-07 00:44:04
U01794,F004,Interstellar,Science-Fiction,6524,2024-04-07 02:21:34
U01456,F013,Stranger Things,Fantastique,2800,2024-04-07 05:18:03
U01791,F013,Stranger Things,Fantastique,1038,2024-04-07 05:47:50
U00996,F001,Inception,Science-Fiction,6384,2024-04-07 07:10:40
U01931,F015,Notre-Dame en Flammes,Documentaire,3813,2024-04-07 07:34:34
U01434,F003,Parasite,Thriller,4632,2024-04-07 07:45:53
U01598,F013,Stranger Things,Fantastique,2847,2024-04-07 09:47:37
U01094,F010,Breaking Bad,Thriller,1964,2024-04-07 11:14:51
U00515,F012,Squid Game,Thriller,894,2024-04-07 11:18:13
U01113,F010,Breaking Bad,Thriller,725,2024-04-07 11:20:02
U00228,F013,Stranger Things,Fantastique,300,2024-04-07 13:37:10
U01359,F007,Avengers Endgame,Action,3595,2024-04-07 13:57:27
U01669,F012,Squid Game,Thriller,2653,2024-04-07 14:14:35
U01262,F004,Interstellar,Science-Fiction,6757,2024-04-07 15:56:35
U01204,F009,The Office,Comédie,1189,2024-04-07 16:57:19
U00910,F001,Inception,Science-Fiction,82,2024-04-07 17:17:35
U01301,F008,Joker,Drame,302,2024-04-07 18:27:33
U01240,F001,Inception,Science-Fiction,4689,2024-04-07 19:01:42
U00310,F009,The Office,Comédie,1068,2024-04-07 19:38:26
U01004,F007,Avengers Endgame,Action,700,2024-04-07 21:50:50
U00574,F013,Stranger Things,Fantastique,124,2024-04-07 23:15:43
U00692,F011,Dark,Science-Fiction,1163,2024-04-07 23:20:27
U01283,F003,Parasite,Thriller,7415,2024-04-07 23:54:36
U01558,F007,Avengers Endgame,Action,2876,2024-04-08 00:31:40
U01146,F010,Breaking Bad,Thriller,2120,2024-04-08 00:43:38
U00080,F001,Inception,Science-Fiction,6150,2024-04-08 04:44:45
U00387,F012,Squid Game,Thriller,1174,2024-04-08 04:55:50
U01515,F009,The Office,Comédie,905,2024-04-08 05:58:17
U00981,F005,Intouchables,Comédie dramatique,6244,2024-04-08 06:29:04
U00212,F013,Stranger Things,Fantastique,1467,2024-04-08 07:44:22
U01642,F013,Stranger Things,Fantastique,1539,2024-04-08 08:02:06
U00363,F003,Parasite,Thriller,4946,2024-04-08 09:04:11
U01096,F006,La La Land,Romance,4084,2024-04-08 09:38:36
U00047,F007,Avengers Endgame,Action,270,2024-04-08 09:42:46
U01726,F013,Stranger Things,Fantastique,2439,2024-04-08 10:05:48
U01226,F010,Breaking Bad,Thriller,1360,2024-04-08 12:15:12
U01870,F008,Joker,Drame,2912,2024-04-08 15:14:25
U00436,F001,Inception,Science-Fiction,2090,2024-04-08 15:42:08
U01378,F012,Squid Game,Thriller,2460,2024-04-08 19:42:47
U00461,F015,Notre-Dame en Flammes,Documentaire,5323,2024-04-08 21:36:17
U01115,F001,Inception,Science-Fiction,32,2024-04-08 22:08:09
U00408,F011,Dark,Science-Fiction,465,2024-04-08 22:12:14
U01564,F004,Interstellar,Science-Fiction,6086,2024-04-08 23:25:44
U01606,F005,Intouchables,Comédie dramatique,470,2024-04-09 00:07:08
U00751,F007,Avengers Endgame,Action,5272,2024-04-09 01:57:20
U00045,F007,Avengers Endgame,Action,160,2024-04-09 03:16:46
U00360,F011,Dark,Science-Fiction,804,2024-04-09 04:03:01
U00902,F007,Avengers Endgame,Action,1768,2024-04-09 06:55:28
U01971,F013,Stranger Things,Fantastique,910,2024-04-09 06:59:06
U01496,F010,Breaking Bad,Thriller,1098,2024-04-09 07:50:58
U00721,F005,Intouchables,Comédie dramatique,5100,2024-04-09 08:37:19
U01294,F011,Dark,Science-Fiction,1370,2024-04-09 09:23:40
U00363,F007,Avengers Endgame,Action,2388,2024-04-09 14:03:06
U01512,F003,Parasite,Thriller,449,2024-04-09 14:20:53
U01731,F004,Interstellar,Science-Fiction,3581,2024-04-09 16:38:30
U01197,F001,Inception,Science-Fiction,1018,2024-04-09 18:53:00
U01772,F012,Squid Game,Thriller,1518,2024-04-09 20:15:37
U00876,F006,La La Land,Romance,244,2024-04-09 20:27:32
U00296,F004,Interstellar,Science-Fiction,8072,2024-04-09 21:22:47
U00262,F002,Le Seigneur des Anneaux,Fantasy,5137,2024-04-09 21:50:10
U01424,F002,Le Seigneur des Anneaux,Fantasy,8487,2024-04-09 22:15:48
U00504,F007,Avengers Endgame,Action,8225,2024-04-09 22:27:33
U01060,F007,Avengers Endgame,Action,2250,2024-04-09 22:42:56
U01439,F001,Inception,Science-Fiction,2065,2024-04-09 23:08:51
U00569,F012,Squid Game,Thriller,1808,2024-04-10 01:49:16
U00168,F004,Interstellar,Science-Fiction,9181,2024-04-10 02:34:13
U00854,F002,Le Seigneur des Anneaux,Fantasy,3587,2024-04-10 02:49:28
U01760,F001,Inception,Science-Fiction,7787,2024-04-10 02:54:59
U00505,F004,Interstellar,Science-Fiction,132,2024-04-10 03:01:41
U01707,F004,Interstellar,Science-Fiction,8880,2024-04-10 03:43:25
U00741,F008,Joker,Drame,7366,2024-04-10 03:54:35
U00799,F001,Inception,Science-Fiction,195,2024-04-10 04:07:18
U00183,F001,Inception,Science-Fiction,8214,2024-04-10 04:12:47
U01941,F003,Parasite,Thriller,6486,2024-04-10 05:13:33
U01247,F001,Inception,Science-Fiction,219,2024-04-10 05:33:34
U01094,F007,Avengers Endgame,Action,6808,2024-04-10 07:06:27
U01245,F003,Parasite,Thriller,7473,2024-04-10 09:11:45
U01426,F001,Inception,Science-Fiction,8629,2024-04-10 10:01:25
U01381,F008,Joker,Drame,5985,2024-04-10 10:51:17
U00020,F007,Avengers Endgame,Action,4037,2024-04-10 12:21:27
U00841,F002,Le Seigneur des Anneaux,Fantasy,10396,2024-04-10 13:49:26
U00134,F012,Squid Game,Thriller,2037,2024-04-10 15:08:00
U01838,F002,Le Seigneur des Anneaux,Fantasy,9026,2024-04-10 15:50:25
U01203,F005,Intouchables,Comédie dramatique,5088,2024-04-10 18:58:42
U01953,F001,Inception,Science-Fiction,2562,2024-04-10 19:05:44
U01387,F004,Interstellar,Science-Fiction,957,2024-04-10 19:07:33
U01153,F007,Avengers Endgame,Action,215,2024-04-10 19:37:21
U00631,F001,Inception,Science-Fiction,5439,2024-04-10 19:47:30
U00143,F003,Parasite,Thriller,7198,2024-04-10 19:50:57
U00499,F010,Breaking Bad,Thriller,103,2024-04-10 20:08:32
U01132,F001,Inception,Science-Fiction,5206,2024-04-10 20:11:24
U00316,F003,Parasite,Thriller,1539,2024-04-10 23:29:18
U01539,F005,Intouchables,Comédie dramatique,1982,2024-04-11 01:01:55
U01124,F003,Parasite,Thriller,625,2024-04-11 01:21:16
U00377,F012,Squid Game,Thriller,2769,2024-04-11 01:54:23
U00603,F015,Notre-Dame en Flammes,Documentaire,191,2024-04-11 02:10:18
U00882,F012,Squid Game,Thriller,677,2024-04-11 04:05:16
U01328,F014,The Crown,Drame,668,2024-04-11 05:41:09
U01664,F005,Intouchables,Comédie dramatique,678,2024-04-11 06:35:40
U01052,F011,Dark,Science-Fiction,1257,2024-04-11 07:15:36
U00514,F007,Avengers Endgame,Action,9853,2024-04-11 07:29:45
U00877,F008,Joker,Drame,6359,2024-04-11 08:52:16
U01750,F001,Inception,Science-Fiction,1276,2024-04-11 09:32:25
U00162,F013,Stranger Things,Fantastique,1580,2024-04-11 09:32:55
U00748,F001,Inception,Science-Fiction,2966,2024-04-11 09:42:45
U01517,F007,Avengers Endgame,Action,6629,2024-04-11 09:49:53
U00811,F008,Joker,Drame,2038,2024-04-11 09:59:06
U00689,F015,Notre-Dame en Flammes,Documentaire,3834,2024-04-11 10:03:56
U00870,F003,Parasite,Thriller,775,2024-04-11 10:36:47
U01086,F013,Stranger Things,Fantastique,1615,2024-04-11 11:17:44
U01824,F007,Avengers Endgame,Action,5500,2024-04-11 14:21:41
U00353,F004,Interstellar,Science-Fiction,3244,2024-04-11 14:46:49
U01521,F001,Inception,Science-Fiction,291,2024-04-11 15:19:41
U00370,F006,La La Land,Romance,178,2024-04-11 16:08:52
U01489,F012,Squid Game,Thriller,2271,2024-04-11 16:10:10
U01510,F006,La La Land,Romance,5512,2024-04-11 17:22:55
U01179,F004,Interstellar,Science-Fiction,3822,2024-04-11 17:57:10
U00408,F003,Parasite,Thriller,3926,2024-04-11 18:00:22
U01395,F008,Joker,Drame,6141,2024-04-11 22:05:34
U00180,F013,Stranger Things,Fantastique,842,2024-04-11 22:36:20
U00975,F007,Avengers Endgame,Action,234,2024-04-11 23:13:03
U00293,F004,Interstellar,Science-Fiction,4715,2024-04-12 00:55:45
U00151,F007,Avengers Endgame,Action,9371,2024-04-12 01:10:28
U01142,F010,Breaking Bad,Thriller,74,2024-04-12 01:14:45
U00649,F002,Le Seigneur des Anneaux,Fantasy,8669,2024-04-12 01:29:55
U00162,F001,Inception,Science-Fiction,290,2024-04-12 01:53:38
U01510,F009,The Office,Comédie,885,2024-04-12 03:09:13
U00878,F007,Avengers Endgame,Action,1972,2024-04-12 04:01:37
U00575,F012,Squid Game,Thriller,130,2024-04-12 05:31:29
U00379,F007,Avengers Endgame,Action,131,2024-04-12 05:46:33
U00865,F002,Le Seigneur des Anneaux,Fantasy,6179,2024-04-12 06:06:25
U00289,F001,Inception,Science-Fiction,6115,2024-04-12 07:38:14
U01604,F005,Intouchables,Comédie dramatique,2254,2024-04-12 07:54:17
U01428,F010,Breaking Bad,Thriller,2265,2024-04-12 08:22:12
U01535,F014,The Crown,Drame,359,2024-04-12 09:35:18
U00293,F008,Joker,Drame,7215,2024-04-12 10:38:10
U01062,F002,Le Seigneur des Anneaux,Fantasy,3028,2024-04-12 11:26:35
U01638,F008,Joker,Drame,4884,2024-04-12 12:09:19
U01240,F015,Notre-Dame en Flammes,Documentaire,2549,2024-04-12 13:00:51
U01228,F012,Squid Game,Thriller,494,2024-04-12 14:31:15
U00906,F007,Avengers Endgame,Action,222,2024-04-12 14:39:25
U00048,F004,Interstellar,Science-Fiction,1116,2024-04-12 15:10:28
U01681,F011,Dark,Science-Fiction,2396,2024-04-12 17:30:41
U00504,F005,Intouchables,Comédie dramatique,4804,2024-04-12 19:31:46
U00216,F007,Avengers Endgame,Action,5017,2024-04-12 21:45:41
U00194,F001,Inception,Science-Fiction,1433,2024-04-12 21:52:07
U01608,F005,Intouchables,Comédie dramatique,3007,2024-04-12 22:01:12
U01093,F001,Inception,Science-Fiction,529,2024-04-13 00:02:23
U00839,F010,Breaking Bad,Thriller,2456,2024-04-13 00:26:48
U00771,F012,Squid Game,Thriller,700,2024-04-13 00:38:42
U00112,F007,Avengers Endgame,Action,664,2024-04-13 00:52:58
U01510,F003,Parasite,Thriller,7534,2024-04-13 01:45:26
U00964,F004,Interstellar,Science-Fiction,2832,2024-04-13 02:20:59
U00432,F001,Inception,Science-Fiction,49,2024-04-13 02:42:39
U01487,F004,Interstellar,Science-Fiction,3984,2024-04-13 02:52:08
U00560,F005,Intouchables,Comédie dramatique,1257,2024-04-13 03:48:11
U00436,F002,Le Seigneur des Anneaux,Fantasy,174,2024-04-13 04:00:24
U00491,F005,Intouchables,Comédie dramatique,3846,2024-04-13 04:27:27
U01365,F003,Parasite,Thriller,3024,2024-04-13 05:25:55
U01586,F013,Stranger Things,Fantastique,1998,2024-04-13 07:30:32
U00434,F011,Dark,Science-Fiction,2059,2024-04-13 08:00:54
U00994,F010,Breaking Bad,Thriller,61,2024-04-13 08:03:08
U01806,F015,Notre-Dame en Flammes,Documentaire,4200,2024-04-13 11:02:15
U00165,F012,Squid Game,Thriller,1764,2024-04-13 11:59:36
U01995,F002,Le Seigneur des Anneaux,Fantasy,2275,2024-04-13 12:12:42
U00396,F012,Squid Game,Thriller,3142,2024-04-13 13:13:37
U01894,F004,Interstellar,Science-Fiction,6922,2024-04-13 14:48:34
U00202,F002,Le Seigneur des Anneaux,Fantasy,10238,2024-04-13 15:41:40
U01056,F004,Interstellar,Science-Fiction,9281,2024-04-13 16:19:05
U01618,F012,Squid Game,Thriller,1339,2024-04-13 18:13:46
U01383,F004,Interstellar,Science-Fiction,9336,2024-04-13 18:48:56
U00745,F002,Le Seigneur des Anneaux,Fantasy,9671,2024-04-13 19:08:55
U01148,F003,Parasite,Thriller,3460,2024-04-13 19:35:40
U00671,F002,Le Seigneur des Anneaux,Fantasy,94,2024-04-13 22:07:28
U00541,F008,Joker,Drame,1091,2024-04-13 22:25:27
U01116,F001,Inception,Science-Fiction,1861,2024-04-14 00:35:28
U00605,F012,Squid Game,Thriller,1818,2024-04-14 01:40:49
U00570,F008,Joker,Drame,680,2024-04-14 02:24:09
U00280,F008,Joker,Drame,5632,2024-04-14 03:01:56
U01100,F005,Intouchables,Comédie dramatique,2758,2024-04-14 04:24:57
U00803,F005,Intouchables,Comédie dramatique,3133,2024-04-14 04:25:45
U01735,F007,Avengers Endgame,Action,8532,2024-04-14 04:26:52
U01657,F007,Avengers Endgame,Action,747,2024-04-14 04:53:52
U01400,F008,Joker,Drame,1683,2024-04-14 05:19:32
U00887,F015,Notre-Dame en Flammes,Documentaire,4428,2024-04-14 08:12:34
U00571,F004,Interstellar,Science-Fiction,8819,2024-04-14 09:24:18
U01068,F002,Le Seigneur des Anneaux,Fantasy,1437,2024-04-14 10:30:23
U01609,F004,Interstellar,Science-Fiction,4726,2024-04-14 11:24:22
U01303,F007,Avengers Endgame,Action,6629,2024-04-14 11:27:38
U00835,F008,Joker,Drame,3886,2024-04-14 12:45:02
U00968,F009,The Office,Comédie,984,2024-04-14 12:57:53
U00124,F012,Squid Game,Thriller,2345,2024-04-14 13:10:19
U01766,F004,Interstellar,Science-Fiction,6832,2024-04-14 15:04:00
U01410,F012,Squid Game,Thriller,2449,2024-04-14 17:13:20
U01314,F007,Avengers Endgame,Action,922,2024-04-14 17:36:41
U00280,F007,Avengers Endgame,Action,3237,2024-04-14 17:44:06
U00519,F009,The Office,Comédie,201,2024-04-14 18:50:08
U00438,F001,Inception,Science-Fiction,7904,2024-04-14 19:10:00
U01457,F001,Inception,Science-Fiction,6416,2024-04-14 19:10:53
U00177,F010,Breaking Bad,Thriller,859,2024-04-14 21:12:19
U00017,F011,Dark,Science-Fiction,561,2024-04-14 21:13:08
U00839,F001,Inception,Science-Fiction,6988,2024-04-14 21:50:15
U00259,F012,Squid Game,Thriller,3191,2024-04-14 22:39:33
U00610,F010,Breaking Bad,Thriller,283,2024-04-14 22:53:59
U00580,F002,Le Seigneur des Anneaux,Fantasy,10317,2024-04-14 23:42:07
U01676,F004,Interstellar,Science-Fiction,5987,2024-04-14 23:49:46
U01310,F002,Le Seigneur des Anneaux,Fantasy,6429,2024-04-15 00:38:07
U00515,F010,Breaking Bad,Thriller,204,2024-04-15 01:40:18
U00660,F004,Interstellar,Science-Fiction,7510,2024-04-15 08:18:26
U01812,F014,The Crown,Drame,2555,2024-04-15 08:39:18
U01173,F004,Interstellar,Science-Fiction,1937,2024-04-15 09:24:57
U00329,F007,Avengers Endgame,Action,5100,2024-04-15 10:03:45
U01526,F008,Joker,Drame,5137,2024-04-15 10:07:46
U01283,F001,Inception,Science-Fiction,850,2024-04-15 10:19:01
U00821,F007,Avengers Endgame,Action,6253,2024-04-15 10:33:01
U01573,F012,Squid Game,Thriller,2659,2024-04-15 10:39:03
U01482,F013,Stranger Things,Fantastique,1050,2024-04-15 11:24:41
U01570,F013,Stranger Things,Fantastique,1177,2024-04-15 11:40:27
U00887,F007,Avengers Endgame,Action,106,2024-04-15 13:00:51
U00621,F004,Interstellar,Science-Fiction,1949,2024-04-15 13:55:34
U00564,F012,Squid Game,Thriller,2800,2024-04-15 15:19:07
U00219,F011,Dark,Science-Fiction,1502,2024-04-15 16:12:07
U01060,F011,Dark,Science-Fiction,1274,2024-04-15 16:16:47
U01725,F001,Inception,Science-Fiction,3397,2024-04-15 17:54:10
U00326,F001,Inception,Science-Fiction,6479,2024-04-15 19:14:21
U00029,F007,Avengers Endgame,Action,10424,2024-04-15 20:40:21
U01029,F006,La La Land,Romance,2107,2024-04-15 20:42:44
U01426,F013,Stranger Things,Fantastique,219,2024-04-15 21:13:12
U01279,F001,Inception,Science-Fiction,7781,2024-04-16 01:34:35
U01338,F015,Notre-Dame en Flammes,Documentaire,276,2024-04-16 03:22:04
U00049,F010,Breaking Bad,Thriller,652,2024-04-16 03:31:36
U00433,F002,Le Seigneur des Anneaux,Fantasy,9476,2024-04-16 04:42:06
U00656,F004,Interstellar,Science-Fiction,5901,2024-04-16 04:45:44
U00203,F003,Parasite,Thriller,7391,2024-04-16 04:48:28
U01437,F001,Inception,Science-Fiction,6417,2024-04-16 05:00:51
U00904,F009,The Office,Comédie,380,2024-04-16 06:28:50
U00048,F008,Joker,Drame,5774,2024-04-16 07:18:00
U01431,F013,Stranger Things,Fantastique,623,2024-04-16 07:46:47
U00305,F003,Parasite,Thriller,49,2024-04-16 08:34:31
U00517,F008,Joker,Drame,65,2024-04-16 08:58:57
U00436,F004,Interstellar,Science-Fiction,46,2024-04-16 08:59:42
U01923,F004,Interstellar,Science-Fiction,8223,2024-04-16 10:11:48
U00044,F007,Avengers Endgame,Action,5785,2024-04-16 11:42:11
U01323,F012,Squid Game,Thriller,3220,2024-04-16 11:47:50
U01302,F004,Interstellar,Science-Fiction,5875,2024-04-16 13:06:25
U00162,F004,Interstellar,Science-Fiction,9402,2024-04-16 14:04:08
U00605,F001,Inception,Science-Fiction,7682,2024-04-16 14:20:33
U00867,F003,Parasite,Thriller,139,2024-04-16 14:57:59
U00598,F009,The Office,Comédie,807,2024-04-16 16:51:38
U01175,F007,Avengers Endgame,Action,9039,2024-04-16 17:11:53
U01349,F013,Stranger Things,Fantastique,338,2024-04-16 18:50:11
U00161,F004,Interstellar,Science-Fiction,6844,2024-04-16 19:53:46
U01593,F007,Avengers Endgame,Action,8590,2024-04-16 21:11:57
U00292,F011,Dark,Science-Fiction,1086,2024-04-17 02:16:04
U00400,F012,Squid Game,Thriller,958,2024-04-17 03:11:41
U01281,F004,Interstellar,Science-Fiction,8996,2024-04-17 03:22:18
U00490,F009,The Office,Comédie,748,2024-04-17 03:55:04
U01923,F003,Parasite,Thriller,208,2024-04-17 04:42:34
U00638,F004,Interstellar,Science-Fiction,4720,2024-04-17 07:13:21
U01674,F005,Intouchables,Comédie dramatique,133,2024-04-17 07:20:58
U00435,F008,Joker,Drame,55,2024-04-17 09:18:20
U00148,F010,Breaking Bad,Thriller,141,2024-04-17 09:37:26
U00010,F004,Interstellar,Science-Fiction,8462,2024-04-17 10:50:34
U01853,F004,Interstellar,Science-Fiction,8083,2024-04-17 13:13:28
U00723,F013,Stranger Things,Fantastique,2306,2024-04-17 15:10:54
U00661,F010,Breaking Bad,Thriller,144,2024-04-17 16:08:55
U00084,F001,Inception,Science-Fiction,8659,2024-04-17 16:54:11
U01357,F013,Stranger Things,Fantastique,75,2024-04-17 17:46:55
U00695,F007,Avengers Endgame,Action,4259,2024-04-17 20:03:09
U00804,F002,Le Seigneur des Anneaux,Fantasy,9840,2024-04-17 20:04:05
U01761,F012,Squid Game,Thriller,2188,2024-04-17 20:09:32
U00935,F009,The Office,Comédie,702,2024-04-17 20:40:40
U00155,F007,Avengers Endgame,Action,3344,2024-04-17 21:47:53
U00087,F013,Stranger Things,Fantastique,1314,2024-04-17 21:51:51
U01555,F001,Inception,Science-Fiction,4824,2024-04-17 22:31:24
U00101,F010,Breaking Bad,Thriller,2581,2024-04-17 23:53:14
U01414,F001,Inception,Science-Fiction,7529,2024-04-17 23:57:20
U01522,F011,Dark,Science-Fiction,1284,2024-04-18 00:01:28
U00063,F011,Dark,Science-Fiction,382,2024-04-18 00:41:06
U01437,F007,Avengers Endgame,Action,5127,2024-04-18 00:55:31
U00356,F003,Parasite,Thriller,7475,2024-04-18 01:11:41
U00880,F005,Intouchables,Comédie dramatique,4202,2024-04-18 02:21:42
U00510,F003,Parasite,Thriller,221,2024-04-18 03:19:30
U00978,F010,Breaking Bad,Thriller,1628,2024-04-18 04:20:37
U00232,F012,Squid Game,Thriller,1453,2024-04-18 05:05:08
U01075,F007,Avengers Endgame,Action,2701,2024-04-18 06:25:27
U00387,F003,Parasite,Thriller,6074,2024-04-18 07:32:21
U01286,F010,Breaking Bad,Thriller,1837,2024-04-18 09:11:32
U01573,F005,Intouchables,Comédie dramatique,2989,2024-04-18 09:26:49
U01954,F007,Avengers Endgame,Action,3946,2024-04-18 10:06:11
U01765,F008,Joker,Drame,3507,2024-04-18 11:03:02
U00847,F001,Inception,Science-Fiction,2621,2024-04-18 11:31:35
U00321,F003,Parasite,Thriller,6654,2024-04-18 11:49:31
U00810,F010,Breaking Bad,Thriller,2489,2024-04-18 12:44:24
U00851,F012,Squid Game,Thriller,1205,2024-04-18 13:29:01
U01166,F001,Inception,Science-Fiction,5815,2024-04-18 14:02:01
U01798,F001,Inception,Science-Fiction,3162,2024-04-18 14:35:55
U00999,F003,Parasite,Thriller,5354,2024-04-18 14:36:21
U00849,F014,The Crown,Drame,1355,2024-04-18 16:40:50
U00451,F012,Squid Game,Thriller,2267,2024-04-18 17:14:02
U01528,F008,Joker,Drame,5810,2024-04-18 18:42:06
U01606,F001,Inception,Science-Fiction,5625,2024-04-18 20:52:23
U01651,F013,Stranger Things,Fantastique,2535,2024-04-18 20:53:16
U01877,F013,Stranger Things,Fantastique,605,2024-04-18 22:04:36
U00484,F004,Interstellar,Science-Fiction,7049,2024-04-18 22:21:04
U00252,F012,Squid Game,Thriller,1471,2024-04-18 22:36:55
U01307,F007,Avengers Endgame,Action,9983,2024-04-18 23:04:58
U00415,F004,Interstellar,Science-Fiction,60,2024-04-18 23:25:13
U00863,F003,Parasite,Thriller,5043,2024-04-18 23:29:03
U00480,F015,Notre-Dame en Flammes,Documentaire,2850,2024-04-19 00:50:20
U01265,F010,Breaking Bad,Thriller,283,2024-04-19 00:54:12
U01785,F011,Dark,Science-Fiction,155,2024-04-19 01:24:24
U00138,F005,Intouchables,Comédie dramatique,120,2024-04-19 02:27:46
U01668,F004,Interstellar,Science-Fiction,5505,2024-04-19 03:27:30
U01531,F006,La La Land,Romance,3085,2024-04-19 05:31:23
U00976,F005,Intouchables,Comédie dramatique,2246,2024-04-19 06:46:07
U01639,F012,Squid Game,Thriller,255,2024-04-19 07:13:07
U00494,F007,Avengers Endgame,Action,7521,2024-04-19 07:17:45
U00451,F012,Squid Game,Thriller,1663,2024-04-19 08:36:28
U01491,F012,Squid Game,Thriller,1251,2024-04-19 09:45:51
U00222,F004,Interstellar,Science-Fiction,4056,2024-04-19 10:27:37
U01804,F007,Avengers Endgame,Action,3616,2024-04-19 10:36:10
U01889,F006,La La Land,Romance,5372,2024-04-19 10:52:00
U01001,F012,Squid Game,Thriller,134,2024-04-19 10:54:57
U01185,F011,Dark,Science-Fiction,1742,2024-04-19 11:05:44
U00581,F003,Parasite,Thriller,5776,2024-04-19 12:27:58
U01071,F011,Dark,Science-Fiction,1670,2024-04-19 13:04:35
U01344,F008,Joker,Drame,4478,2024-04-19 15:07:15
U01351,F001,Inception,Science-Fiction,236,2024-04-19 15:13:28
U01552,F005,Intouchables,Comédie dramatique,174,2024-04-19 15:49:26
U00941,F013,Stranger Things,Fantastique,102,2024-04-19 16:44:46
U00221,F015,Notre-Dame en Flammes,Documentaire,67,2024-04-19 16:51:36
U00963,F002,Le Seigneur des Anneaux,Fantasy,9409,2024-04-19 18:01:11
U00184,F004,Interstellar,Science-Fiction,5945,2024-04-19 20:31:32
U00639,F013,Stranger Things,Fantastique,216,2024-04-19 21:42:40
U01392,F007,Avengers Endgame,Action,814,2024-04-19 22:00:03
U01501,F010,Breaking Bad,Thriller,133,2024-04-19 22:03:05
U01987,F005,Intouchables,Comédie dramatique,6641,2024-04-19 22:15:46
U01028,F005,Intouchables,Comédie dramatique,942,2024-04-19 22:35:14
U01604,F002,Le Seigneur des Anneaux,Fantasy,3340,2024-04-19 23:20:52
U01547,F007,Avengers Endgame,Action,1208,2024-04-20 00:02:54
U01455,F008,Joker,Drame,1512,2024-04-20 00:23:33
U01147,F007,Avengers Endgame,Action,2734,2024-04-20 00:47:42
U00017,F004,Interstellar,Science-Fiction,3756,2024-04-20 01:17:09
U00842,F001,Inception,Science-Fiction,2351,2024-04-20 01:19:34
U00307,F010,Breaking Bad,Thriller,1573,2024-04-20 02:12:50
U00968,F008,Joker,Drame,3287,2024-04-20 03:48:07
U00383,F003,Parasite,Thriller,5540,2024-04-20 05:22:19
U00872,F007,Avengers Endgame,Action,1122,2024-04-20 06:13:41
U01569,F001,Inception,Science-Fiction,2440,2024-04-20 06:24:32
U00806,F012,Squid Game,Thriller,2749,2024-04-20 06:40:24
U01843,F007,Avengers Endgame,Action,4293,2024-04-20 08:10:00
U01329,F002,Le Seigneur des Anneaux,Fantasy,3613,2024-04-20 09:03:40
U00523,F007,Avengers Endgame,Action,10137,2024-04-20 09:11:03
U00375,F001,Inception,Science-Fiction,4812,2024-04-20 10:04:26
U01093,F012,Squid Game,Thriller,912,2024-04-20 12:03:46
U01864,F008,Joker,Drame,4923,2024-04-20 13:22:50
U01042,F014,The Crown,Drame,862,2024-04-20 14:32:47
U00278,F005,Intouchables,Comédie dramatique,4766,2024-04-20 14:36:52
U00960,F007,Avengers Endgame,Action,6078,2024-04-20 15:07:23
U00094,F008,Joker,Drame,6587,2024-04-20 15:34:37
U00043,F012,Squid Game,Thriller,1124,2024-04-20 15:47:41
U01944,F001,Inception,Science-Fiction,4916,2024-04-20 16:13:04
U01209,F010,Breaking Bad,Thriller,2111,2024-04-20 16:47:56
U01443,F012,Squid Game,Thriller,718,2024-04-20 17:08:51
U01061,F013,Stranger Things,Fantastique,2313,2024-04-20 18:47:23
U01792,F010,Breaking Bad,Thriller,959,2024-04-20 20:15:34
U01616,F008,Joker,Drame,7349,2024-04-20 20:57:06
U00322,F001,Inception,Science-Fiction,7881,2024-04-20 22:26:36
U01155,F010,Breaking Bad,Thriller,2314,2024-04-20 22:56:33
U01284,F003,Parasite,Thriller,3222,2024-04-20 23:10:45
U01465,F013,Stranger Things,Fantastique,1398,2024-04-21 05:48:16
U00788,F013,Stranger Things,Fantastique,1367,2024-04-21 06:05:12
U01100,F007,Avengers Endgame,Action,4663,2024-04-21 06:55:06
U01373,F001,Inception,Science-Fiction,1618,2024-04-21 07:27:01
U01072,F012,Squid Game,Thriller,2354,2024-04-21 08:49:04
U00843,F010,Breaking Bad,Thriller,327,2024-04-21 08:52:53
U01011,F007,Avengers Endgame,Action,5511,2024-04-21 09:51:50
U00614,F010,Breaking Bad,Thriller,116,2024-04-21 11:19:26
U01299,F003,Parasite,Thriller,3673,2024-04-21 11:26:58
U01832,F001,Inception,Science-Fiction,4699,2024-04-21 11:52:45
U01098,F001,Inception,Science-Fiction,6473,2024-04-21 13:43:58
U01822,F015,Notre-Dame en Flammes,Documentaire,263,2024-04-21 15:42:03
U01148,F013,Stranger Things,Fantastique,2000,2024-04-21 18:23:29
U01056,F015,Notre-Dame en Flammes,Documentaire,4210,2024-04-21 19:32:46
U00460,F010,Breaking Bad,Thriller,845,2024-04-21 20:00:00
U01800,F008,Joker,Drame,4514,2024-04-21 20:32:31
U00063,F007,Avengers Endgame,Action,160,2024-04-21 21:21:01
U01786,F014,The Crown,Drame,2160,2024-04-21 22:37:09
U01278,F007,Avengers Endgame,Action,4288,2024-04-21 22:46:39
U00760,F005,Intouchables,Comédie dramatique,4453,2024-04-22 01:40:48
U01660,F010,Breaking Bad,Thriller,237,2024-04-22 02:05:29
U00631,F004,Interstellar,Science-Fiction,8545,2024-04-22 03:37:46
U00538,F002,Le Seigneur des Anneaux,Fantasy,5437,2024-04-22 03:44:18
U01397,F004,Interstellar,Science-Fiction,4738,2024-04-22 03:50:57
U00273,F003,Parasite,Thriller,5618,2024-04-22 06:34:06
U01298,F003,Parasite,Thriller,3169,2024-04-22 07:27:01
U00003,F012,Squid Game,Thriller,2921,2024-04-22 08:00:01
U01312,F013,Stranger Things,Fantastique,62,2024-04-22 08:14:33
U00811,F003,Parasite,Thriller,6297,2024-04-22 08:55:40
U00618,F013,Stranger Things,Fantastique,1963,2024-04-22 09:50:34
U01433,F007,Avengers Endgame,Action,2675,2024-04-22 09:51:37
U00603,F008,Joker,Drame,2655,2024-04-22 10:36:13
U00045,F002,Le Seigneur des Anneaux,Fantasy,1356,2024-04-22 11:47:34
U01497,F012,Squid Game,Thriller,2853,2024-04-22 12:49:15
U01404,F002,Le Seigneur des Anneaux,Fantasy,9625,2024-04-22 12:57:42
U00504,F007,Avengers Endgame,Action,10125,2024-04-22 13:34:54
U00969,F005,Intouchables,Comédie dramatique,4842,2024-04-22 14:20:36
U01872,F010,Breaking Bad,Thriller,1591,2024-04-22 15:35:57
U00783,F007,Avengers Endgame,Action,5766,2024-04-22 16:06:31
U01826,F007,Avengers Endgame,Action,7999,2024-04-22 16:45:36
U00081,F007,Avengers Endgame,Action,9942,2024-04-22 16:47:50
U00782,F003,Parasite,Thriller,7745,2024-04-22 19:06:45
U00175,F007,Avengers Endgame,Action,4576,2024-04-22 19:44:37
U01907,F004,Interstellar,Science-Fiction,255,2024-04-22 20:31:25
U00920,F011,Dark,Science-Fiction,2019,2024-04-22 20:41:15
U00026,F001,Inception,Science-Fiction,7038,2024-04-22 22:10:04
U01738,F007,Avengers Endgame,Action,10000,2024-04-22 22:12:54
U01209,F007,Avengers Endgame,Action,7471,2024-04-22 22:52:58
U01341,F002,Le Seigneur des Anneaux,Fantasy,277,2024-04-23 01:04:36
U00453,F012,Squid Game,Thriller,3111,2024-04-23 02:21:04
U00006,F006,La La Land,Romance,5734,2024-04-23 02:44:00
U01295,F007,Avengers Endgame,Action,1476,2024-04-23 02:51:06
U01797,F002,Le Seigneur des Anneaux,Fantasy,296,2024-04-23 03:10:31
U01066,F003,Parasite,Thriller,7548,2024-04-23 04:36:52
U00232,F004,Interstellar,Science-Fiction,8501,2024-04-23 07:02:03
U00515,F012,Squid Game,Thriller,425,2024-04-23 08:08:23
U01225,F011,Dark,Science-Fiction,1375,2024-04-23 08:12:52
U01594,F008,Joker,Drame,2398,2024-04-23 08:54:54
U00700,F005,Intouchables,Comédie dramatique,6636,2024-04-23 09:29:02
U01875,F011,Dark,Science-Fiction,1023,2024-04-23 10:11:37
U01315,F006,La La Land,Romance,6753,2024-04-23 10:51:51
U01759,F010,Breaking Bad,Thriller,2587,2024-04-23 12:35:47
U01778,F010,Breaking Bad,Thriller,204,2024-04-23 12:56:34
U00494,F007,Avengers Endgame,Action,9415,2024-04-23 13:17:22
U01514,F010,Breaking Bad,Thriller,1287,2024-04-23 13:27:55
U01248,F011,Dark,Science-Fiction,2016,2024-04-23 13:45:03
U01530,F014,The Crown,Drame,286,2024-04-23 14:11:56
U00048,F008,Joker,Drame,1999,2024-04-23 15:33:45
U00931,F010,Breaking Bad,Thriller,1621,2024-04-23 15:55:12
U01461,F004,Interstellar,Science-Fiction,4817,2024-04-23 16:00:25
U01660,F001,Inception,Science-Fiction,5798,2024-04-23 16:13:30
U01094,F010,Breaking Bad,Thriller,422,2024-04-23 18:36:49
U00358,F007,Avengers Endgame,Action,10711,2024-04-23 18:56:27
U01222,F012,Squid Game,Thriller,3003,2024-04-23 19:44:46
U00540,F006,La La Land,Romance,3618,2024-04-23 23:06:02
U01075,F015,Notre-Dame en Flammes,Documentaire,2222,2024-04-23 23:33:14
U01896,F008,Joker,Drame,3961,2024-04-24 00:39:51
U00949,F011,Dark,Science-Fiction,2700,2024-04-24 02:01:11
U00882,F008,Joker,Drame,6044,2024-04-24 02:06:05
U00349,F012,Squid Game,Thriller,2020,2024-04-24 02:15:57
U00294,F001,Inception,Science-Fiction,7308,2024-04-24 02:20:58
U00470,F010,Breaking Bad,Thriller,682,2024-04-24 02:43:22
U01756,F010,Breaking Bad,Thriller,227,2024-04-24 03:00:05
U01627,F004,Interstellar,Science-Fiction,1518,2024-04-24 04:48:05
U00457,F013,Stranger Things,Fantastique,1417,2024-04-24 04:48:52
U00976,F012,Squid Game,Thriller,1079,2024-04-24 09:32:08
U01867,F004,Interstellar,Science-Fiction,6031,2024-04-24 10:46:40
U00040,F012,Squid Game,Thriller,824,2024-04-24 11:42:22
U00849,F004,Interstellar,Science-Fiction,1680,2024-04-24 12:13:37
U00484,F003,Parasite,Thriller,6662,2024-04-24 12:37:21
U00280,F011,Dark,Science-Fiction,2467,2024-04-24 13:23:54
U01332,F005,Intouchables,Comédie dramatique,157,2024-04-24 13:27:43
U00454,F010,Breaking Bad,Thriller,243,2024-04-24 15:23:29
U00290,F010,Breaking Bad,Thriller,696,2024-04-24 15:29:38
U01934,F001,Inception,Science-Fiction,6271,2024-04-24 15:49:06
U01850,F004,Interstellar,Science-Fiction,3803,2024-04-24 18:05:18
U01229,F001,Inception,Science-Fiction,4276,2024-04-24 18:10:25
U01061,F008,Joker,Drame,1904,2024-04-24 18:39:05
U01395,F002,Le Seigneur des Anneaux,Fantasy,284,2024-04-24 19:14:05
U00634,F009,The Office,Comédie,656,2024-04-24 19:42:22
U01420,F002,Le Seigneur des Anneaux,Fantasy,96,2024-04-24 20:17:34
U01177,F001,Inception,Science-Fiction,8698,2024-04-24 20:21:05
U01499,F006,La La Land,Romance,1768,2024-04-24 20:57:59
U00394,F003,Parasite,Thriller,69,2024-04-24 20:58:55
U01350,F005,Intouchables,Comédie dramatique,227,2024-04-24 20:59:05
U01608,F001,Inception,Science-Fiction,5645,2024-04-24 23:14:49
U00415,F004,Interstellar,Science-Fiction,8173,2024-04-25 03:32:49
U00775,F011,Dark,Science-Fiction,1088,2024-04-25 04:37:44
U01914,F007,Avengers Endgame,Action,1976,2024-04-25 04:43:49
U01922,F013,Stranger Things,Fantastique,274,2024-04-25 04:58:00
U01531,F012,Squid Game,Thriller,3260,2024-04-25 05:11:52
U01294,F011,Dark,Science-Fiction,754,2024-04-25 07:31:06
U01617,F007,Avengers Endgame,Action,2412,2024-04-25 08:51:53
U01864,F014,The Crown,Drame,2509,2024-04-25 11:14:21
U01880,F004,Interstellar,Science-Fiction,150,2024-04-25 12:10:56
U00448,F015,Notre-Dame en Flammes,Documentaire,156,2024-04-25 14:50:54
U00892,F007,Avengers Endgame,Action,8748,2024-04-25 17:08:05
U00098,F011,Dark,Science-Fiction,2269,2024-04-25 17:11:55
U01969,F004,Interstellar,Science-Fiction,59,2024-04-25 17:47:17
U01976,F006,La La Land,Romance,6634,2024-04-25 17:54:32
U01246,F014,The Crown,Drame,755,2024-04-25 19:08:53
U01206,F004,Interstellar,Science-Fiction,53,2024-04-25 19:26:47
U01790,F001,Inception,Science-Fiction,294,2024-04-25 19:40:37
U01100,F006,La La Land,Romance,4974,2024-04-25 19:54:19
U00023,F010,Breaking Bad,Thriller,592,2024-04-25 19:57:10
U01684,F005,Intouchables,Comédie dramatique,495,2024-04-25 21:53:48
U00992,F003,Parasite,Thriller,2585,2024-04-25 22:12:49
U01713,F012,Squid Game,Thriller,2250,2024-04-25 22:28:29
U01326,F011,Dark,Science-Fiction,1596,2024-04-25 22:39:23
U01136,F001,Inception,Science-Fiction,1864,2024-04-26 01:40:24
U01649,F002,Le Seigneur des Anneaux,Fantasy,4496,2024-04-26 02:04:20
U00759,F001,Inception,Science-Fiction,6711,2024-04-26 02:16:45
U00725,F011,Dark,Science-Fiction,1307,2024-04-26 04:19:40
U01475,F011,Dark,Science-Fiction,83,2024-04-26 07:39:38
U00183,F004,Interstellar,Science-Fiction,1845,2024-04-26 08:10:39
U00674,F007,Avengers Endgame,Action,10746,2024-04-26 08:49:18
U01013,F003,Parasite,Thriller,7359,2024-04-26 09:31:57
U01386,F002,Le Seigneur des Anneaux,Fantasy,5379,2024-04-26 11:14:45
U00238,F007,Avengers Endgame,Action,1507,2024-04-26 15:24:02
U01563,F004,Interstellar,Science-Fiction,6806,2024-04-26 15:27:07
U01154,F010,Breaking Bad,Thriller,88,2024-04-26 15:34:53
U01896,F007,Avengers Endgame,Action,6916,2024-04-26 15:44:12
U01766,F004,Interstellar,Science-Fiction,1415,2024-04-26 16:15:35
U00583,F010,Breaking Bad,Thriller,1795,2024-04-26 17:02:24
U00867,F015,Notre-Dame en Flammes,Documentaire,3717,2024-04-26 17:47:41
U01517,F014,The Crown,Drame,109,2024-04-26 20:31:07
U01283,F012,Squid Game,Thriller,1826,2024-04-26 20:45:28
U00997,F004,Interstellar,Science-Fiction,3188,2024-04-26 22:46:21
U00863,F006,La La Land,Romance,7461,2024-04-27 02:20:02
U01616,F014,The Crown,Drame,285,2024-04-27 03:43:33
U01754,F004,Interstellar,Science-Fiction,9528,2024-04-27 04:22:45
U01957,F004,Interstellar,Science-Fiction,863,2024-04-27 06:09:12
U00483,F007,Avengers Endgame,Action,3000,2024-04-27 06:20:21
U00438,F010,Breaking Bad,Thriller,2656,2024-04-27 06:23:37
U01914,F012,Squid Game,Thriller,2455,2024-04-27 09:15:51
U01706,F003,Parasite,Thriller,1034,2024-04-27 09:20:17
U00926,F012,Squid Game,Thriller,1375,2024-04-27 09:48:38
U00636,F013,Stranger Things,Fantastique,2421,2024-04-27 11:00:15
U01380,F014,The Crown,Drame,3447,2024-04-27 12:57:52
U01852,F011,Dark,Science-Fiction,1241,2024-04-27 13:24:18
U00411,F004,Interstellar,Science-Fiction,6938,2024-04-27 13:30:49
U00309,F006,La La Land,Romance,3035,2024-04-27 13:58:13
U00646,F013,Stranger Things,Fantastique,1853,2024-04-27 15:30:27
U00643,F010,Breaking Bad,Thriller,1446,2024-04-27 15:39:38
U01305,F003,Parasite,Thriller,6348,2024-04-27 15:45:35
U01839,F001,Inception,Science-Fiction,196,2024-04-27 16:05:37
U01409,F002,Le Seigneur des Anneaux,Fantasy,2721,2024-04-27 16:18:52
U00068,F003,Parasite,Thriller,7152,2024-04-27 16:34:48
U01071,F002,Le Seigneur des Anneaux,Fantasy,3367,2024-04-27 18:35:19
U01902,F011,Dark,Science-Fiction,830,2024-04-27 19:59:15
U00103,F012,Squid Game,Thriller,1650,2024-04-27 20:19:36
U01948,F015,Notre-Dame en Flammes,Documentaire,3972,2024-04-27 20:20:34
U00569,F005,Intouchables,Comédie dramatique,1698,2024-04-27 20:47:45
U01245,F012,Squid Game,Thriller,2074,2024-04-27 22:24:41
U00469,F005,Intouchables,Comédie dramatique,5885,2024-04-27 22:51:42
U00595,F011,Dark,Science-Fiction,153,2024-04-28 01:32:35
U00020,F015,Notre-Dame en Flammes,Documentaire,1185,2024-04-28 02:04:02
U01374,F001,Inception,Science-Fiction,8542,2024-04-28 02:57:39
U01928,F011,Dark,Science-Fiction,2528,2024-04-28 05:16:25
U00262,F004,Interstellar,Science-Fiction,8531,2024-04-28 07:08:00
U00965,F011,Dark,Science-Fiction,1768,2024-04-28 07:49:21
U01222,F005,Intouchables,Comédie dramatique,3708,2024-04-28 07:55:38
U01093,F001,Inception,Science-Fiction,4848,2024-04-28 08:14:24
U02000,F004,Interstellar,Science-Fiction,451,2024-04-28 08:19:11
U00024,F008,Joker,Drame,4031,2024-04-28 08:47:13
U01705,F012,Squid Game,Thriller,86,2024-04-28 11:54:22
U00257,F009,The Office,Comédie,1031,2024-04-28 12:08:38
U01929,F010,Breaking Bad,Thriller,1818,2024-04-28 12:33:10
U01074,F004,Interstellar,Science-Fiction,6651,2024-04-28 13:41:31
U00907,F004,Interstellar,Science-Fiction,8402,2024-04-28 14:21:00
U01144,F001,Inception,Science-Fiction,95,2024-04-28 16:08:12
U00602,F015,Notre-Dame en Flammes,Documentaire,3438,2024-04-28 16:40:38
U00580,F012,Squid Game,Thriller,280,2024-04-28 18:27:46
U01154,F004,Interstellar,Science-Fiction,8176,2024-04-28 19:16:32
U00346,F004,Interstellar,Science-Fiction,5613,2024-04-28 19:42:39
U01989,F002,Le Seigneur des Anneaux,Fantasy,2906,2024-04-28 20:22:44
U00137,F009,The Office,Comédie,438,2024-04-28 20:26:02
U01874,F007,Avengers Endgame,Action,4987,2024-04-28 20:41:44
U00800,F004,Interstellar,Science-Fiction,5167,2024-04-28 21:14:13
U01759,F014,The Crown,Drame,2800,2024-04-29 00:14:40
U00658,F001,Inception,Science-Fiction,2721,2024-04-29 00:44:54
U00775,F007,Avengers Endgame,Action,2086,2024-04-29 01:33:39
U00589,F012,Squid Game,Thriller,697,2024-04-29 01:53:57
U00367,F005,Intouchables,Comédie dramatique,4399,2024-04-29 02:12:50
U00638,F009,The Office,Comédie,404,2024-04-29 03:27:39
U00560,F001,Inception,Science-Fiction,249,2024-04-29 04:22:30
U01142,F010,Breaking Bad,Thriller,338,2024-04-29 04:47:32
U00183,F003,Parasite,Thriller,3869,2024-04-29 06:14:31
U00632,F008,Joker,Drame,2160,2024-04-29 07:50:11
U00459,F007,Avengers Endgame,Action,2466,2024-04-29 09:08:41
U00078,F001,Inception,Science-Fiction,3531,2024-04-29 10:51:28
U00619,F001,Inception,Science-Fiction,2973,2024-04-29 10:57:12
U00679,F010,Breaking Bad,Thriller,2545,2024-04-29 11:45:54
U01002,F005,Intouchables,Comédie dramatique,5995,2024-04-29 12:15:34
U00218,F004,Interstellar,Science-Fiction,4891,2024-04-29 13:04:07
U00987,F007,Avengers Endgame,Action,9079,2024-04-29 13:32:22
U01699,F001,Inception,Science-Fiction,1972,2024-04-29 15:12:52
U01534,F003,Parasite,Thriller,6823,2024-04-29 15:42:12
U00798,F004,Interstellar,Science-Fiction,32,2024-04-29 17:15:39
U01098,F005,Intouchables,Comédie dramatique,5211,2024-04-29 17:38:10
U01308,F004,Interstellar,Science-Fiction,89,2024-04-29 18:03:43
U00659,F011,Dark,Science-Fiction,1035,2024-04-29 18:42:14
U00995,F010,Breaking Bad,Thriller,393,2024-04-29 19:31:39
U01311,F010,Breaking Bad,Thriller,1694,2024-04-29 19:47:14
U01619,F007,Avengers Endgame,Action,77,2024-04-29 20:24:20
U00818,F006,La La Land,Romance,2788,2024-04-29 20:25:55
U00569,F010,Breaking Bad,Thriller,279,2024-04-29 22:53:49
U00658,F010,Breaking Bad,Thriller,2618,2024-04-29 23:09:17
U00702,F004,Interstellar,Science-Fiction,8886,2024-04-30 00:16:51
U00904,F013,Stranger Things,Fantastique,2731,2024-04-30 00:22:12
U00670,F004,Interstellar,Science-Fiction,8080,2024-04-30 02:55:16
U00538,F008,Joker,Drame,229,2024-04-30 03:32:36
U01494,F002,Le Seigneur des Anneaux,Fantasy,177,2024-04-30 04:40:42
U00063,F009,The Office,Comédie,410,2024-04-30 04:45:55
U00167,F008,Joker,Drame,209,2024-04-30 11:34:09
U00906,F005,Intouchables,Comédie dramatique,2701,2024-04-30 13:03:03
U00333,F008,Joker,Drame,567,2024-04-30 13:03:35
U01644,F013,Stranger Things,Fantastique,1233,2024-04-30 13:03:36
U01497,F001,Inception,Science-Fiction,5957,2024-04-30 13:19:11
U00549,F008,Joker,Drame,3995,2024-04-30 13:48:41
U01946,F001,Inception,Science-Fiction,4925,2024-04-30 16:32:11
U01870,F015,Notre-Dame en Flammes,Documentaire,887,2024-04-30 18:09:51
U00763,F001,Inception,Science-Fiction,6922,2024-04-30 18:15:27
U01660,F004,Interstellar,Science-Fiction,8194,2024-04-30 18:17:10
U00421,F013,Stranger Things,Fantastique,142,2024-04-30 19:11:11
U01148,F004,Interstellar,Science-Fiction,9756,2024-04-30 19:24:51
U00853,F004,Interstellar,Science-Fiction,7982,2024-04-30 20:08:45
U00483,F006,La La Land,Romance,2425,2024-04-30 20:36:10
U00169,F003,Parasite,Thriller,4246,2024-04-30 21:46:08
U01840,F007,Avengers Endgame,Action,30,2024-04-30 22:44:46
U01576,F001,Inception,Science-Fiction,7759,2024-05-01 00:17:21
U00704,F001,Inception,Science-Fiction,1071,2024-05-01 00:48:21
U00351,F008,Joker,Drame,5544,2024-05-01 01:06:48
U00261,F010,Breaking Bad,Thriller,1704,2024-05-01 01:47:00
U00616,F012,Squid Game,Thriller,1620,2024-05-01 01:51:08
U00368,F002,Le Seigneur des Anneaux,Fantasy,32,2024-05-01 02:33:51
U00237,F005,Intouchables,Comédie dramatique,3315,2024-05-01 04:06:54
U00143,F007,Avengers Endgame,Action,83,2024-05-01 04:31:16
U01539,F004,Interstellar,Science-Fiction,7008,2024-05-01 04:34:40
U01945,F008,Joker,Drame,243,2024-05-01 05:38:47
U01894,F012,Squid Game,Thriller,1696,2024-05-01 05:39:29
U00495,F012,Squid Game,Thriller,2674,2024-05-01 06:16:53
U00662,F012,Squid Game,Thriller,802,2024-05-01 06:46:22
U01586,F012,Squid Game,Thriller,246,2024-05-01 07:17:59
U00782,F012,Squid Game,Thriller,2803,2024-05-01 07:51:55
U01876,F010,Breaking Bad,Thriller,2579,2024-05-01 08:14:05
U01812,F010,Breaking Bad,Thriller,575,2024-05-01 08:20:06
U01113,F006,La La Land,Romance,5976,2024-05-01 09:39:11
U01594,F007,Avengers Endgame,Action,895,2024-05-01 09:47:37
U00627,F001,Inception,Science-Fiction,7766,2024-05-01 12:39:58
U00023,F001,Inception,Science-Fiction,3408,2024-05-01 14:20:13
U01003,F008,Joker,Drame,1884,2024-05-01 14:41:41
U00546,F005,Intouchables,Comédie dramatique,1800,2024-05-01 14:51:35
U01668,F008,Joker,Drame,7326,2024-05-01 16:43:04
U01282,F010,Breaking Bad,Thriller,1852,2024-05-01 16:54:22
U00848,F006,La La Land,Romance,101,2024-05-01 17:32:35
U01858,F001,Inception,Science-Fiction,2169,2024-05-01 17:51:52
U01193,F001,Inception,Science-Fiction,6703,2024-05-01 18:39:32
U00514,F006,La La Land,Romance,219,2024-05-01 18:48:38
U00223,F008,Joker,Drame,3521,2024-05-01 19:41:04
U01313,F002,Le Seigneur des Anneaux,Fantasy,2803,2024-05-01 20:05:56
U01131,F012,Squid Game,Thriller,2983,2024-05-01 20:45:31
U01583,F007,Avengers Endgame,Action,1068,2024-05-01 22:14:16
U00986,F014,The Crown,Drame,3387,2024-05-01 22:17:28
U01187,F013,Stranger Things,Fantastique,1429,2024-05-01 22:56:21
U00117,F002,Le Seigneur des Anneaux,Fantasy,658,2024-05-01 23:51:55
U00657,F008,Joker,Drame,5772,2024-05-02 00:24:01
U01709,F012,Squid Game,Thriller,61,2024-05-02 00:53:49
U01654,F005,Intouchables,Comédie dramatique,4473,2024-05-02 05:14:23
U00893,F004,Interstellar,Science-Fiction,189,2024-05-02 05:39:37
U00905,F004,Interstellar,Science-Fiction,3270,2024-05-02 08:33:20
U01971,F002,Le Seigneur des Anneaux,Fantasy,8556,2024-05-02 08:34:53
U01493,F001,Inception,Science-Fiction,6629,2024-05-02 08:35:02
U00403,F005,Intouchables,Comédie dramatique,5243,2024-05-02 08:56:05
U00626,F012,Squid Game,Thriller,1998,2024-05-02 09:03:40
U01189,F012,Squid Game,Thriller,3152,2024-05-02 11:04:25
U00944,F015,Notre-Dame en Flammes,Documentaire,4899,2024-05-02 11:57:31
U01032,F010,Breaking Bad,Thriller,58,2024-05-02 12:16:28
U00216,F007,Avengers Endgame,Action,8494,2024-05-02 13:49:07
U01233,F012,Squid Game,Thriller,2835,2024-05-02 15:54:31
U01650,F002,Le Seigneur des Anneaux,Fantasy,2590,2024-05-02 16:36:45
U00747,F013,Stranger Things,Fantastique,1926,2024-05-02 16:47:59
U00074,F010,Breaking Bad,Thriller,2227,2024-05-02 20:40:26
U00168,F006,La La Land,Romance,5951,2024-05-02 20:46:50
U01178,F011,Dark,Science-Fiction,1142,2024-05-02 21:54:25
U01421,F001,Inception,Science-Fiction,6649,2024-05-02 23:26:57
U00553,F007,Avengers Endgame,Action,838,2024-05-02 23:32:24
U00924,F007,Avengers Endgame,Action,4375,2024-05-03 02:50:40
U00657,F007,Avengers Endgame,Action,3035,2024-05-03 05:06:54
U00896,F003,Parasite,Thriller,300,2024-05-03 06:13:07
U00373,F001,Inception,Science-Fiction,84,2024-05-03 07:59:10
U01142,F007,Avengers Endgame,Action,6968,2024-05-03 08:13:26
U00865,F003,Parasite,Thriller,6702,2024-05-03 09:42:00
U01812,F010,Breaking Bad,Thriller,2652,2024-05-03 09:52:42
U01829,F009,The Office,Comédie,1105,2024-05-03 09:57:17
U01238,F004,Interstellar,Science-Fiction,4651,2024-05-03 11:34:22
U01362,F010,Breaking Bad,Thriller,1296,2024-05-03 12:26:32
U00271,F013,Stranger Things,Fantastique,1068,2024-05-03 14:15:32
U01799,F006,La La Land,Romance,7095,2024-05-03 14:48:27
U00755,F010,Breaking Bad,Thriller,875,2024-05-03 15:06:11
U00498,F011,Dark,Science-Fiction,95,2024-05-03 15:17:58
U00457,F008,Joker,Drame,6198,2024-05-03 15:21:40
U00717,F008,Joker,Drame,114,2024-05-03 15:53:59
U01934,F006,La La Land,Romance,5749,2024-05-03 16:39:11
U01312,F015,Notre-Dame en Flammes,Documentaire,573,2024-05-03 17:15:45
U01720,F012,Squid Game,Thriller,3217,2024-05-03 18:22:56
U00914,F006,La La Land,Romance,7151,2024-05-03 18:57:11
U01780,F009,The Office,Comédie,933,2024-05-03 19:58:50
U01893,F003,Parasite,Thriller,7543,2024-05-03 20:11:48
U00507,F009,The Office,Comédie,267,2024-05-03 20:25:08
U00602,F005,Intouchables,Comédie dramatique,3545,2024-05-03 20:55:36
U01767,F006,La La Land,Romance,4468,2024-05-03 21:32:08
U00268,F011,Dark,Science-Fiction,1567,2024-05-03 22:22:32
U00535,F013,Stranger Things,Fantastique,1869,2024-05-03 23:38:22
U01924,F015,Notre-Dame en Flammes,Documentaire,522,2024-05-04 00:15:30
U00238,F013,Stranger Things,Fantastique,2104,2024-05-04 00:28:35
U01087,F001,Inception,Science-Fiction,5562,2024-05-04 02:13:40
U01009,F003,Parasite,Thriller,6989,2024-05-04 02:40:14
U01756,F012,Squid Game,Thriller,3002,2024-05-04 02:45:17
U00121,F013,Stranger Things,Fantastique,2349,2024-05-04 02:47:32
U01258,F007,Avengers Endgame,Action,8022,2024-05-04 04:26:29
U01629,F004,Interstellar,Science-Fiction,9000,2024-05-04 05:46:39
U01656,F008,Joker,Drame,800,2024-05-04 07:09:00
U00759,F005,Intouchables,Comédie dramatique,4321,2024-05-04 08:03:29
U01801,F009,The Office,Comédie,900,2024-05-04 09:06:59
U00592,F001,Inception,Science-Fiction,7289,2024-05-04 10:12:19
U01187,F007,Avengers Endgame,Action,10431,2024-05-04 10:38:05
U01215,F005,Intouchables,Comédie dramatique,4913,2024-05-04 10:41:17
U01965,F010,Breaking Bad,Thriller,1811,2024-05-04 10:56:21
U01016,F012,Squid Game,Thriller,281,2024-05-04 12:31:25
U00057,F012,Squid Game,Thriller,2892,2024-05-04 12:35:26
U00168,F012,Squid Game,Thriller,2825,2024-05-04 13:27:31
U01183,F011,Dark,Science-Fiction,1779,2024-05-04 14:49:18
U01567,F007,Avengers Endgame,Action,5784,2024-05-04 15:20:49
U01511,F007,Avengers Endgame,Action,3248,2024-05-04 15:33:11
U01520,F001,Inception,Science-Fiction,5221,2024-05-04 15:34:22
U01118,F010,Breaking Bad,Thriller,2488,2024-05-04 15:47:49
U01037,F012,Squid Game,Thriller,373,2024-05-04 16:29:27
U01509,F012,Squid Game,Thriller,2557,2024-05-04 17:34:10
U01097,F006,La La Land,Romance,6879,2024-05-04 18:04:40
U00243,F001,Inception,Science-Fiction,8500,2024-05-04 19:38:19
U00321,F002,Le Seigneur des Anneaux,Fantasy,4404,2024-05-04 21:02:01
U01107,F005,Intouchables,Comédie dramatique,3910,2024-05-04 22:06:44
U00124,F010,Breaking Bad,Thriller,2465,2024-05-04 22:59:37
U01534,F013,Stranger Things,Fantastique,1623,2024-05-04 23:53:50
U00531,F001,Inception,Science-Fiction,5532,2024-05-05 02:44:56
U01644,F002,Le Seigneur des Anneaux,Fantasy,1663,2024-05-05 03:47:11
U00953,F006,La La Land,Romance,4909,2024-05-05 04:05:47
U00153,F001,Inception,Science-Fiction,3964,2024-05-05 04:32:15
U00046,F015,Notre-Dame en Flammes,Documentaire,1898,2024-05-05 05:11:05
U00992,F013,Stranger Things,Fantastique,2875,2024-05-05 06:59:06
U01520,F012,Squid Game,Thriller,2955,2024-05-05 07:20:32
U00255,F007,Avengers Endgame,Action,1626,2024-05-05 07:24:58
U01637,F012,Squid Game,Thriller,1287,2024-05-05 07:30:37
U00897,F012,Squid Game,Thriller,124,2024-05-05 07:30:50
U00343,F001,Inception,Science-Fiction,7119,2024-05-05 07:35:29
U01275,F007,Avengers Endgame,Action,3853,2024-05-05 07:55:54
U00897,F013,Stranger Things,Fantastique,1785,2024-05-05 08:20:21
U00976,F007,Avengers Endgame,Action,6510,2024-05-05 09:25:36
U00293,F010,Breaking Bad,Thriller,432,2024-05-05 10:31:13
U00590,F003,Parasite,Thriller,95,2024-05-05 10:52:56
U01146,F012,Squid Game,Thriller,2051,2024-05-05 11:17:20
U01585,F012,Squid Game,Thriller,2019,2024-05-05 11:35:26
U00433,F012,Squid Game,Thriller,2229,2024-05-05 12:10:14
U01893,F013,Stranger Things,Fantastique,2719,2024-05-05 12:31:08
U01830,F001,Inception,Science-Fiction,8223,2024-05-05 13:39:08
U00766,F008,Joker,Drame,7238,2024-05-05 15:35:45
U01837,F005,Intouchables,Comédie dramatique,5172,2024-05-05 16:14:24
U01218,F001,Inception,Science-Fiction,4929,2024-05-05 16:59:05
U00031,F005,Intouchables,Comédie dramatique,5771,2024-05-05 17:46:07
U00668,F012,Squid Game,Thriller,32,2024-05-05 19:40:50
U00039,F013,Stranger Things,Fantastique,2009,2024-05-05 21:48:39
U00760,F015,Notre-Dame en Flammes,Documentaire,205,2024-05-05 21:51:27
U00341,F010,Breaking Bad,Thriller,1444,2024-05-05 23:23:27
U01063,F004,Interstellar,Science-Fiction,4876,2024-05-05 23:24:24
U01994,F014,The Crown,Drame,397,2024-05-06 00:40:29
U01892,F004,Interstellar,Science-Fiction,906,2024-05-06 00:59:00
U00125,F001,Inception,Science-Fiction,2840,2024-05-06 01:28:01
U00367,F004,Interstellar,Science-Fiction,3959,2024-05-06 01:47:40
U01479,F002,Le Seigneur des Anneaux,Fantasy,7755,2024-05-06 01:49:07
U00908,F013,Stranger Things,Fantastique,2566,2024-05-06 01:59:44
U01732,F011,Dark,Science-Fiction,826,2024-05-06 02:54:21
U01987,F001,Inception,Science-Fiction,8151,2024-05-06 04:25:53
U00280,F012,Squid Game,Thriller,1965,2024-05-06 04:27:01
U00717,F008,Joker,Drame,6062,2024-05-06 05:41:07
U00712,F005,Intouchables,Comédie dramatique,3136,2024-05-06 06:09:46
U00958,F006,La La Land,Romance,158,2024-05-06 06:30:37
U00564,F008,Joker,Drame,6726,2024-05-06 06:56:52
U00001,F007,Avengers Endgame,Action,10614,2024-05-06 07:14:15
U01229,F010,Breaking Bad,Thriller,274,2024-05-06 08:38:19
U01837,F011,Dark,Science-Fiction,1215,2024-05-06 08:55:13
U00900,F013,Stranger Things,Fantastique,218,2024-05-06 09:43:38
U01714,F011,Dark,Science-Fiction,1997,2024-05-06 11:20:27
U01706,F005,Intouchables,Comédie dramatique,1866,2024-05-06 11:36:19
U01194,F014,The Crown,Drame,1859,2024-05-06 12:53:12
U00211,F006,La La Land,Romance,4248,2024-05-06 13:19:33
U01497,F005,Intouchables,Comédie dramatique,3545,2024-05-06 14:24:00
U00625,F002,Le Seigneur des Anneaux,Fantasy,4710,2024-05-06 15:37:45
U00667,F005,Intouchables,Comédie dramatique,2090,2024-05-06 16:56:28
U00955,F011,Dark,Science-Fiction,621,2024-05-06 17:19:58
U01141,F005,Intouchables,Comédie dramatique,639,2024-05-06 18:07:44
U01315,F006,La La Land,Romance,401,2024-05-06 19:34:42
U00531,F012,Squid Game,Thriller,3222,2024-05-06 20:18:44
U01788,F001,Inception,Science-Fiction,680,2024-05-06 20:28:54
U00149,F005,Intouchables,Comédie dramatique,97,2024-05-06 20:37:54
U01311,F007,Avengers Endgame,Action,381,2024-05-06 20:45:26
U01187,F005,Intouchables,Comédie dramatique,181,2024-05-06 21:14:34
U01074,F001,Inception,Science-Fiction,5665,2024-05-06 22:17:29
U01992,F013,Stranger Things,Fantastique,1926,2024-05-06 22:19:20
U00103,F004,Interstellar,Science-Fiction,4024,2024-05-06 22:25:25
U01816,F008,Joker,Drame,1155,2024-05-06 22:42:12
U00507,F009,The Office,Comédie,642,2024-05-06 23:22:59
U00140,F007,Avengers Endgame,Action,6613,2024-05-07 00:03:15
U01048,F012,Squid Game,Thriller,1266,2024-05-07 00:41:37
U00022,F004,Interstellar,Science-Fiction,6008,2024-05-07 00:53:22
U00068,F008,Joker,Drame,6449,2024-05-07 01:57:28
U01038,F005,Intouchables,Comédie dramatique,669,2024-05-07 02:54:18
U01018,F015,Notre-Dame en Flammes,Documentaire,40,2024-05-07 03:22:18
U00223,F010,Breaking Bad,Thriller,2126,2024-05-07 03:39:57
U01868,F004,Interstellar,Science-Fiction,57,2024-05-07 04:44:10
U01327,F002,Le Seigneur des Anneaux,Fantasy,7469,2024-05-07 05:57:18
U01818,F008,Joker,Drame,2418,2024-05-07 06:04:13
U01911,F013,Stranger Things,Fantastique,2228,2024-05-07 06:18:32
U00615,F006,La La Land,Romance,175,2024-05-07 06:53:14
U01042,F013,Stranger Things,Fantastique,2594,2024-05-07 07:07:25
U00092,F007,Avengers Endgame,Action,10345,2024-05-07 08:13:48
U00936,F002,Le Seigneur des Anneaux,Fantasy,6485,2024-05-07 08:51:47
U01843,F002,Le Seigneur des Anneaux,Fantasy,67,2024-05-07 09:14:19
U00971,F002,Le Seigneur des Anneaux,Fantasy,9089,2024-05-07 10:19:15
U01343,F003,Parasite,Thriller,273,2024-05-07 10:47:47
U00143,F013,Stranger Things,Fantastique,1222,2024-05-07 12:24:26
U00436,F013,Stranger Things,Fantastique,1423,2024-05-07 14:03:43
U01796,F005,Intouchables,Comédie dramatique,5368,2024-05-07 14:42:45
U00221,F007,Avengers Endgame,Action,7001,2024-05-07 14:58:45
U00400,F012,Squid Game,Thriller,799,2024-05-07 15:33:41
U00237,F008,Joker,Drame,5375,2024-05-07 16:47:03
U00053,F003,Parasite,Thriller,2882,2024-05-07 18:09:01
U00742,F004,Interstellar,Science-Fiction,5338,2024-05-07 20:59:29
U00496,F001,Inception,Science-Fiction,8756,2024-05-07 22:26:39
U01287,F014,The Crown,Drame,1811,2024-05-07 22:28:53
U01119,F011,Dark,Science-Fiction,2359,2024-05-07 23:18:35
U01334,F001,Inception,Science-Fiction,5294,2024-05-07 23:34:31
U00108,F011,Dark,Science-Fiction,1484,2024-05-08 00:56:26
U01745,F001,Inception,Science-Fiction,4537,2024-05-08 01:01:51
U01027,F003,Parasite,Thriller,7184,2024-05-08 01:02:56
U01238,F007,Avengers Endgame,Action,2422,2024-05-08 01:16:11
U01618,F001,Inception,Science-Fiction,7700,2024-05-08 01:36:41
U01319,F002,Le Seigneur des Anneaux,Fantasy,8480,2024-05-08 02:14:36
U00864,F009,The Office,Comédie,378,2024-05-08 02:49:02
U00498,F012,Squid Game,Thriller,498,2024-05-08 04:03:44
U00746,F006,La La Land,Romance,7581,2024-05-08 05:41:14
U01021,F015,Notre-Dame en Flammes,Documentaire,429,2024-05-08 06:08:25
U01664,F011,Dark,Science-Fiction,1666,2024-05-08 06:13:40
U01086,F002,Le Seigneur des Anneaux,Fantasy,1965,2024-05-08 06:16:27
U00350,F015,Notre-Dame en Flammes,Documentaire,4236,2024-05-08 06:32:43
U01870,F005,Intouchables,Comédie dramatique,3024,2024-05-08 06:52:46
U00787,F008,Joker,Drame,4411,2024-05-08 07:07:14
U00913,F002,Le Seigneur des Anneaux,Fantasy,6405,2024-05-08 07:54:33
U01282,F005,Intouchables,Comédie dramatique,4292,2024-05-08 08:05:28
U00926,F004,Interstellar,Science-Fiction,7385,2024-05-08 08:47:35
U01320,F010,Breaking Bad,Thriller,160,2024-05-08 09:20:15
U00081,F007,Avengers Endgame,Action,9397,2024-05-08 09:26:56
U00443,F013,Stranger Things,Fantastique,1539,2024-05-08 09:49:34
U00502,F011,Dark,Science-Fiction,1210,2024-05-08 09:59:09
U01134,F007,Avengers Endgame,Action,4808,2024-05-08 11:11:54
U00513,F013,Stranger Things,Fantastique,2696,2024-05-08 11:29:59
U01877,F010,Breaking Bad,Thriller,2372,2024-05-08 11:30:50
U01583,F007,Avengers Endgame,Action,10299,2024-05-08 11:45:47
U01517,F003,Parasite,Thriller,955,2024-05-08 13:02:49
U01700,F002,Le Seigneur des Anneaux,Fantasy,7219,2024-05-08 13:22:04
U01453,F002,Le Seigneur des Anneaux,Fantasy,1548,2024-05-08 13:46:17
U01170,F003,Parasite,Thriller,58,2024-05-08 14:09:58
U00715,F001,Inception,Science-Fiction,6884,2024-05-08 14:10:44
U01392,F007,Avengers Endgame,Action,506,2024-05-08 14:15:00
U01371,F001,Inception,Science-Fiction,5507,2024-05-08 15:07:01
U01123,F003,Parasite,Thriller,7067,2024-05-08 16:28:58
U00316,F012,Squid Game,Thriller,3299,2024-05-08 16:43:47
U01455,F003,Parasite,Thriller,4852,2024-05-08 17:46:08
U00176,F001,Inception,Science-Fiction,4872,2024-05-08 17:53:03
U00031,F005,Intouchables,Comédie dramatique,4951,2024-05-08 18:21:29
U01724,F004,Interstellar,Science-Fiction,511,2024-05-08 18:34:07
U01233,F003,Parasite,Thriller,3962,2024-05-08 19:59:05
U01923,F012,Squid Game,Thriller,34,2024-05-08 20:27:44
U00745,F012,Squid Game,Thriller,2580,2024-05-08 22:12:32
U00636,F008,Joker,Drame,1291,2024-05-08 22:46:37
U00796,F010,Breaking Bad,Thriller,1622,2024-05-08 22:53:53
U01955,F001,Inception,Science-Fiction,1265,2024-05-08 23:31:31
U00725,F013,Stranger Things,Fantastique,1726,2024-05-08 23:36:56
U00883,F010,Breaking Bad,Thriller,2558,2024-05-09 02:05:34
U01104,F015,Notre-Dame en Flammes,Documentaire,1465,2024-05-09 04:06:25
U00816,F004,Interstellar,Science-Fiction,2419,2024-05-09 05:36:19
U01557,F015,Notre-Dame en Flammes,Documentaire,4195,2024-05-09 07:59:01
U00581,F005,Intouchables,Comédie dramatique,3654,2024-05-09 09:58:02
U00423,F014,The Crown,Drame,3087,2024-05-09 10:12:09
U01008,F014,The Crown,Drame,1136,2024-05-09 10:39:33
U00280,F011,Dark,Science-Fiction,1245,2024-05-09 10:45:11
U01745,F009,The Office,Comédie,813,2024-05-09 11:09:33
U01719,F001,Inception,Science-Fiction,84,2024-05-09 12:17:27
U01300,F006,La La Land,Romance,314,2024-05-09 12:58:20
U01704,F011,Dark,Science-Fiction,342,2024-05-09 14:47:50
U00604,F007,Avengers Endgame,Action,5877,2024-05-09 15:42:29
U01073,F013,Stranger Things,Fantastique,1072,2024-05-09 15:43:32
U01836,F010,Breaking Bad,Thriller,2284,2024-05-09 17:52:45
U00805,F007,Avengers Endgame,Action,1587,2024-05-09 18:43:48
U01770,F007,Avengers Endgame,Action,5992,2024-05-09 18:49:40
U00587,F004,Interstellar,Science-Fiction,7811,2024-05-09 18:51:14
U01493,F001,Inception,Science-Fiction,1780,2024-05-09 18:56:59
U00546,F003,Parasite,Thriller,274,2024-05-09 19:35:53
U01727,F001,Inception,Science-Fiction,6963,2024-05-09 21:57:59
U00062,F001,Inception,Science-Fiction,1942,2024-05-09 22:09:01
U01375,F007,Avengers Endgame,Action,1166,2024-05-09 22:30:38
U00055,F015,Notre-Dame en Flammes,Documentaire,84,2024-05-09 22:35:26
U00967,F012,Squid Game,Thriller,488,2024-05-09 22:46:32
U00251,F002,Le Seigneur des Anneaux,Fantasy,2718,2024-05-09 23:25:00
U01504,F004,Interstellar,Science-Fiction,4190,2024-05-09 23:50:38
U00807,F012,Squid Game,Thriller,3156,2024-05-10 00:21:50
U00089,F008,Joker,Drame,2472,2024-05-10 00:58:22
U00885,F008,Joker,Drame,4926,2024-05-10 02:07:21
U01204,F004,Interstellar,Science-Fiction,7377,2024-05-10 04:49:51
U01289,F012,Squid Game,Thriller,2068,2024-05-10 05:13:08
U00440,F002,Le Seigneur des Anneaux,Fantasy,7422,2024-05-10 07:24:48
U00796,F001,Inception,Science-Fiction,7513,2024-05-10 08:20:38
U01229,F010,Breaking Bad,Thriller,2509,2024-05-10 08:34:56
U01341,F005,Intouchables,Comédie dramatique,189,2024-05-10 09:05:31
U01173,F001,Inception,Science-Fiction,1986,2024-05-10 11:26:37
U00969,F006,La La Land,Romance,5303,2024-05-10 11:42:54
U01619,F012,Squid Game,Thriller,2874,2024-05-10 11:59:59
U01794,F009,The Office,Comédie,690,2024-05-10 12:20:11
U00482,F004,Interstellar,Science-Fiction,6240,2024-05-10 12:47:03
U01443,F013,Stranger Things,Fantastique,506,2024-05-10 16:58:35
U00188,F001,Inception,Science-Fiction,37,2024-05-10 22:09:17
U00796,F001,Inception,Science-Fiction,7261,2024-05-10 22:19:38
U01526,F004,Interstellar,Science-Fiction,7653,2024-05-10 23:26:26
U00525,F007,Avengers Endgame,Action,7442,2024-05-11 00:45:01
U00396,F008,Joker,Drame,7578,2024-05-11 00:45:54
U01822,F008,Joker,Drame,2043,2024-05-11 01:22:17
U00897,F002,Le Seigneur des Anneaux,Fantasy,2145,2024-05-11 02:13:27
U00705,F012,Squid Game,Thriller,145,2024-05-11 03:04:33
U00303,F001,Inception,Science-Fiction,3045,2024-05-11 03:32:33
U01761,F013,Stranger Things,Fantastique,62,2024-05-11 03:54:57
U00434,F007,Avengers Endgame,Action,2623,2024-05-11 04:06:22
U00927,F007,Avengers Endgame,Action,3278,2024-05-11 04:32:11
U00350,F002,Le Seigneur des Anneaux,Fantasy,9334,2024-05-11 05:57:30
U00866,F007,Avengers Endgame,Action,1227,2024-05-11 06:00:08
U01937,F001,Inception,Science-Fiction,6131,2024-05-11 08:47:11
U00918,F013,Stranger Things,Fantastique,1574,2024-05-11 09:35:38
U01703,F010,Breaking Bad,Thriller,527,2024-05-11 09:57:38
U01151,F011,Dark,Science-Fiction,1328,2024-05-11 10:35:07
U01175,F009,The Office,Comédie,1112,2024-05-11 12:46:03
U01128,F012,Squid Game,Thriller,1102,2024-05-11 13:12:28
U01012,F013,Stranger Things,Fantastique,511,2024-05-11 13:25:23
U01005,F011,Dark,Science-Fiction,2343,2024-05-11 14:17:32
U00988,F007,Avengers Endgame,Action,142,2024-05-11 14:32:30
U00800,F010,Breaking Bad,Thriller,2522,2024-05-11 15:19:19
U00060,F002,Le Seigneur des Anneaux,Fantasy,164,2024-05-11 15:23:45
U00284,F004,Interstellar,Science-Fiction,739,2024-05-11 15:43:32
U01822,F005,Intouchables,Comédie dramatique,1883,2024-05-11 16:03:01
U00197,F012,Squid Game,Thriller,1988,2024-05-11 16:12:18
U00806,F002,Le Seigneur des Anneaux,Fantasy,3816,2024-05-11 16:47:48
U01856,F004,Interstellar,Science-Fiction,7711,2024-05-11 17:42:27
U00805,F004,Interstellar,Science-Fiction,630,2024-05-11 22:37:46
U00823,F001,Inception,Science-Fiction,3214,2024-05-11 22:43:24
U01533,F011,Dark,Science-Fiction,2049,2024-05-11 23:01:38
U01932,F010,Breaking Bad,Thriller,1026,2024-05-11 23:22:22
U00037,F002,Le Seigneur des Anneaux,Fantasy,6568,2024-05-12 00:03:17
U00868,F012,Squid Game,Thriller,1207,2024-05-12 00:15:13
U00823,F008,Joker,Drame,395,2024-05-12 00:37:29
U00255,F007,Avengers Endgame,Action,10145,2024-05-12 01:27:18
U00531,F002,Le Seigneur des Anneaux,Fantasy,75,2024-05-12 03:14:47
U00076,F002,Le Seigneur des Anneaux,Fantasy,9879,2024-05-12 03:40:47
U01062,F004,Interstellar,Science-Fiction,8265,2024-05-12 03:56:52
U00753,F003,Parasite,Thriller,4703,2024-05-12 04:56:13
U00737,F010,Breaking Bad,Thriller,295,2024-05-12 06:06:03
U01008,F007,Avengers Endgame,Action,6819,2024-05-12 06:43:34
U01203,F011,Dark,Science-Fiction,2294,2024-05-12 07:10:38
U00020,F008,Joker,Drame,254,2024-05-12 07:47:51
U01206,F013,Stranger Things,Fantastique,1631,2024-05-12 08:37:09
U01042,F007,Avengers Endgame,Action,9197,2024-05-12 08:59:29
U00108,F004,Interstellar,Science-Fiction,2750,2024-05-12 09:18:55
U01529,F007,Avengers Endgame,Action,4016,2024-05-12 09:22:51
U01792,F011,Dark,Science-Fiction,293,2024-05-12 10:05:34
U00924,F014,The Crown,Drame,1543,2024-05-12 10:57:35
U01520,F008,Joker,Drame,6370,2024-05-12 12:44:28
U01479,F013,Stranger Things,Fantastique,753,2024-05-12 12:54:24
U01574,F010,Breaking Bad,Thriller,2513,2024-05-12 13:06:42
U00292,F013,Stranger Things,Fantastique,2329,2024-05-12 13:31:00
U00227,F012,Squid Game,Thriller,84,2024-05-12 13:40:39
U00145,F012,Squid Game,Thriller,3124,2024-05-12 13:51:57
U00652,F007,Avengers Endgame,Action,195,2024-05-12 14:03:49
U01493,F008,Joker,Drame,6958,2024-05-12 14:13:16
U00561,F003,Parasite,Thriller,920,2024-05-12 15:40:23
U01450,F007,Avengers Endgame,Action,2934,2024-05-12 16:13:14
U01701,F001,Inception,Science-Fiction,7950,2024-05-12 19:50:58
U00595,F004,Interstellar,Science-Fiction,59,2024-05-12 20:37:02
U01985,F014,The Crown,Drame,726,2024-05-12 22:22:10
U00360,F007,Avengers Endgame,Action,830,2024-05-12 23:05:30
U00577,F007,Avengers Endgame,Action,6336,2024-05-12 23:18:32
U01176,F002,Le Seigneur des Anneaux,Fantasy,4311,2024-05-12 23:29:33
U00888,F003,Parasite,Thriller,1599,2024-05-12 23:37:07
U01135,F003,Parasite,Thriller,5650,2024-05-13 00:19:03
U01230,F003,Parasite,Thriller,1269,2024-05-13 00:45:29
U00943,F010,Breaking Bad,Thriller,75,2024-05-13 01:30:55
U00304,F008,Joker,Drame,4253,2024-05-13 02:22:21
U00692,F006,La La Land,Romance,4358,2024-05-13 02:30:05
U01128,F006,La La Land,Romance,298,2024-05-13 05:12:01
U01703,F013,Stranger Things,Fantastique,189,2024-05-13 05:36:47
U01264,F007,Avengers Endgame,Action,6791,2024-05-13 08:59:11
U01421,F002,Le Seigneur des Anneaux,Fantasy,8025,2024-05-13 11:46:10
U01488,F008,Joker,Drame,1308,2024-05-13 14:01:37
U00161,F007,Avengers Endgame,Action,7953,2024-05-13 14:29:56
U00376,F007,Avengers Endgame,Action,7683,2024-05-13 15:35:25
U00738,F007,Avengers Endgame,Action,7571,2024-05-13 15:37:11
U01139,F007,Avengers Endgame,Action,287,2024-05-13 15:46:09
U01545,F002,Le Seigneur des Anneaux,Fantasy,282,2024-05-13 16:23:35
U00520,F005,Intouchables,Comédie dramatique,59,2024-05-13 18:21:38
U01989,F003,Parasite,Thriller,1210,2024-05-13 18:25:15
U01180,F001,Inception,Science-Fiction,7087,2024-05-13 18:47:31
U00297,F004,Interstellar,Science-Fiction,1426,2024-05-13 20:30:48
U00765,F004,Interstellar,Science-Fiction,64,2024-05-13 21:47:31
U01161,F004,Interstellar,Science-Fiction,1683,2024-05-13 22:28:58
U01828,F002,Le Seigneur des Anneaux,Fantasy,68,2024-05-13 22:57:47
U01582,F010,Breaking Bad,Thriller,1658,2024-05-13 23:19:44
U00064,F012,Squid Game,Thriller,747,2024-05-13 23:58:12
U01910,F010,Breaking Bad,Thriller,1372,2024-05-14 02:04:53
U01035,F004,Interstellar,Science-Fiction,8371,2024-05-14 02:48:20
U00160,F011,Dark,Science-Fiction,850,2024-05-14 02:53:58
U00590,F010,Breaking Bad,Thriller,1204,2024-05-14 04:54:18
U00072,F005,Intouchables,Comédie dramatique,3025,2024-05-14 07:26:53
U00072,F003,Parasite,Thriller,2849,2024-05-14 07:40:43
U00143,F008,Joker,Drame,5150,2024-05-14 08:30:08
U01090,F005,Intouchables,Comédie dramatique,2186,2024-05-14 10:26:33
U01905,F007,Avengers Endgame,Action,2918,2024-05-14 12:22:04
U00909,F013,Stranger Things,Fantastique,1039,2024-05-14 15:11:46
U01986,F010,Breaking Bad,Thriller,2320,2024-05-14 15:28:49
U00810,F006,La La Land,Romance,1523,2024-05-14 15:38:06
U00919,F006,La La Land,Romance,5695,2024-05-14 17:34:56
U01073,F008,Joker,Drame,7532,2024-05-14 19:50:35
U00248,F012,Squid Game,Thriller,1734,2024-05-14 20:10:25
U01458,F004,Interstellar,Science-Fiction,9480,2024-05-14 21:26:20
U01397,F014,The Crown,Drame,3167,2024-05-14 22:14:18
U01042,F013,Stranger Things,Fantastique,1080,2024-05-14 23:49:03
U01428,F007,Avengers Endgame,Action,9913,2024-05-15 00:28:10
U00089,F007,Avengers Endgame,Action,4548,2024-05-15 01:14:35
U01150,F002,Le Seigneur des Anneaux,Fantasy,8529,2024-05-15 02:17:50
U00161,F011,Dark,Science-Fiction,2034,2024-05-15 02:56:40
U01123,F005,Intouchables,Comédie dramatique,2239,2024-05-15 06:27:28
U01924,F011,Dark,Science-Fiction,1729,2024-05-15 08:25:08
U00019,F001,Inception,Science-Fiction,235,2024-05-15 09:38:41
U00281,F010,Breaking Bad,Thriller,436,2024-05-15 10:57:34
U01383,F004,Interstellar,Science-Fiction,724,2024-05-15 11:02:24
U00425,F010,Breaking Bad,Thriller,1282,2024-05-15 11:04:52
U00569,F004,Interstellar,Science-Fiction,4410,2024-05-15 13:17:14
U01501,F015,Notre-Dame en Flammes,Documentaire,387,2024-05-15 15:40:46
U00327,F006,La La Land,Romance,4186,2024-05-15 16:40:17
U01763,F002,Le Seigneur des Anneaux,Fantasy,3354,2024-05-15 17:44:41
U01175,F015,Notre-Dame en Flammes,Documentaire,1590,2024-05-15 18:09:05
U00231,F012,Squid Game,Thriller,1903,2024-05-15 18:32:53
U00964,F003,Parasite,Thriller,5845,2024-05-15 19:03:09
U00634,F007,Avengers Endgame,Action,150,2024-05-15 19:38:54
U00934,F009,The Office,Comédie,900,2024-05-15 20:45:31
U01710,F001,Inception,Science-Fiction,56,2024-05-15 21:52:00
U01308,F014,The Crown,Drame,176,2024-05-15 22:53:03
U00700,F012,Squid Game,Thriller,659,2024-05-15 23:19:44
U00024,F004,Interstellar,Science-Fiction,855,2024-05-16 02:43:16
U01311,F013,Stranger Things,Fantastique,408,2024-05-16 03:24:37
U00235,F003,Parasite,Thriller,809,2024-05-16 03:57:22
U00957,F005,Intouchables,Comédie dramatique,2123,2024-05-16 05:03:42
U01255,F007,Avengers Endgame,Action,1888,2024-05-16 05:13:29
U01961,F014,The Crown,Drame,1111,2024-05-16 06:48:03
U00779,F009,The Office,Comédie,385,2024-05-16 06:50:55
U00201,F006,La La Land,Romance,7417,2024-05-16 08:04:08
U01428,F013,Stranger Things,Fantastique,1531,2024-05-16 09:59:24
U00022,F003,Parasite,Thriller,7108,2024-05-16 10:03:58
U01736,F002,Le Seigneur des Anneaux,Fantasy,122,2024-05-16 10:47:34
U00467,F011,Dark,Science-Fiction,2501,2024-05-16 13:29:14
U00897,F002,Le Seigneur des Anneaux,Fantasy,8352,2024-05-16 14:54:43
U00297,F001,Inception,Science-Fiction,65,2024-05-16 16:37:28
U01501,F014,The Crown,Drame,463,2024-05-16 16:44:03
U00840,F004,Interstellar,Science-Fiction,9235,2024-05-16 19:14:20
U01632,F002,Le Seigneur des Anneaux,Fantasy,6899,2024-05-16 19:42:33
U00240,F007,Avengers Endgame,Action,6366,2024-05-16 20:04:38
U00936,F012,Squid Game,Thriller,1004,2024-05-16 20:24:18
U00788,F008,Joker,Drame,6068,2024-05-16 20:42:50
U00186,F004,Interstellar,Science-Fiction,227,2024-05-16 22:33:06
U00390,F003,Parasite,Thriller,3129,2024-05-17 01:13:10
U00771,F015,Notre-Dame en Flammes,Documentaire,1962,2024-05-17 01:14:52
U00262,F004,Interstellar,Science-Fiction,7663,2024-05-17 03:22:40
U00352,F008,Joker,Drame,2048,2024-05-17 03:31:15
U01275,F009,The Office,Comédie,895,2024-05-17 05:02:20
U01292,F011,Dark,Science-Fiction,1656,2024-05-17 05:20:16
U01913,F004,Interstellar,Science-Fiction,216,2024-05-17 05:37:58
U00892,F013,Stranger Things,Fantastique,422,2024-05-17 05:38:29
U00948,F010,Breaking Bad,Thriller,1955,2024-05-17 06:25:22
U00811,F004,Interstellar,Science-Fiction,2980,2024-05-17 06:41:42
U01130,F013,Stranger Things,Fantastique,637,2024-05-17 07:37:20
U01562,F013,Stranger Things,Fantastique,239,2024-05-17 07:54:08
U01404,F002,Le Seigneur des Anneaux,Fantasy,273,2024-05-17 08:04:20
U00733,F003,Parasite,Thriller,721,2024-05-17 08:31:25
U01981,F003,Parasite,Thriller,7052,2024-05-17 09:31:56
U01820,F007,Avengers Endgame,Action,6531,2024-05-17 09:34:35
U00077,F007,Avengers Endgame,Action,10723,2024-05-17 09:49:22
U01076,F007,Avengers Endgame,Action,9717,2024-05-17 10:55:04
U01247,F006,La La Land,Romance,2097,2024-05-17 11:31:56
U01532,F002,Le Seigneur des Anneaux,Fantasy,4487,2024-05-17 13:04:35
U00349,F008,Joker,Drame,5571,2024-05-17 14:13:24
U00011,F004,Interstellar,Science-Fiction,8183,2024-05-17 16:28:50
U00385,F015,Notre-Dame en Flammes,Documentaire,3285,2024-05-17 17:10:10
U01340,F003,Parasite,Thriller,7361,2024-05-17 17:38:16
U00657,F004,Interstellar,Science-Fiction,5570,2024-05-17 18:09:14
U00485,F015,Notre-Dame en Flammes,Documentaire,1381,2024-05-17 18:36:16
U00157,F007,Avengers Endgame,Action,1457,2024-05-18 00:01:22
U01525,F002,Le Seigneur des Anneaux,Fantasy,3182,2024-05-18 00:21:51
U01454,F002,Le Seigneur des Anneaux,Fantasy,10205,2024-05-18 00:33:47
U01655,F012,Squid Game,Thriller,2827,2024-05-18 00:34:46
U00894,F007,Avengers Endgame,Action,1560,2024-05-18 02:20:26
U00985,F005,Intouchables,Comédie dramatique,5670,2024-05-18 03:36:38
U01712,F012,Squid Game,Thriller,157,2024-05-18 03:45:46
U00949,F013,Stranger Things,Fantastique,1557,2024-05-18 03:46:30
U01834,F013,Stranger Things,Fantastique,1535,2024-05-18 07:44:25
U01594,F010,Breaking Bad,Thriller,130,2024-05-18 10:50:04
U01923,F006,La La Land,Romance,733,2024-05-18 11:31:56
U00357,F010,Breaking Bad,Thriller,2544,2024-05-18 11:50:20
U01824,F003,Parasite,Thriller,202,2024-05-18 14:22:07
U00335,F013,Stranger Things,Fantastique,1037,2024-05-18 16:14:11
U00994,F007,Avengers Endgame,Action,10357,2024-05-18 16:40:22
U00405,F010,Breaking Bad,Thriller,977,2024-05-18 16:46:14
U00841,F012,Squid Game,Thriller,1940,2024-05-18 17:17:35
U01468,F001,Inception,Science-Fiction,6172,2024-05-18 17:35:27
U00348,F015,Notre-Dame en Flammes,Documentaire,1454,2024-05-18 18:21:03
U01192,F001,Inception,Science-Fiction,1409,2024-05-18 19:04:26
U01088,F012,Squid Game,Thriller,417,2024-05-18 19:20:00
U01745,F002,Le Seigneur des Anneaux,Fantasy,8032,2024-05-18 20:23:48
U01609,F001,Inception,Science-Fiction,6392,2024-05-18 20:59:02
U01481,F007,Avengers Endgame,Action,111,2024-05-18 22:26:59
U01692,F015,Notre-Dame en Flammes,Documentaire,602,2024-05-18 23:44:43
U00253,F005,Intouchables,Comédie dramatique,5822,2024-05-19 00:28:57
U01580,F007,Avengers Endgame,Action,10683,2024-05-19 01:50:11
U00531,F011,Dark,Science-Fiction,1619,2024-05-19 01:59:59
U00906,F007,Avengers Endgame,Action,163,2024-05-19 04:03:59
U00430,F002,Le Seigneur des Anneaux,Fantasy,5254,2024-05-19 04:26:24
U00631,F007,Avengers Endgame,Action,10281,2024-05-19 04:35:44
U01115,F003,Parasite,Thriller,4994,2024-05-19 06:06:27
U00799,F002,Le Seigneur des Anneaux,Fantasy,5780,2024-05-19 07:21:15
U00948,F001,Inception,Science-Fiction,48,2024-05-19 07:32:48
U00485,F008,Joker,Drame,6667,2024-05-19 08:06:04
U00622,F003,Parasite,Thriller,4034,2024-05-19 08:08:05
U01087,F004,Interstellar,Science-Fiction,4528,2024-05-19 09:20:08
U01961,F002,Le Seigneur des Anneaux,Fantasy,10187,2024-05-19 10:43:47
U01060,F004,Interstellar,Science-Fiction,82,2024-05-19 12:57:19
U01020,F001,Inception,Science-Fiction,7968,2024-05-19 14:02:11
U01712,F007,Avengers Endgame,Action,3170,2024-05-19 14:33:26
U00309,F003,Parasite,Thriller,7587,2024-05-19 15:23:36
U00601,F001,Inception,Science-Fiction,866,2024-05-19 16:30:29
U01057,F010,Breaking Bad,Thriller,1423,2024-05-19 17:01:11
U00769,F011,Dark,Science-Fiction,1870,2024-05-19 19:31:22
U01613,F007,Avengers Endgame,Action,10202,2024-05-19 21:12:05
U00681,F011,Dark,Science-Fiction,1689,2024-05-19 22:23:24
U00251,F004,Interstellar,Science-Fiction,6517,2024-05-19 23:25:11
U00903,F007,Avengers Endgame,Action,8201,2024-05-20 00:29:43
U00098,F008,Joker,Drame,5478,2024-05-20 00:41:11
U00918,F001,Inception,Science-Fiction,7124,2024-05-20 01:12:53
U00351,F001,Inception,Science-Fiction,3699,2024-05-20 01:26:24
U01954,F001,Inception,Science-Fiction,152,2024-05-20 01:58:31
U01808,F013,Stranger Things,Fantastique,1873,2024-05-20 02:04:53
U00452,F007,Avengers Endgame,Action,475,2024-05-20 02:07:19
U00454,F013,Stranger Things,Fantastique,2118,2024-05-20 02:52:46
U01171,F007,Avengers Endgame,Action,746,2024-05-20 03:10:09
U01881,F004,Interstellar,Science-Fiction,4337,2024-05-20 03:33:15
U01290,F001,Inception,Science-Fiction,6568,2024-05-20 04:24:35
U01710,F002,Le Seigneur des Anneaux,Fantasy,2525,2024-05-20 04:38:20
U01313,F012,Squid Game,Thriller,324,2024-05-20 04:53:39
U00470,F004,Interstellar,Science-Fiction,7247,2024-05-20 05:53:34
U00566,F006,La La Land,Romance,615,2024-05-20 05:55:41
U01563,F010,Breaking Bad,Thriller,422,2024-05-20 06:25:27
U01824,F004,Interstellar,Science-Fiction,2262,2024-05-20 06:43:37
U00756,F001,Inception,Science-Fiction,6394,2024-05-20 09:31:41
U01586,F004,Interstellar,Science-Fiction,3374,2024-05-20 10:19:49
U00006,F001,Inception,Science-Fiction,5824,2024-05-20 10:56:04
U01210,F007,Avengers Endgame,Action,132,2024-05-20 11:19:20
U00165,F008,Joker,Drame,5054,2024-05-20 12:17:11
U01530,F008,Joker,Drame,5445,2024-05-20 14:03:05
U01719,F008,Joker,Drame,239,2024-05-20 14:54:09
U00924,F011,Dark,Science-Fiction,816,2024-05-20 15:07:41
U00259,F001,Inception,Science-Fiction,7440,2024-05-20 15:29:17
U01333,F008,Joker,Drame,5062,2024-05-20 17:27:46
U00179,F003,Parasite,Thriller,38,2024-05-20 17:47:53
U01324,F009,The Office,Comédie,678,2024-05-20 19:39:18
U01132,F005,Intouchables,Comédie dramatique,6229,2024-05-20 22:03:16
U01523,F002,Le Seigneur des Anneaux,Fantasy,840,2024-05-20 22:50:47
U01754,F007,Avengers Endgame,Action,264,2024-05-21 01:39:00
U00113,F004,Interstellar,Science-Fiction,54,2024-05-21 01:56:52
U01148,F011,Dark,Science-Fiction,2695,2024-05-21 02:09:02
U00618,F012,Squid Game,Thriller,1314,2024-05-21 03:01:15
U00680,F001,Inception,Science-Fiction,4590,2024-05-21 03:26:00
U01180,F001,Inception,Science-Fiction,1727,2024-05-21 05:09:28
U00747,F007,Avengers Endgame,Action,2481,2024-05-21 06:55:13
U01766,F007,Avengers Endgame,Action,249,2024-05-21 07:33:14
U00786,F007,Avengers Endgame,Action,50,2024-05-21 07:34:37
U00225,F002,Le Seigneur des Anneaux,Fantasy,2377,2024-05-21 07:56:18
U00475,F010,Breaking Bad,Thriller,1936,2024-05-21 09:03:00
U00203,F013,Stranger Things,Fantastique,2604,2024-05-21 09:25:13
U00610,F007,Avengers Endgame,Action,264,2024-05-21 10:09:55
U01453,F003,Parasite,Thriller,438,2024-05-21 10:40:37
U01160,F010,Breaking Bad,Thriller,132,2024-05-21 11:17:09
U01297,F004,Interstellar,Science-Fiction,4365,2024-05-21 11:29:24
U00855,F007,Avengers Endgame,Action,188,2024-05-21 14:15:43
U01410,F008,Joker,Drame,4796,2024-05-21 17:49:03
U00668,F005,Intouchables,Comédie dramatique,4969,2024-05-21 18:11:29
U00869,F003,Parasite,Thriller,5484,2024-05-21 18:46:24
U00252,F009,The Office,Comédie,533,2024-05-21 19:54:41
U01115,F007,Avengers Endgame,Action,3400,2024-05-21 20:48:45
U00111,F004,Interstellar,Science-Fiction,6272,2024-05-21 21:32:22
U00106,F001,Inception,Science-Fiction,634,2024-05-21 23:22:12
U00197,F012,Squid Game,Thriller,483,2024-05-21 23:59:19
U00890,F013,Stranger Things,Fantastique,324,2024-05-22 00:30:21
U01875,F013,Stranger Things,Fantastique,2795,2024-05-22 01:00:32
U01386,F010,Breaking Bad,Thriller,2491,2024-05-22 01:16:14
U01174,F013,Stranger Things,Fantastique,2845,2024-05-22 03:45:33
U00672,F003,Parasite,Thriller,1010,2024-05-22 04:23:37
U01907,F005,Intouchables,Comédie dramatique,6120,2024-05-22 04:50:06
U00588,F007,Avengers Endgame,Action,9957,2024-05-22 06:30:09
U00439,F013,Stranger Things,Fantastique,2412,2024-05-22 07:40:58
U00196,F003,Parasite,Thriller,7722,2024-05-22 07:44:15
U01267,F002,Le Seigneur des Anneaux,Fantasy,134,2024-05-22 09:21:17
U01483,F010,Breaking Bad,Thriller,510,2024-05-22 12:51:56
U01333,F003,Parasite,Thriller,6426,2024-05-22 14:41:55
U00183,F010,Breaking Bad,Thriller,190,2024-05-22 17:55:23
U00933,F007,Avengers Endgame,Action,115,2024-05-22 19:05:54
U00462,F013,Stranger Things,Fantastique,2766,2024-05-22 19:35:44
U01894,F012,Squid Game,Thriller,1787,2024-05-22 19:36:47
U00697,F012,Squid Game,Thriller,304,2024-05-22 20:44:41
U00007,F013,Stranger Things,Fantastique,2242,2024-05-22 21:07:18
U01266,F006,La La Land,Romance,664,2024-05-22 21:15:51
U01846,F002,Le Seigneur des Anneaux,Fantasy,7143,2024-05-22 21:47:11
U00781,F005,Intouchables,Comédie dramatique,2843,2024-05-22 22:51:20
U01691,F007,Avengers Endgame,Action,5386,2024-05-22 23:22:04
U01538,F013,Stranger Things,Fantastique,771,2024-05-23 00:21:37
U01004,F010,Breaking Bad,Thriller,334,2024-05-23 01:20:37
U01877,F013,Stranger Things,Fantastique,1663,2024-05-23 01:28:26
U01087,F004,Interstellar,Science-Fiction,6926,2024-05-23 02:00:55
U01908,F001,Inception,Science-Fiction,7084,2024-05-23 03:18:57
U01143,F008,Joker,Drame,3137,2024-05-23 03:36:53
U01318,F003,Parasite,Thriller,4932,2024-05-23 04:21:18
U00823,F007,Avengers Endgame,Action,10578,2024-05-23 04:56:35
U01942,F003,Parasite,Thriller,7101,2024-05-23 06:21:08
U00637,F004,Interstellar,Science-Fiction,4955,2024-05-23 06:34:39
U00455,F013,Stranger Things,Fantastique,781,2024-05-23 08:33:53
U01827,F011,Dark,Science-Fiction,1431,2024-05-23 12:11:11
U00861,F014,The Crown,Drame,2231,2024-05-23 12:33:26
U01217,F003,Parasite,Thriller,758,2024-05-23 13:04:12
U01637,F003,Parasite,Thriller,2573,2024-05-23 20:44:00
U01490,F012,Squid Game,Thriller,1283,2024-05-23 20:46:57
U00395,F004,Interstellar,Science-Fiction,8271,2024-05-23 21:43:14
U00174,F013,Stranger Things,Fantastique,935,2024-05-23 22:05:05
U01911,F004,Interstellar,Science-Fiction,7377,2024-05-24 00:01:25
U01410,F003,Parasite,Thriller,1955,2024-05-24 01:17:01
U00481,F013,Stranger Things,Fantastique,262,2024-05-24 02:04:40
U01716,F007,Avengers Endgame,Action,2125,2024-05-24 03:05:01
U01066,F011,Dark,Science-Fiction,2516,2024-05-24 04:05:56
U00861,F007,Avengers Endgame,Action,2539,2024-05-24 04:20:38
U00214,F003,Parasite,Thriller,2467,2024-05-24 04:54:03
U00806,F004,Interstellar,Science-Fiction,110,2024-05-24 05:05:59
U01605,F010,Breaking Bad,Thriller,1667,2024-05-24 05:41:11
U00065,F004,Interstellar,Science-Fiction,151,2024-05-24 07:24:35
U00239,F001,Inception,Science-Fiction,8684,2024-05-24 10:46:36
U01510,F005,Intouchables,Comédie dramatique,3408,2024-05-24 13:22:45
U00266,F003,Parasite,Thriller,4119,2024-05-24 13:54:14
U01302,F013,Stranger Things,Fantastique,1935,2024-05-24 15:38:30
U01744,F004,Interstellar,Science-Fiction,239,2024-05-24 16:53:23
U01350,F004,Interstellar,Science-Fiction,9145,2024-05-24 18:26:25
U00643,F007,Avengers Endgame,Action,2075,2024-05-24 18:48:42
U00086,F007,Avengers Endgame,Action,2621,2024-05-24 19:20:16
U01906,F002,Le Seigneur des Anneaux,Fantasy,7336,2024-05-24 19:57:58
U00464,F003,Parasite,Thriller,6331,2024-05-24 20:31:10
U01318,F004,Interstellar,Science-Fiction,5553,2024-05-24 22:06:15
U01449,F002,Le Seigneur des Anneaux,Fantasy,4035,2024-05-24 22:28:57
U01287,F010,Breaking Bad,Thriller,1594,2024-05-24 22:29:48
U01586,F010,Breaking Bad,Thriller,1203,2024-05-25 00:58:10
U00099,F012,Squid Game,Thriller,292,2024-05-25 01:02:00
U00443,F013,Stranger Things,Fantastique,1093,2024-05-25 01:07:59
U01611,F008,Joker,Drame,1960,2024-05-25 01:16:54
U01334,F004,Interstellar,Science-Fiction,8489,2024-05-25 01:28:27
U00228,F012,Squid Game,Thriller,1798,2024-05-25 02:07:06
U00218,F008,Joker,Drame,4676,2024-05-25 02:52:25
U01394,F002,Le Seigneur des Anneaux,Fantasy,2869,2024-05-25 02:58:44
U00423,F008,Joker,Drame,2162,2024-05-25 03:15:42
U01314,F005,Intouchables,Comédie dramatique,274,2024-05-25 05:06:12
U01053,F003,Parasite,Thriller,7254,2024-05-25 05:42:30
U00196,F005,Intouchables,Comédie dramatique,2957,2024-05-25 06:47:43
U00964,F001,Inception,Science-Fiction,8856,2024-05-25 06:58:36
U01053,F007,Avengers Endgame,Action,5860,2024-05-25 08:08:09
U00129,F005,Intouchables,Comédie dramatique,590,2024-05-25 10:12:33
U00838,F003,Parasite,Thriller,245,2024-05-25 10:13:43
U00472,F010,Breaking Bad,Thriller,1691,2024-05-25 10:19:59
U00288,F012,Squid Game,Thriller,2624,2024-05-25 11:04:32
U00205,F008,Joker,Drame,277,2024-05-25 11:56:16
U00617,F012,Squid Game,Thriller,2172,2024-05-25 12:02:59
U01335,F013,Stranger Things,Fantastique,2455,2024-05-25 12:03:29
U01132,F006,La La Land,Romance,3942,2024-05-25 13:21:37
U01268,F005,Intouchables,Comédie dramatique,1972,2024-05-25 13:32:39
U00978,F005,Intouchables,Comédie dramatique,3251,2024-05-25 15:31:26
U00253,F005,Intouchables,Comédie dramatique,3513,2024-05-25 17:02:48
U01994,F004,Interstellar,Science-Fiction,6812,2024-05-25 17:54:12
U01362,F004,Interstellar,Science-Fiction,176,2024-05-25 20:37:50
U00324,F008,Joker,Drame,2096,2024-05-25 21:07:00
U01826,F005,Intouchables,Comédie dramatique,4906,2024-05-25 21:16:12
U00272,F007,Avengers Endgame,Action,8285,2024-05-26 00:23:52
U00492,F011,Dark,Science-Fiction,2292,2024-05-26 01:09:08
U00283,F012,Squid Game,Thriller,1580,2024-05-26 01:40:33
U00807,F001,Inception,Science-Fiction,8402,2024-05-26 05:26:46
U01276,F010,Breaking Bad,Thriller,39,2024-05-26 06:13:42
U01276,F012,Squid Game,Thriller,1121,2024-05-26 07:10:55
U01525,F012,Squid Game,Thriller,3232,2024-05-26 07:16:52
U00740,F012,Squid Game,Thriller,1876,2024-05-26 07:56:07
U00510,F013,Stranger Things,Fantastique,1004,2024-05-26 08:14:20
U00739,F006,La La Land,Romance,3613,2024-05-26 08:54:28
U00892,F001,Inception,Science-Fiction,3796,2024-05-26 09:13:18
U01166,F008,Joker,Drame,1712,2024-05-26 09:28:42
U00982,F001,Inception,Science-Fiction,2865,2024-05-26 10:53:53
U01780,F012,Squid Game,Thriller,500,2024-05-26 11:20:54
U01097,F010,Breaking Bad,Thriller,849,2024-05-26 11:27:37
U00620,F007,Avengers Endgame,Action,231,2024-05-26 12:46:47
U01186,F002,Le Seigneur des Anneaux,Fantasy,5613,2024-05-26 13:34:39
U01554,F004,Interstellar,Science-Fiction,7125,2024-05-26 14:57:00
U00399,F005,Intouchables,Comédie dramatique,6630,2024-05-26 15:24:48
U01509,F010,Breaking Bad,Thriller,354,2024-05-26 15:40:20
U01779,F008,Joker,Drame,73,2024-05-26 16:41:06
U00860,F007,Avengers Endgame,Action,1453,2024-05-26 18:28:32
U00153,F010,Breaking Bad,Thriller,2172,2024-05-26 19:12:18
U01409,F001,Inception,Science-Fiction,8320,2024-05-26 20:01:05
U01893,F002,Le Seigneur des Anneaux,Fantasy,4662,2024-05-26 21:02:16
U00731,F003,Parasite,Thriller,4678,2024-05-26 22:47:43
U01493,F010,Breaking Bad,Thriller,54,2024-05-26 23:12:29
U00444,F003,Parasite,Thriller,7318,2024-05-27 00:15:30
U01105,F005,Intouchables,Comédie dramatique,865,2024-05-27 00:20:56
U00613,F003,Parasite,Thriller,5189,2024-05-27 00:29:07
U00272,F007,Avengers Endgame,Action,9077,2024-05-27 00:46:38
U00062,F012,Squid Game,Thriller,1859,2024-05-27 02:22:03
U00794,F007,Avengers Endgame,Action,9021,2024-05-27 03:46:23
U00752,F007,Avengers Endgame,Action,9604,2024-05-27 04:56:31
U01264,F008,Joker,Drame,1446,2024-05-27 05:19:49
U01758,F009,The Office,Comédie,237,2024-05-27 06:59:48
U00562,F004,Interstellar,Science-Fiction,2191,2024-05-27 08:40:29
U00348,F001,Inception,Science-Fiction,8854,2024-05-27 09:15:40
U01299,F008,Joker,Drame,6755,2024-05-27 11:23:07
U00529,F003,Parasite,Thriller,1310,2024-05-27 11:45:29
U01478,F008,Joker,Drame,2761,2024-05-27 11:45:29
U00885,F011,Dark,Science-Fiction,426,2024-05-27 12:57:27
U01627,F014,The Crown,Drame,2230,2024-05-27 13:19:15
U01944,F015,Notre-Dame en Flammes,Documentaire,411,2024-05-27 13:33:06
U00165,F012,Squid Game,Thriller,2742,2024-05-27 13:56:39
U01175,F001,Inception,Science-Fiction,4151,2024-05-27 14:00:52
U00947,F003,Parasite,Thriller,5562,2024-05-27 14:10:36
U01025,F006,La La Land,Romance,3231,2024-05-27 14:22:41
U01437,F011,Dark,Science-Fiction,682,2024-05-27 15:09:56
U00022,F008,Joker,Drame,3106,2024-05-27 15:57:33
U00041,F001,Inception,Science-Fiction,257,2024-05-27 16:13:19
U01938,F010,Breaking Bad,Thriller,2529,2024-05-27 17:24:29
U01709,F014,The Crown,Drame,136,2024-05-27 17:44:21
U01735,F005,Intouchables,Comédie dramatique,6315,2024-05-27 18:28:34
U00824,F012,Squid Game,Thriller,2008,2024-05-27 18:50:12
U01268,F004,Interstellar,Science-Fiction,126,2024-05-27 18:50:39
U01639,F001,Inception,Science-Fiction,7385,2024-05-27 22:54:23
U00755,F010,Breaking Bad,Thriller,2547,2024-05-27 23:24:54
U00862,F003,Parasite,Thriller,6219,2024-05-27 23:55:17
U01036,F012,Squid Game,Thriller,2059,2024-05-28 00:25:00
U00150,F008,Joker,Drame,5701,2024-05-28 00:37:38
U01483,F010,Breaking Bad,Thriller,135,2024-05-28 00:57:13
U00294,F013,Stranger Things,Fantastique,1452,2024-05-28 01:09:58
U00428,F007,Avengers Endgame,Action,299,2024-05-28 01:29:51
U01841,F006,La La Land,Romance,4699,2024-05-28 02:48:25
U01603,F011,Dark,Science-Fiction,2666,2024-05-28 02:49:58
U01855,F007,Avengers Endgame,Action,5679,2024-05-28 03:05:42
U01456,F010,Breaking Bad,Thriller,173,2024-05-28 03:10:36
U01316,F004,Interstellar,Science-Fiction,9610,2024-05-28 04:16:03
U00327,F013,Stranger Things,Fantastique,1185,2024-05-28 05:05:55
U00950,F010,Breaking Bad,Thriller,492,2024-05-28 05:53:09
U00677,F012,Squid Game,Thriller,895,2024-05-28 06:16:07
U01248,F015,Notre-Dame en Flammes,Documentaire,3114,2024-05-28 07:41:13
U01756,F004,Interstellar,Science-Fiction,4418,2024-05-28 11:21:59
U00583,F013,Stranger Things,Fantastique,1940,2024-05-28 12:18:14
U01673,F011,Dark,Science-Fiction,2278,2024-05-28 12:20:43
U00709,F010,Breaking Bad,Thriller,691,2024-05-28 12:45:41
U01580,F010,Breaking Bad,Thriller,87,2024-05-28 13:55:23
U01159,F005,Intouchables,Comédie dramatique,6094,2024-05-28 13:58:17
U01121,F004,Interstellar,Science-Fiction,2166,2024-05-28 14:19:27
U01911,F006,La La Land,Romance,4516,2024-05-28 14:35:55
U00561,F004,Interstellar,Science-Fiction,1678,2024-05-28 14:49:30
U01097,F012,Squid Game,Thriller,2190,2024-05-28 18:13:26
U00865,F010,Breaking Bad,Thriller,768,2024-05-28 18:28:13
U01626,F008,Joker,Drame,155,2024-05-28 19:32:42
U01734,F004,Interstellar,Science-Fiction,1783,2024-05-28 20:49:33
U01609,F003,Parasite,Thriller,3411,2024-05-28 22:12:59
U01040,F004,Interstellar,Science-Fiction,3324,2024-05-28 22:22:06
U01103,F008,Joker,Drame,210,2024-05-28 22:43:39
U00978,F004,Interstellar,Science-Fiction,2436,2024-05-28 23:10:20
U00065,F015,Notre-Dame en Flammes,Documentaire,3187,2024-05-28 23:41:22
U01122,F001,Inception,Science-Fiction,3352,2024-05-29 00:29:28
U01740,F005,Intouchables,Comédie dramatique,4718,2024-05-29 01:42:21
U01421,F010,Breaking Bad,Thriller,1720,2024-05-29 02:45:55
U00829,F013,Stranger Things,Fantastique,2204,2024-05-29 03:29:17
U01022,F012,Squid Game,Thriller,1504,2024-05-29 04:47:09
U00183,F015,Notre-Dame en Flammes,Documentaire,5178,2024-05-29 04:49:22
U01491,F007,Avengers Endgame,Action,6245,2024-05-29 06:29:22
U01508,F011,Dark,Science-Fiction,1223,2024-05-29 06:41:06
U01827,F007,Avengers Endgame,Action,10791,2024-05-29 07:07:09
U01770,F015,Notre-Dame en Flammes,Documentaire,289,2024-05-29 07:38:11
U01353,F008,Joker,Drame,1196,2024-05-29 08:38:18
U01249,F005,Intouchables,Comédie dramatique,225,2024-05-29 09:19:16
U00368,F013,Stranger Things,Fantastique,2377,2024-05-29 09:20:15
U01919,F011,Dark,Science-Fiction,668,2024-05-29 09:54:49
U00951,F010,Breaking Bad,Thriller,66,2024-05-29 11:20:05
U00206,F010,Breaking Bad,Thriller,2384,2024-05-29 12:55:52
U00084,F010,Breaking Bad,Thriller,2501,2024-05-29 13:00:27
U00319,F004,Interstellar,Science-Fiction,205,2024-05-29 15:02:43
U00999,F008,Joker,Drame,74,2024-05-29 15:38:24
U00392,F004,Interstellar,Science-Fiction,3097,2024-05-29 16:04:14
U00622,F004,Interstellar,Science-Fiction,8028,2024-05-29 20:09:20
U01398,F013,Stranger Things,Fantastique,532,2024-05-29 20:37:27
U01284,F006,La La Land,Romance,3246,2024-05-29 21:00:19
U01742,F007,Avengers Endgame,Action,8030,2024-05-29 21:10:18
U00526,F011,Dark,Science-Fiction,1448,2024-05-29 21:11:40
U01337,F008,Joker,Drame,7255,2024-05-29 21:50:45
U01782,F007,Avengers Endgame,Action,4796,2024-05-29 22:50:14
U01283,F007,Avengers Endgame,Action,5656,2024-05-30 01:20:28
U01852,F010,Breaking Bad,Thriller,1636,2024-05-30 03:20:59
U00599,F014,The Crown,Drame,1197,2024-05-30 03:23:09
U01171,F009,The Office,Comédie,615,2024-05-30 04:55:51
U01506,F001,Inception,Science-Fiction,1915,2024-05-30 05:46:18
U00042,F005,Intouchables,Comédie dramatique,2903,2024-05-30 05:59:42
U01405,F003,Parasite,Thriller,70,2024-05-30 06:10:41
U00104,F014,The Crown,Drame,1374,2024-05-30 06:39:00
U01667,F007,Avengers Endgame,Action,112,2024-05-30 08:14:40
U00140,F010,Breaking Bad,Thriller,506,2024-05-30 09:01:02
U00675,F010,Breaking Bad,Thriller,1445,2024-05-30 09:03:59
U01049,F007,Avengers Endgame,Action,1663,2024-05-30 10:50:25
U00417,F001,Inception,Science-Fiction,7368,2024-05-30 10:51:13
U01185,F003,Parasite,Thriller,4384,2024-05-30 10:52:54
U00193,F013,Stranger Things,Fantastique,2843,2024-05-30 11:18:22
U00826,F001,Inception,Science-Fiction,7251,2024-05-30 14:04:00
U00436,F004,Interstellar,Science-Fiction,5955,2024-05-30 16:26:49
U00089,F007,Avengers Endgame,Action,2257,2024-05-30 16:30:42
U01474,F005,Intouchables,Comédie dramatique,5613,2024-05-30 17:40:41
U00142,F007,Avengers Endgame,Action,4928,2024-05-30 18:04:55
U01931,F001,Inception,Science-Fiction,5242,2024-05-30 18:11:07
U01489,F007,Avengers Endgame,Action,5826,2024-05-30 18:19:44
U00594,F003,Parasite,Thriller,7052,2024-05-30 18:49:12
U01942,F003,Parasite,Thriller,7226,2024-05-30 20:21:37
U00194,F002,Le Seigneur des Anneaux,Fantasy,606,2024-05-30 21:03:30
U01599,F001,Inception,Science-Fiction,7575,2024-05-30 21:55:31
U00398,F012,Squid Game,Thriller,2255,2024-05-30 22:35:33
U01027,F013,Stranger Things,Fantastique,199,2024-05-31 01:39:34
U01910,F007,Avengers Endgame,Action,8272,2024-05-31 02:27:22
U01111,F010,Breaking Bad,Thriller,2308,2024-05-31 03:30:12
U00674,F003,Parasite,Thriller,83,2024-05-31 07:36:33
U01149,F001,Inception,Science-Fiction,4404,2024-05-31 10:25:13
U00085,F013,Stranger Things,Fantastique,858,2024-05-31 12:07:09
U00792,F007,Avengers Endgame,Action,6571,2024-05-31 12:41:27
U00002,F003,Parasite,Thriller,6909,2024-05-31 14:34:49
U00547,F005,Intouchables,Comédie dramatique,3280,2024-05-31 14:49:54
U00822,F013,Stranger Things,Fantastique,304,2024-05-31 14:59:40
U00139,F007,Avengers Endgame,Action,1555,2024-05-31 16:23:17
U00417,F015,Notre-Dame en Flammes,Documentaire,1638,2024-05-31 17:52:53
U01466,F013,Stranger Things,Fantastique,244,2024-05-31 17:59:23
U01670,F007,Avengers Endgame,Action,8918,2024-05-31 18:55:29
U01471,F008,Joker,Drame,4723,2024-05-31 20:05:44
U00819,F012,Squid Game,Thriller,1380,2024-05-31 20:08:36
U01267,F015,Notre-Dame en Flammes,Documentaire,4832,2024-05-31 20:25:08
U00544,F013,Stranger Things,Fantastique,978,2024-05-31 20:37:42
U01805,F013,Stranger Things,Fantastique,909,2024-05-31 21:13:35
U00836,F007,Avengers Endgame,Action,163,2024-05-31 21:15:19
U01425,F012,Squid Game,Thriller,563,2024-05-31 21:16:06
U00274,F002,Le Seigneur des Anneaux,Fantasy,4839,2024-05-31 21:24:57
U00266,F001,Inception,Science-Fiction,79,2024-05-31 21:49:02
U01991,F012,Squid Game,Thriller,2146,2024-05-31 22:36:17
U01215,F013,Stranger Things,Fantastique,333,2024-05-31 23:06:08
U01581,F004,Interstellar,Science-Fiction,8258,2024-05-31 23:54:39
U00975,F007,Avengers Endgame,Action,756,2024-05-31 23:58:15
U01818,F009,The Office,Comédie,425,2024-06-01 02:15:30
U01045,F007,Avengers Endgame,Action,1097,2024-06-01 03:10:03
U00268,F003,Parasite,Thriller,3904,2024-06-01 03:43:36
U01881,F006,La La Land,Romance,321,2024-06-01 04:23:22
U00250,F003,Parasite,Thriller,5740,2024-06-01 06:19:03
U01675,F002,Le Seigneur des Anneaux,Fantasy,10070,2024-06-01 08:31:05
U01834,F012,Squid Game,Thriller,1568,2024-06-01 09:26:19
U01383,F006,La La Land,Romance,155,2024-06-01 09:33:25
U01757,F002,Le Seigneur des Anneaux,Fantasy,6869,2024-06-01 09:38:56
U01677,F007,Avengers Endgame,Action,6081,2024-06-01 10:05:10
U00430,F007,Avengers Endgame,Action,7570,2024-06-01 10:15:21
U01843,F009,The Office,Comédie,352,2024-06-01 10:19:25
U01979,F008,Joker,Drame,6313,2024-06-01 10:46:31
U01643,F008,Joker,Drame,6038,2024-06-01 10:59:23
U01245,F004,Interstellar,Science-Fiction,2432,2024-06-01 11:35:58
U00406,F010,Breaking Bad,Thriller,1925,2024-06-01 13:24:10
U01797,F002,Le Seigneur des Anneaux,Fantasy,2316,2024-06-01 13:58:32
U01512,F007,Avengers Endgame,Action,6264,2024-06-01 14:02:42
U00521,F008,Joker,Drame,3790,2024-06-01 14:03:38
U01353,F004,Interstellar,Science-Fiction,706,2024-06-01 14:06:50
U00448,F010,Breaking Bad,Thriller,1027,2024-06-01 14:30:41
U01912,F012,Squid Game,Thriller,2062,2024-06-01 15:22:50
U00768,F004,Interstellar,Science-Fiction,4589,2024-06-01 16:38:28
U01924,F003,Parasite,Thriller,1876,2024-06-01 17:17:57
U01140,F011,Dark,Science-Fiction,396,2024-06-01 18:04:40
U01289,F004,Interstellar,Science-Fiction,5596,2024-06-01 18:21:02
U01945,F014,The Crown,Drame,52,2024-06-01 18:42:14
U00507,F013,Stranger Things,Fantastique,1303,2024-06-01 18:45:07
U00302,F009,The Office,Comédie,560,2024-06-01 19:42:43
U01866,F009,The Office,Comédie,757,2024-06-01 20:09:50
U01427,F013,Stranger Things,Fantastique,2562,2024-06-01 22:13:31
U01666,F001,Inception,Science-Fiction,4905,2024-06-01 22:32:05
U00008,F010,Breaking Bad,Thriller,1738,2024-06-01 23:10:19
U01277,F010,Breaking Bad,Thriller,79,2024-06-01 23:26:55
U00887,F005,Intouchables,Comédie dramatique,5328,2024-06-02 00:48:07
U00674,F001,Inception,Science-Fiction,5439,2024-06-02 01:55:43
U01080,F007,Avengers Endgame,Action,9733,2024-06-02 02:04:10
U01392,F002,Le Seigneur des Anneaux,Fantasy,1801,2024-06-02 02:35:35
U00578,F012,Squid Game,Thriller,1508,2024-06-02 02:50:49
U01181,F008,Joker,Drame,1382,2024-06-02 03:24:13
U01054,F005,Intouchables,Comédie dramatique,2491,2024-06-02 03:34:08
U01085,F009,The Office,Comédie,736,2024-06-02 03:40:44
U01713,F009,The Office,Comédie,644,2024-06-02 05:36:04
U00254,F006,La La Land,Romance,2494,2024-06-02 06:33:06
U01697,F007,Avengers Endgame,Action,6460,2024-06-02 07:03:25
U00086,F004,Interstellar,Science-Fiction,9118,2024-06-02 07:21:14
U01746,F001,Inception,Science-Fiction,2381,2024-06-02 07:55:11
U00584,F012,Squid Game,Thriller,544,2024-06-02 08:47:34
U01152,F008,Joker,Drame,6028,2024-06-02 10:15:45
U00279,F001,Inception,Science-Fiction,1989,2024-06-02 10:29:04
U01674,F006,La La Land,Romance,536,2024-06-02 10:42:52
U00178,F004,Interstellar,Science-Fiction,8014,2024-06-02 10:43:20
U01409,F003,Parasite,Thriller,4310,2024-06-02 11:17:02
U01258,F001,Inception,Science-Fiction,2417,2024-06-02 11:25:26
U00345,F002,Le Seigneur des Anneaux,Fantasy,3550,2024-06-02 12:10:53
U01561,F002,Le Seigneur des Anneaux,Fantasy,9336,2024-06-02 12:38:17
U00319,F011,Dark,Science-Fiction,1263,2024-06-02 13:00:40
U00742,F007,Avengers Endgame,Action,9848,2024-06-02 14:34:19
U01127,F001,Inception,Science-Fiction,2953,2024-06-02 14:40:42
U01290,F003,Parasite,Thriller,5730,2024-06-02 15:05:42
U01055,F005,Intouchables,Comédie dramatique,5406,2024-06-02 17:53:59
U01082,F003,Parasite,Thriller,120,2024-06-02 18:28:23
U01933,F001,Inception,Science-Fiction,248,2024-06-02 19:09:19
U00832,F005,Intouchables,Comédie dramatique,320,2024-06-02 20:59:32
U01901,F012,Squid Game,Thriller,385,2024-06-02 21:05:59
U01512,F004,Interstellar,Science-Fiction,888,2024-06-02 21:28:24
U00027,F015,Notre-Dame en Flammes,Documentaire,730,2024-06-02 22:26:02
U00080,F001,Inception,Science-Fiction,1577,2024-06-02 22:57:20
U00053,F013,Stranger Things,Fantastique,2208,2024-06-03 01:05:14
U00540,F002,Le Seigneur des Anneaux,Fantasy,3198,2024-06-03 02:02:27
U01300,F001,Inception,Science-Fiction,5766,2024-06-03 02:06:17
U01551,F005,Intouchables,Comédie dramatique,3582,2024-06-03 02:55:57
U01128,F001,Inception,Science-Fiction,1533,2024-06-03 03:38:13
U00408,F004,Interstellar,Science-Fiction,9027,2024-06-03 03:46:12
U01806,F005,Intouchables,Comédie dramatique,4032,2024-06-03 05:59:59
U01614,F010,Breaking Bad,Thriller,672,2024-06-03 06:44:25
U01120,F010,Breaking Bad,Thriller,350,2024-06-03 07:33:27
U01157,F005,Intouchables,Comédie dramatique,3087,2024-06-03 08:32:28
U00170,F014,The Crown,Drame,2173,2024-06-03 09:30:36
U01662,F011,Dark,Science-Fiction,1712,2024-06-03 10:21:39
U00240,F011,Dark,Science-Fiction,2137,2024-06-03 10:31:27
U01106,F003,Parasite,Thriller,6996,2024-06-03 10:49:08
U00114,F007,Avengers Endgame,Action,3499,2024-06-03 12:02:50
U01317,F013,Stranger Things,Fantastique,2528,2024-06-03 12:19:13
U01384,F011,Dark,Science-Fiction,505,2024-06-03 13:01:43
U00116,F007,Avengers Endgame,Action,3916,2024-06-03 13:22:53
U01635,F012,Squid Game,Thriller,2963,2024-06-03 15:06:11
U01767,F011,Dark,Science-Fiction,214,2024-06-03 15:54:27
U00537,F010,Breaking Bad,Thriller,221,2024-06-03 16:57:42
U01816,F010,Breaking Bad,Thriller,1419,2024-06-03 17:35:50
U00468,F010,Breaking Bad,Thriller,367,2024-06-03 18:12:26
U01318,F007,Avengers Endgame,Action,5465,2024-06-03 19:09:43
U00795,F010,Breaking Bad,Thriller,227,2024-06-03 19:17:39
U01537,F002,Le Seigneur des Anneaux,Fantasy,7527,2024-06-03 19:52:41
U01472,F004,Interstellar,Science-Fiction,7719,2024-06-03 20:18:29
U00925,F013,Stranger Things,Fantastique,1228,2024-06-03 20:26:04
U01547,F010,Breaking Bad,Thriller,938,2024-06-03 22:52:39
U00981,F005,Intouchables,Comédie dramatique,2731,2024-06-04 00:19:48
U00839,F008,Joker,Drame,6311,2024-06-04 01:02:03
U00591,F013,Stranger Things,Fantastique,1425,2024-06-04 02:01:37
U00649,F005,Intouchables,Comédie dramatique,3971,2024-06-04 02:50:52
U01905,F002,Le Seigneur des Anneaux,Fantasy,9567,2024-06-04 02:59:29
U01475,F012,Squid Game,Thriller,2079,2024-06-04 03:03:17
U00769,F001,Inception,Science-Fiction,5803,2024-06-04 05:10:53
U01981,F011,Dark,Science-Fiction,1343,2024-06-04 05:16:21
U00523,F004,Interstellar,Science-Fiction,6227,2024-06-04 08:49:25
U00817,F002,Le Seigneur des Anneaux,Fantasy,3549,2024-06-04 10:16:19
U01462,F011,Dark,Science-Fiction,2668,2024-06-04 10:27:55
U01936,F007,Avengers Endgame,Action,245,2024-06-04 11:08:39
U00473,F007,Avengers Endgame,Action,49,2024-06-04 11:17:49
U00774,F015,Notre-Dame en Flammes,Documentaire,138,2024-06-04 12:01:15
U00895,F012,Squid Game,Thriller,1506,2024-06-04 12:27:46
U01333,F013,Stranger Things,Fantastique,2297,2024-06-04 12:33:30
U01887,F004,Interstellar,Science-Fiction,5913,2024-06-04 13:25:06
U01433,F014,The Crown,Drame,290,2024-06-04 13:29:53
U00510,F001,Inception,Science-Fiction,1073,2024-06-04 13:56:23
U00118,F002,Le Seigneur des Anneaux,Fantasy,7324,2024-06-04 15:08:51
U00191,F005,Intouchables,Comédie dramatique,766,2024-06-04 15:31:01
U00410,F010,Breaking Bad,Thriller,1057,2024-06-04 15:51:27
U01477,F001,Inception,Science-Fiction,2504,2024-06-04 16:35:38
U01848,F001,Inception,Science-Fiction,676,2024-06-04 16:53:25
U00445,F010,Breaking Bad,Thriller,2577,2024-06-04 17:03:42
U00407,F004,Interstellar,Science-Fiction,5297,2024-06-04 17:54:58
U01346,F005,Intouchables,Comédie dramatique,115,2024-06-04 18:34:10
U00366,F012,Squid Game,Thriller,3154,2024-06-04 18:40:36
U01786,F011,Dark,Science-Fiction,2183,2024-06-04 21:06:37
U01282,F001,Inception,Science-Fiction,488,2024-06-04 22:15:10
U00284,F011,Dark,Science-Fiction,651,2024-06-04 22:31:21
U01534,F014,The Crown,Drame,2366,2024-06-05 00:58:56
U01528,F010,Breaking Bad,Thriller,2663,2024-06-05 01:45:37
U00691,F012,Squid Game,Thriller,3039,2024-06-05 02:59:30
U00453,F005,Intouchables,Comédie dramatique,1746,2024-06-05 04:55:53
U00087,F002,Le Seigneur des Anneaux,Fantasy,5064,2024-06-05 04:59:30
U01377,F010,Breaking Bad,Thriller,52,2024-06-05 05:23:05
U01993,F015,Notre-Dame en Flammes,Documentaire,219,2024-06-05 05:41:28
U01569,F001,Inception,Science-Fiction,7283,2024-06-05 06:03:11
U01870,F002,Le Seigneur des Anneaux,Fantasy,2235,2024-06-05 09:17:14
U00216,F013,Stranger Things,Fantastique,2471,2024-06-05 09:54:06
U00155,F008,Joker,Drame,4191,2024-06-05 10:50:28
U00928,F015,Notre-Dame en Flammes,Documentaire,3378,2024-06-05 10:52:52
U01091,F010,Breaking Bad,Thriller,1873,2024-06-05 11:39:23
U00601,F001,Inception,Science-Fiction,5471,2024-06-05 11:41:34
U00264,F013,Stranger Things,Fantastique,655,2024-06-05 13:20:29
U01621,F002,Le Seigneur des Anneaux,Fantasy,4451,2024-06-05 15:49:19
U00065,F003,Parasite,Thriller,3274,2024-06-05 16:46:39
U00937,F004,Interstellar,Science-Fiction,7561,2024-06-05 18:45:30
U00033,F010,Breaking Bad,Thriller,2105,2024-06-05 22:38:05
U00918,F011,Dark,Science-Fiction,1173,2024-06-05 23:46:19
U01839,F002,Le Seigneur des Anneaux,Fantasy,6110,2024-06-06 02:06:55
U00272,F002,Le Seigneur des Anneaux,Fantasy,1311,2024-06-06 02:11:35
U00053,F010,Breaking Bad,Thriller,158,2024-06-06 02:13:53
U00565,F003,Parasite,Thriller,6892,2024-06-06 02:46:00
U01998,F002,Le Seigneur des Anneaux,Fantasy,504,2024-06-06 02:47:39
U01820,F007,Avengers Endgame,Action,6301,2024-06-06 04:59:41
U01147,F006,La La Land,Romance,3567,2024-06-06 07:18:56
U01546,F003,Parasite,Thriller,6747,2024-06-06 07:26:12
U00799,F006,La La Land,Romance,5291,2024-06-06 07:44:46
U01614,F006,La La Land,Romance,1746,2024-06-06 07:49:37
U01642,F006,La La Land,Romance,237,2024-06-06 08:17:12
U00741,F010,Breaking Bad,Thriller,607,2024-06-06 08:34:57
U01611,F008,Joker,Drame,6879,2024-06-06 08:43:29
U00257,F001,Inception,Science-Fiction,124,2024-06-06 09:57:15
U00009,F013,Stranger Things,Fantastique,174,2024-06-06 10:17:23
U00076,F004,Interstellar,Science-Fiction,650,2024-06-06 11:36:25
U00979,F006,La La Land,Romance,987,2024-06-06 11:41:51
U01769,F005,Intouchables,Comédie dramatique,83,2024-06-06 11:52:11
U01184,F012,Squid Game,Thriller,1894,2024-06-06 12:39:23
U01785,F013,Stranger Things,Fantastique,423,2024-06-06 12:45:36
U01587,F012,Squid Game,Thriller,1382,2024-06-06 13:24:05
U01578,F004,Interstellar,Science-Fiction,8198,2024-06-06 13:56:35
U01349,F012,Squid Game,Thriller,167,2024-06-06 14:14:37
U01324,F002,Le Seigneur des Anneaux,Fantasy,7274,2024-06-06 14:56:41
U01887,F015,Notre-Dame en Flammes,Documentaire,3920,2024-06-06 15:11:21
U01667,F010,Breaking Bad,Thriller,1191,2024-06-06 15:40:50
U01533,F013,Stranger Things,Fantastique,2056,2024-06-06 16:53:41
U00064,F007,Avengers Endgame,Action,1659,2024-06-06 17:51:43
U00062,F007,Avengers Endgame,Action,6666,2024-06-06 18:20:48
U01674,F014,The Crown,Drame,996,2024-06-06 18:59:56
U01641,F010,Breaking Bad,Thriller,1991,2024-06-06 19:45:26
U01200,F003,Parasite,Thriller,73,2024-06-06 19:48:22
U00617,F002,Le Seigneur des Anneaux,Fantasy,5773,2024-06-06 21:17:05
U00070,F004,Interstellar,Science-Fiction,488,2024-06-06 22:46:30
U01918,F001,Inception,Science-Fiction,5680,2024-06-06 22:48:30
U01435,F009,The Office,Comédie,328,2024-06-06 23:27:33
U01396,F011,Dark,Science-Fiction,110,2024-06-07 00:39:08
U01108,F002,Le Seigneur des Anneaux,Fantasy,8180,2024-06-07 01:31:49
U01709,F001,Inception,Science-Fiction,2306,2024-06-07 02:05:44
U01771,F005,Intouchables,Comédie dramatique,3481,2024-06-07 02:46:22
U01031,F001,Inception,Science-Fiction,685,2024-06-07 02:59:15
U01408,F015,Notre-Dame en Flammes,Documentaire,2568,2024-06-07 04:08:43
U00061,F004,Interstellar,Science-Fiction,102,2024-06-07 07:12:45
U00350,F007,Avengers Endgame,Action,7979,2024-06-07 07:29:29
U00828,F007,Avengers Endgame,Action,5908,2024-06-07 09:08:58
U00244,F010,Breaking Bad,Thriller,38,2024-06-07 10:50:16
U00384,F006,La La Land,Romance,5908,2024-06-07 11:14:50
U00086,F010,Breaking Bad,Thriller,802,2024-06-07 12:47:09
U00550,F007,Avengers Endgame,Action,995,2024-06-07 12:47:21
U00871,F013,Stranger Things,Fantastique,2766,2024-06-07 14:12:57
U01674,F007,Avengers Endgame,Action,5002,2024-06-07 14:47:10
U00236,F012,Squid Game,Thriller,952,2024-06-07 14:47:54
U01982,F007,Avengers Endgame,Action,4543,2024-06-07 15:15:36
U01556,F013,Stranger Things,Fantastique,2277,2024-06-07 15:45:41
U01003,F004,Interstellar,Science-Fiction,5473,2024-06-07 18:10:35
U01775,F012,Squid Game,Thriller,2475,2024-06-07 18:56:24
U00990,F007,Avengers Endgame,Action,10494,2024-06-07 21:05:03
U00011,F001,Inception,Science-Fiction,7813,2024-06-07 21:48:57
U01283,F004,Interstellar,Science-Fiction,7123,2024-06-07 22:03:07
U01300,F013,Stranger Things,Fantastique,913,2024-06-08 01:41:58
U00728,F014,The Crown,Drame,783,2024-06-08 02:35:08
U00154,F008,Joker,Drame,2121,2024-06-08 03:09:40
U01203,F004,Interstellar,Science-Fiction,4406,2024-06-08 04:26:39
U00705,F009,The Office,Comédie,847,2024-06-08 04:29:33
U00818,F003,Parasite,Thriller,5361,2024-06-08 05:33:30
U01776,F010,Breaking Bad,Thriller,2292,2024-06-08 06:30:58
U01643,F001,Inception,Science-Fiction,3937,2024-06-08 07:18:50
U01582,F009,The Office,Comédie,495,2024-06-08 07:25:57
U00324,F002,Le Seigneur des Anneaux,Fantasy,9663,2024-06-08 07:30:46
U01640,F010,Breaking Bad,Thriller,158,2024-06-08 08:49:05
U00724,F001,Inception,Science-Fiction,1456,2024-06-08 09:11:10
U01087,F007,Avengers Endgame,Action,5631,2024-06-08 11:38:06
U01929,F010,Breaking Bad,Thriller,627,2024-06-08 11:43:15
U00436,F014,The Crown,Drame,3551,2024-06-08 12:12:24
U01960,F007,Avengers Endgame,Action,1301,2024-06-08 13:00:50
U01246,F012,Squid Game,Thriller,1880,2024-06-08 14:21:50
U00800,F008,Joker,Drame,83,2024-06-08 14:54:14
U00431,F007,Avengers Endgame,Action,9091,2024-06-08 15:01:47
U01875,F003,Parasite,Thriller,1805,2024-06-08 15:36:25
U00194,F001,Inception,Science-Fiction,3769,2024-06-08 15:45:03
U01021,F004,Interstellar,Science-Fiction,3577,2024-06-08 15:51:32
U00402,F012,Squid Game,Thriller,2964,2024-06-08 16:03:20
U00510,F012,Squid Game,Thriller,1170,2024-06-08 16:58:27
U00022,F010,Breaking Bad,Thriller,1374,2024-06-08 17:06:58
U01488,F010,Breaking Bad,Thriller,1310,2024-06-08 17:23:24
U00019,F004,Interstellar,Science-Fiction,7525,2024-06-08 19:24:03
U01626,F012,Squid Game,Thriller,837,2024-06-08 20:36:17
U00658,F009,The Office,Comédie,997,2024-06-08 20:48:37
U00474,F012,Squid Game,Thriller,2036,2024-06-08 21:39:23
U01665,F010,Breaking Bad,Thriller,2530,2024-06-08 22:06:25
U00780,F001,Inception,Science-Fiction,3227,2024-06-08 23:27:43
U00423,F002,Le Seigneur des Anneaux,Fantasy,3989,2024-06-09 00:24:37
U01112,F009,The Office,Comédie,619,2024-06-09 01:13:00
U00975,F001,Inception,Science-Fiction,5718,2024-06-09 02:36:01
U00744,F003,Parasite,Thriller,5097,2024-06-09 08:15:17
U01913,F012,Squid Game,Thriller,3191,2024-06-09 08:57:11
U01025,F011,Dark,Science-Fiction,353,2024-06-09 09:03:17
U01225,F013,Stranger Things,Fantastique,200,2024-06-09 10:05:08
U00572,F007,Avengers Endgame,Action,6978,2024-06-09 11:22:44
U01002,F005,Intouchables,Comédie dramatique,125,2024-06-09 11:29:51
U00137,F015,Notre-Dame en Flammes,Documentaire,5084,2024-06-09 11:49:22
U01160,F014,The Crown,Drame,855,2024-06-09 12:20:59
U01532,F007,Avengers Endgame,Action,6723,2024-06-09 12:42:15
U01188,F010,Breaking Bad,Thriller,1277,2024-06-09 14:37:35
U01717,F005,Intouchables,Comédie dramatique,238,2024-06-09 15:12:57
U00248,F004,Interstellar,Science-Fiction,4368,2024-06-09 15:33:09
U00862,F007,Avengers Endgame,Action,5331,2024-06-09 16:34:33
U00649,F013,Stranger Things,Fantastique,1575,2024-06-09 17:08:53
U01303,F010,Breaking Bad,Thriller,833,2024-06-09 18:00:49
U00588,F003,Parasite,Thriller,191,2024-06-09 18:35:56
U01737,F003,Parasite,Thriller,5658,2024-06-09 19:08:35
U01778,F002,Le Seigneur des Anneaux,Fantasy,4035,2024-06-09 19:15:37
U00958,F007,Avengers Endgame,Action,917,2024-06-09 20:19:14
U01309,F004,Interstellar,Science-Fiction,6649,2024-06-09 20:54:48
U01732,F010,Breaking Bad,Thriller,2025,2024-06-09 23:53:40
U00256,F009,The Office,Comédie,100,2024-06-09 23:56:31
U00455,F012,Squid Game,Thriller,1704,2024-06-10 03:07:10
U01776,F001,Inception,Science-Fiction,8612,2024-06-10 03:43:12
U01151,F002,Le Seigneur des Anneaux,Fantasy,6677,2024-06-10 05:48:46
U00005,F002,Le Seigneur des Anneaux,Fantasy,6006,2024-06-10 07:00:55
U00249,F010,Breaking Bad,Thriller,1805,2024-06-10 07:12:40
U00773,F007,Avengers Endgame,Action,223,2024-06-10 08:37:39
U01254,F012,Squid Game,Thriller,2830,2024-06-10 09:31:38
U01294,F015,Notre-Dame en Flammes,Documentaire,5175,2024-06-10 09:49:17
U01678,F003,Parasite,Thriller,4732,2024-06-10 09:49:22
U01865,F015,Notre-Dame en Flammes,Documentaire,2516,2024-06-10 09:53:45
U00017,F001,Inception,Science-Fiction,7977,2024-06-10 10:28:24
U00439,F001,Inception,Science-Fiction,4116,2024-06-10 11:17:48
U01917,F008,Joker,Drame,4682,2024-06-10 12:55:27
U01418,F003,Parasite,Thriller,2539,2024-06-10 13:30:04
U00678,F007,Avengers Endgame,Action,8967,2024-06-10 14:10:32
U01307,F004,Interstellar,Science-Fiction,8416,2024-06-10 15:08:57
U01897,F001,Inception,Science-Fiction,6764,2024-06-10 15:28:20
U01711,F011,Dark,Science-Fiction,66,2024-06-10 15:38:22
U01611,F003,Parasite,Thriller,641,2024-06-10 15:44:44
U01074,F010,Breaking Bad,Thriller,950,2024-06-10 16:13:28
U01375,F005,Intouchables,Comédie dramatique,6212,2024-06-10 16:25:36
U01196,F015,Notre-Dame en Flammes,Documentaire,122,2024-06-10 17:18:22
U00419,F007,Avengers Endgame,Action,7861,2024-06-10 18:24:10
U01644,F012,Squid Game,Thriller,2769,2024-06-10 20:26:19
U01988,F007,Avengers Endgame,Action,219,2024-06-10 22:43:37
U01720,F007,Avengers Endgame,Action,6612,2024-06-11 00:24:26
U01972,F011,Dark,Science-Fiction,2612,2024-06-11 01:06:38
U00572,F007,Avengers Endgame,Action,3050,2024-06-11 03:27:54
U00251,F007,Avengers Endgame,Action,52,2024-06-11 04:04:57
U01212,F010,Breaking Bad,Thriller,1021,2024-06-11 05:17:46
U01900,F008,Joker,Drame,32,2024-06-11 05:54:57
U00417,F004,Interstellar,Science-Fiction,7075,2024-06-11 06:52:51
U01513,F010,Breaking Bad,Thriller,1708,2024-06-11 06:58:13
U01916,F007,Avengers Endgame,Action,9403,2024-06-11 07:43:53
U00628,F004,Interstellar,Science-Fiction,8175,2024-06-11 07:45:32
U00552,F005,Intouchables,Comédie dramatique,6274,2024-06-11 08:44:02
U01859,F001,Inception,Science-Fiction,7865,2024-06-11 10:33:18
U00442,F015,Notre-Dame en Flammes,Documentaire,1075,2024-06-11 11:07:38
U01898,F001,Inception,Science-Fiction,667,2024-06-11 11:40:08
U00377,F012,Squid Game,Thriller,1110,2024-06-11 11:45:55
U01539,F007,Avengers Endgame,Action,2527,2024-06-11 12:23:39
U01621,F013,Stranger Things,Fantastique,326,2024-06-11 12:47:12
U01099,F013,Stranger Things,Fantastique,615,2024-06-11 14:22:34
U00172,F005,Intouchables,Comédie dramatique,80,2024-06-11 14:31:01
U01911,F005,Intouchables,Comédie dramatique,4238,2024-06-11 15:00:42
U00142,F005,Intouchables,Comédie dramatique,3980,2024-06-11 17:54:47
U00344,F005,Intouchables,Comédie dramatique,1284,2024-06-11 18:06:40
U01973,F011,Dark,Science-Fiction,1015,2024-06-11 18:18:18
U01374,F014,The Crown,Drame,2906,2024-06-11 18:32:40
U01111,F007,Avengers Endgame,Action,3575,2024-06-11 20:04:49
U01266,F013,Stranger Things,Fantastique,1486,2024-06-11 20:38:04
U01508,F003,Parasite,Thriller,4299,2024-06-11 22:41:59
U00308,F002,Le Seigneur des Anneaux,Fantasy,56,2024-06-11 22:47:05
U00922,F013,Stranger Things,Fantastique,1622,2024-06-12 00:43:21
U00456,F005,Intouchables,Comédie dramatique,53,2024-06-12 01:29:27
U00206,F001,Inception,Science-Fiction,5194,2024-06-12 01:35:31
U01804,F003,Parasite,Thriller,7055,2024-06-12 03:12:25
U00467,F003,Parasite,Thriller,3540,2024-06-12 04:32:14
U01554,F005,Intouchables,Comédie dramatique,2157,2024-06-12 04:59:42
U01054,F012,Squid Game,Thriller,1468,2024-06-12 05:20:12
U01680,F002,Le Seigneur des Anneaux,Fantasy,9425,2024-06-12 08:22:47
U00370,F005,Intouchables,Comédie dramatique,123,2024-06-12 08:53:37
U01044,F007,Avengers Endgame,Action,2444,2024-06-12 09:08:16
U01887,F004,Interstellar,Science-Fiction,3787,2024-06-12 09:22:45
U00165,F009,The Office,Comédie,1098,2024-06-12 09:23:46
U01549,F008,Joker,Drame,6373,2024-06-12 09:33:41
U00649,F002,Le Seigneur des Anneaux,Fantasy,9996,2024-06-12 10:43:56
U01174,F002,Le Seigneur des Anneaux,Fantasy,8251,2024-06-12 12:04:10
U00930,F007,Avengers Endgame,Action,3015,2024-06-12 12:09:16
U00052,F004,Interstellar,Science-Fiction,4232,2024-06-12 14:20:18
U01741,F009,The Office,Comédie,1102,2024-06-12 18:17:15
U00475,F001,Inception,Science-Fiction,6234,2024-06-12 18:33:49
U01290,F009,The Office,Comédie,571,2024-06-12 18:44:09
U01215,F010,Breaking Bad,Thriller,626,2024-06-12 18:57:21
U01082,F004,Interstellar,Science-Fiction,2285,2024-06-12 20:41:39
U00742,F007,Avengers Endgame,Action,559,2024-06-12 21:13:49
U01695,F004,Interstellar,Science-Fiction,3872,2024-06-12 21:30:12
U01755,F007,Avengers Endgame,Action,247,2024-06-12 21:35:35
U00080,F007,Avengers Endgame,Action,9145,2024-06-12 22:52:06
U01507,F007,Avengers Endgame,Action,251,2024-06-12 23:38:23
U00273,F012,Squid Game,Thriller,3098,2024-06-13 00:34:20
U01510,F006,La La Land,Romance,6748,2024-06-13 00:44:11
U00750,F007,Avengers Endgame,Action,4538,2024-06-13 01:00:28
U01050,F015,Notre-Dame en Flammes,Documentaire,184,2024-06-13 02:15:51
U00727,F004,Interstellar,Science-Fiction,8054,2024-06-13 02:34:31
U01005,F013,Stranger Things,Fantastique,2669,2024-06-13 02:35:10
U01554,F010,Breaking Bad,Thriller,1923,2024-06-13 05:15:41
U01886,F001,Inception,Science-Fiction,727,2024-06-13 05:45:35
U01637,F007,Avengers Endgame,Action,3380,2024-06-13 06:33:53
U00544,F013,Stranger Things,Fantastique,2024,2024-06-13 06:42:55
U00796,F006,La La Land,Romance,226,2024-06-13 07:00:26
U01285,F007,Avengers Endgame,Action,8835,2024-06-13 07:07:28
U01973,F012,Squid Game,Thriller,2104,2024-06-13 07:19:11
U00416,F011,Dark,Science-Fiction,869,2024-06-13 07:31:18
U01850,F002,Le Seigneur des Anneaux,Fantasy,10102,2024-06-13 07:41:09
U01156,F013,Stranger Things,Fantastique,2194,2024-06-13 08:24:30
U01260,F009,The Office,Comédie,987,2024-06-13 08:55:35
U00525,F003,Parasite,Thriller,300,2024-06-13 09:01:13
U01395,F002,Le Seigneur des Anneaux,Fantasy,3227,2024-06-13 09:05:57
U01991,F003,Parasite,Thriller,474,2024-06-13 10:08:24
U00476,F003,Parasite,Thriller,4688,2024-06-13 11:32:43
U01796,F015,Notre-Dame en Flammes,Documentaire,4314,2024-06-13 11:40:15
U01893,F008,Joker,Drame,241,2024-06-13 11:41:04
U01335,F008,Joker,Drame,2495,2024-06-13 11:52:47
U00587,F008,Joker,Drame,5511,2024-06-13 12:00:26
U01640,F002,Le Seigneur des Anneaux,Fantasy,6822,2024-06-13 14:19:09
U01523,F004,Interstellar,Science-Fiction,4977,2024-06-13 15:48:49
U00047,F015,Notre-Dame en Flammes,Documentaire,2530,2024-06-13 17:09:35
U01579,F011,Dark,Science-Fiction,197,2024-06-13 17:12:01
U01362,F007,Avengers Endgame,Action,10255,2024-06-13 18:01:18
U00780,F002,Le Seigneur des Anneaux,Fantasy,10637,2024-06-13 18:02:04
U00752,F012,Squid Game,Thriller,3255,2024-06-13 20:45:33
U00276,F007,Avengers Endgame,Action,5973,2024-06-13 21:40:09
U00538,F010,Breaking Bad,Thriller,2204,2024-06-13 22:28:04
U00208,F007,Avengers Endgame,Action,8378,2024-06-13 23:56:34
U01621,F008,Joker,Drame,4620,2024-06-14 02:34:56
U01000,F005,Intouchables,Comédie dramatique,2589,2024-06-14 02:38:30
U01538,F012,Squid Game,Thriller,3244,2024-06-14 02:38:59
U00203,F011,Dark,Science-Fiction,1772,2024-06-14 05:31:09
U01296,F006,La La Land,Romance,5379,2024-06-14 06:16:21
U00066,F001,Inception,Science-Fiction,3698,2024-06-14 06:32:23
U01832,F013,Stranger Things,Fantastique,293,2024-06-14 08:42:45
U01915,F013,Stranger Things,Fantastique,2302,2024-06-14 09:37:18
U01830,F010,Breaking Bad,Thriller,1957,2024-06-14 09:41:48
U01505,F013,Stranger Things,Fantastique,71,2024-06-14 10:52:49
U00826,F008,Joker,Drame,6856,2024-06-14 11:00:38
U01648,F004,Interstellar,Science-Fiction,1567,2024-06-14 11:16:30
U01196,F001,Inception,Science-Fiction,7195,2024-06-14 11:33:42
U01219,F012,Squid Game,Thriller,715,2024-06-14 12:34:43
U00450,F009,The Office,Comédie,1192,2024-06-14 13:45:46
U01956,F007,Avengers Endgame,Action,1651,2024-06-14 13:59:09
U01186,F003,Parasite,Thriller,6931,2024-06-14 14:09:50
U01282,F010,Breaking Bad,Thriller,612,2024-06-14 14:56:30
U01064,F010,Breaking Bad,Thriller,95,2024-06-14 15:25:01
U00690,F012,Squid Game,Thriller,278,2024-06-14 16:26:38
U00009,F012,Squid Game,Thriller,115,2024-06-14 16:27:16
U00229,F008,Joker,Drame,2752,2024-06-14 17:45:55
U00991,F010,Breaking Bad,Thriller,1938,2024-06-14 20:25:41
U01613,F001,Inception,Science-Fiction,1792,2024-06-14 21:05:03
U01852,F002,Le Seigneur des Anneaux,Fantasy,10477,2024-06-14 21:56:20
U01314,F005,Intouchables,Comédie dramatique,6713,2024-06-14 22:52:19
U01916,F001,Inception,Science-Fiction,5248,2024-06-14 23:13:30
U01409,F004,Interstellar,Science-Fiction,2321,2024-06-15 01:06:28
U01396,F004,Interstellar,Science-Fiction,8374,2024-06-15 02:59:02
U00312,F015,Notre-Dame en Flammes,Documentaire,3645,2024-06-15 04:12:03
U01921,F001,Inception,Science-Fiction,7768,2024-06-15 05:09:44
U00832,F005,Intouchables,Comédie dramatique,3846,2024-06-15 06:23:18
U00569,F004,Interstellar,Science-Fiction,6647,2024-06-15 09:03:15
U01475,F001,Inception,Science-Fiction,3135,2024-06-15 10:07:00
U00791,F010,Breaking Bad,Thriller,1670,2024-06-15 10:18:15
U01414,F008,Joker,Drame,3258,2024-06-15 13:04:25
U00806,F012,Squid Game,Thriller,2833,2024-06-15 15:31:28
U00736,F013,Stranger Things,Fantastique,2552,2024-06-15 15:58:31
U01102,F011,Dark,Science-Fiction,1613,2024-06-15 17:07:39
U00816,F001,Inception,Science-Fiction,2943,2024-06-15 18:10:30
U01986,F009,The Office,Comédie,449,2024-06-15 19:33:08
U00074,F012,Squid Game,Thriller,1953,2024-06-15 21:54:09
U00692,F015,Notre-Dame en Flammes,Documentaire,3864,2024-06-15 22:03:03
U00411,F012,Squid Game,Thriller,240,2024-06-15 22:22:26
U01679,F003,Parasite,Thriller,7139,2024-06-15 22:43:17
U01123,F012,Squid Game,Thriller,730,2024-06-15 22:50:52
U00086,F007,Avengers Endgame,Action,129,2024-06-15 22:55:33
U00049,F006,La La Land,Romance,3162,2024-06-15 23:38:35
U01854,F007,Avengers Endgame,Action,5029,2024-06-15 23:39:16
U01519,F008,Joker,Drame,2643,2024-06-16 00:04:26
U01341,F009,The Office,Comédie,880,2024-06-16 00:32:32
U01774,F004,Interstellar,Science-Fiction,4968,2024-06-16 01:16:16
U00977,F005,Intouchables,Comédie dramatique,2182,2024-06-16 02:48:15
U01668,F013,Stranger Things,Fantastique,1871,2024-06-16 04:54:06
U00847,F006,La La Land,Romance,5928,2024-06-16 06:40:19
U01469,F002,Le Seigneur des Anneaux,Fantasy,9668,2024-06-16 08:10:37
U01096,F001,Inception,Science-Fiction,8482,2024-06-16 10:08:53
U01632,F015,Notre-Dame en Flammes,Documentaire,3779,2024-06-16 12:08:39
U01845,F005,Intouchables,Comédie dramatique,4811,2024-06-16 13:04:51
U00608,F009,The Office,Comédie,703,2024-06-16 13:32:24
U00003,F013,Stranger Things,Fantastique,2769,2024-06-16 13:50:30
U00379,F003,Parasite,Thriller,2357,2024-06-16 16:04:56
U01542,F008,Joker,Drame,4719,2024-06-16 17:55:56
U01192,F013,Stranger Things,Fantastique,1128,2024-06-16 17:59:43
U00205,F013,Stranger Things,Fantastique,932,2024-06-16 18:18:27
U00898,F015,Notre-Dame en Flammes,Documentaire,3905,2024-06-16 18:28:06
U01961,F008,Joker,Drame,6502,2024-06-16 19:37:18
U00690,F005,Intouchables,Comédie dramatique,5075,2024-06-16 19:47:28
U01773,F003,Parasite,Thriller,5228,2024-06-16 20:24:08
U01009,F008,Joker,Drame,4738,2024-06-16 20:31:10
U01153,F001,Inception,Science-Fiction,58,2024-06-16 21:33:04
U00414,F003,Parasite,Thriller,6513,2024-06-16 22:18:35
U00757,F001,Inception,Science-Fiction,7231,2024-06-17 00:55:29
U01227,F007,Avengers Endgame,Action,914,2024-06-17 01:26:36
U00467,F003,Parasite,Thriller,6004,2024-06-17 02:30:45
U00158,F009,The Office,Comédie,453,2024-06-17 03:01:05
U00959,F002,Le Seigneur des Anneaux,Fantasy,4645,2024-06-17 03:11:48
U01330,F003,Parasite,Thriller,2138,2024-06-17 03:23:00
U01417,F010,Breaking Bad,Thriller,2460,2024-06-17 05:15:31
U00697,F007,Avengers Endgame,Action,7834,2024-06-17 06:33:53
U01901,F007,Avengers Endgame,Action,5584,2024-06-17 07:18:24
U01592,F001,Inception,Science-Fiction,4754,2024-06-17 07:22:20
U00854,F004,Interstellar,Science-Fiction,733,2024-06-17 12:57:09
U00693,F004,Interstellar,Science-Fiction,6236,2024-06-17 13:50:48
U01210,F011,Dark,Science-Fiction,1650,2024-06-17 14:31:48
U00583,F006,La La Land,Romance,3261,2024-06-17 16:46:20
U01375,F003,Parasite,Thriller,3757,2024-06-17 16:55:10
U00617,F004,Interstellar,Science-Fiction,115,2024-06-17 19:28:35
U00087,F004,Interstellar,Science-Fiction,4454,2024-06-17 19:36:13
U00928,F010,Breaking Bad,Thriller,2468,2024-06-17 21:05:13
U01824,F013,Stranger Things,Fantastique,2673,2024-06-17 22:09:37
U01224,F007,Avengers Endgame,Action,10080,2024-06-17 22:16:58
U00786,F001,Inception,Science-Fiction,2697,2024-06-17 23:43:16
U00015,F015,Notre-Dame en Flammes,Documentaire,2236,2024-06-17 23:52:29
U00155,F011,Dark,Science-Fiction,1243,2024-06-17 23:53:13
U00349,F013,Stranger Things,Fantastique,299,2024-06-17 23:58:24
U01281,F004,Interstellar,Science-Fiction,3425,2024-06-18 00:15:54
U00452,F004,Interstellar,Science-Fiction,187,2024-06-18 00:17:43
U00556,F008,Joker,Drame,6642,2024-06-18 00:18:08
U01465,F005,Intouchables,Comédie dramatique,2058,2024-06-18 00:36:07
U01554,F005,Intouchables,Comédie dramatique,234,2024-06-18 02:05:38
U00645,F007,Avengers Endgame,Action,7225,2024-06-18 03:30:14
U01030,F015,Notre-Dame en Flammes,Documentaire,4053,2024-06-18 04:34:01
U00189,F008,Joker,Drame,4374,2024-06-18 05:24:50
U00270,F001,Inception,Science-Fiction,8193,2024-06-18 06:07:19
U01236,F013,Stranger Things,Fantastique,858,2024-06-18 06:17:08
U01848,F007,Avengers Endgame,Action,2816,2024-06-18 06:19:16
U01134,F001,Inception,Science-Fiction,6521,2024-06-18 06:49:33
U01709,F001,Inception,Science-Fiction,53,2024-06-18 06:59:28
U00172,F011,Dark,Science-Fiction,1845,2024-06-18 07:20:08
U00241,F001,Inception,Science-Fiction,6244,2024-06-18 07:51:50
U01130,F009,The Office,Comédie,553,2024-06-18 08:23:32
U00818,F001,Inception,Science-Fiction,7204,2024-06-18 08:57:24
U01428,F001,Inception,Science-Fiction,6185,2024-06-18 09:07:03
U00128,F003,Parasite,Thriller,1326,2024-06-18 09:20:32
U01797,F001,Inception,Science-Fiction,4307,2024-06-18 09:46:40
U01114,F001,Inception,Science-Fiction,2584,2024-06-18 10:31:40
U01836,F004,Interstellar,Science-Fiction,5754,2024-06-18 11:19:38
U00376,F001,Inception,Science-Fiction,4126,2024-06-18 11:49:16
U01109,F011,Dark,Science-Fiction,1306,2024-06-18 13:52:32
U00511,F001,Inception,Science-Fiction,4879,2024-06-18 15:06:20
U00448,F002,Le Seigneur des Anneaux,Fantasy,641,2024-06-18 15:10:26
U00034,F001,Inception,Science-Fiction,260,2024-06-18 16:33:05
U01343,F004,Interstellar,Science-Fiction,218,2024-06-18 16:40:55
U01690,F004,Interstellar,Science-Fiction,8801,2024-06-18 16:56:36
U01671,F004,Interstellar,Science-Fiction,3406,2024-06-18 22:07:14
U01610,F001,Inception,Science-Fiction,543,2024-06-18 22:43:21
U00007,F003,Parasite,Thriller,6622,2024-06-18 23:23:21
U01827,F014,The Crown,Drame,1446,2024-06-18 23:30:01
U01989,F013,Stranger Things,Fantastique,2177,2024-06-19 01:03:41
U00115,F008,Joker,Drame,1813,2024-06-19 03:36:54
U01207,F001,Inception,Science-Fiction,1228,2024-06-19 03:51:19
U00141,F012,Squid Game,Thriller,623,2024-06-19 04:10:34
U00232,F001,Inception,Science-Fiction,7597,2024-06-19 07:29:45
U00564,F012,Squid Game,Thriller,729,2024-06-19 07:56:22
U00839,F002,Le Seigneur des Anneaux,Fantasy,3818,2024-06-19 11:27:43
U00834,F007,Avengers Endgame,Action,9267,2024-06-19 11:34:21
U00167,F001,Inception,Science-Fiction,1104,2024-06-19 11:34:52
U00382,F007,Avengers Endgame,Action,2235,2024-06-19 13:33:17
U01900,F006,La La Land,Romance,5324,2024-06-19 13:34:11
U00310,F001,Inception,Science-Fiction,584,2024-06-19 14:27:07
U01590,F004,Interstellar,Science-Fiction,7919,2024-06-19 15:37:12
U01034,F009,The Office,Comédie,254,2024-06-19 15:42:28
U00782,F005,Intouchables,Comédie dramatique,1378,2024-06-19 18:40:40
U01191,F002,Le Seigneur des Anneaux,Fantasy,3951,2024-06-19 23:53:49
U01726,F008,Joker,Drame,427,2024-06-20 00:27:16
U01788,F001,Inception,Science-Fiction,4221,2024-06-20 01:28:00
U00743,F003,Parasite,Thriller,7211,2024-06-20 02:35:10
U01852,F012,Squid Game,Thriller,1468,2024-06-20 02:39:55
U00070,F008,Joker,Drame,7427,2024-06-20 03:41:21
U01682,F002,Le Seigneur des Anneaux,Fantasy,8770,2024-06-20 03:44:41
U00085,F001,Inception,Science-Fiction,4311,2024-06-20 06:37:43
U00420,F011,Dark,Science-Fiction,1967,2024-06-20 09:50:34
U00238,F015,Notre-Dame en Flammes,Documentaire,2867,2024-06-20 11:15:42
U01610,F008,Joker,Drame,5714,2024-06-20 13:44:38
U01100,F002,Le Seigneur des Anneaux,Fantasy,4562,2024-06-20 14:15:08
U01157,F007,Avengers Endgame,Action,308,2024-06-20 16:23:58
U00720,F006,La La Land,Romance,264,2024-06-20 16:27:13
U00794,F004,Interstellar,Science-Fiction,8995,2024-06-20 17:13:29
U01283,F008,Joker,Drame,7155,2024-06-20 17:27:42
U00013,F004,Interstellar,Science-Fiction,5741,2024-06-20 17:34:47
U00693,F005,Intouchables,Comédie dramatique,2294,2024-06-20 18:09:15
U00076,F007,Avengers Endgame,Action,67,2024-06-20 18:59:54
U00814,F012,Squid Game,Thriller,2535,2024-06-20 19:41:08
U00570,F008,Joker,Drame,320,2024-06-20 20:14:36
U01072,F006,La La Land,Romance,3526,2024-06-20 20:31:44
U00590,F010,Breaking Bad,Thriller,1475,2024-06-20 20:33:04
U00476,F001,Inception,Science-Fiction,257,2024-06-20 20:39:20
U01168,F015,Notre-Dame en Flammes,Documentaire,1220,2024-06-20 20:44:05
U00907,F007,Avengers Endgame,Action,9141,2024-06-20 20:47:46
U00574,F004,Interstellar,Science-Fiction,8499,2024-06-20 22:12:57
U01829,F011,Dark,Science-Fiction,2109,2024-06-20 23:18:34
U01351,F005,Intouchables,Comédie dramatique,4098,2024-06-21 00:52:33
U01803,F015,Notre-Dame en Flammes,Documentaire,3942,2024-06-21 01:06:03
U01666,F011,Dark,Science-Fiction,2087,2024-06-21 01:19:41
U00310,F001,Inception,Science-Fiction,7973,2024-06-21 01:46:30
U00570,F001,Inception,Science-Fiction,4943,2024-06-21 02:07:37
U00571,F007,Avengers Endgame,Action,6077,2024-06-21 02:16:40
U01950,F013,Stranger Things,Fantastique,1060,2024-06-21 03:52:07
U01439,F009,The Office,Comédie,655,2024-06-21 04:38:19
U01506,F012,Squid Game,Thriller,2101,2024-06-21 06:06:34
U00146,F004,Interstellar,Science-Fiction,9318,2024-06-21 07:05:44
U01530,F001,Inception,Science-Fiction,5263,2024-06-21 07:23:01
U01317,F004,Interstellar,Science-Fiction,5269,2024-06-21 07:29:39
U01264,F008,Joker,Drame,4283,2024-06-21 08:31:20
U01354,F004,Interstellar,Science-Fiction,1764,2024-06-21 08:35:48
U00419,F001,Inception,Science-Fiction,288,2024-06-21 08:39:49
U01213,F002,Le Seigneur des Anneaux,Fantasy,3863,2024-06-21 09:00:42
U00914,F008,Joker,Drame,3125,2024-06-21 09:31:33
U01542,F009,The Office,Comédie,649,2024-06-21 09:44:26
U00001,F011,Dark,Science-Fiction,352,2024-06-21 09:44:27
U00545,F007,Avengers Endgame,Action,830,2024-06-21 09:52:50
U01468,F009,The Office,Comédie,187,2024-06-21 10:15:21
U01816,F013,Stranger Things,Fantastique,231,2024-06-21 11:02:57
U00897,F001,Inception,Science-Fiction,2245,2024-06-21 12:13:55
U00821,F002,Le Seigneur des Anneaux,Fantasy,8252,2024-06-21 12:19:31
U00765,F010,Breaking Bad,Thriller,2369,2024-06-21 12:57:57
U01767,F010,Breaking Bad,Thriller,289,2024-06-21 14:23:15
U00780,F007,Avengers Endgame,Action,5257,2024-06-21 14:34:21
U00455,F012,Squid Game,Thriller,3121,2024-06-21 16:16:40
U01442,F003,Parasite,Thriller,774,2024-06-21 19:05:16
U00645,F011,Dark,Science-Fiction,153,2024-06-21 19:46:13
U01435,F006,La La Land,Romance,2065,2024-06-21 20:47:09
U00648,F010,Breaking Bad,Thriller,550,2024-06-21 21:17:17
U00983,F002,Le Seigneur des Anneaux,Fantasy,9658,2024-06-21 21:19:31
U00919,F006,La La Land,Romance,342,2024-06-21 22:40:44
U01038,F010,Breaking Bad,Thriller,2298,2024-06-21 22:41:46
U00952,F013,Stranger Things,Fantastique,214,2024-06-22 00:10:20
U01029,F010,Breaking Bad,Thriller,1104,2024-06-22 01:26:39
U01474,F013,Stranger Things,Fantastique,1422,2024-06-22 04:12:57
U00055,F001,Inception,Science-Fiction,7724,2024-06-22 04:24:26
U01137,F009,The Office,Comédie,238,2024-06-22 04:51:21
U00725,F003,Parasite,Thriller,1446,2024-06-22 05:07:40
U00050,F002,Le Seigneur des Anneaux,Fantasy,6949,2024-06-22 05:58:23
U01609,F013,Stranger Things,Fantastique,1999,2024-06-22 06:05:47
U00128,F006,La La Land,Romance,139,2024-06-22 06:33:02
U01741,F012,Squid Game,Thriller,368,2024-06-22 07:20:04
U01229,F008,Joker,Drame,6371,2024-06-22 09:16:23
U00336,F007,Avengers Endgame,Action,4309,2024-06-22 10:26:11
U01452,F009,The Office,Comédie,1003,2024-06-22 10:53:33
U00755,F007,Avengers Endgame,Action,6669,2024-06-22 11:24:24
U01704,F011,Dark,Science-Fiction,1393,2024-06-22 14:30:34
U00313,F007,Avengers Endgame,Action,7917,2024-06-22 14:36:14
U00875,F001,Inception,Science-Fiction,2933,2024-06-22 16:05:12
U01766,F008,Joker,Drame,2572,2024-06-22 16:30:45
U01733,F014,The Crown,Drame,248,2024-06-22 17:23:18
U01108,F013,Stranger Things,Fantastique,2522,2024-06-22 19:30:22
U00671,F008,Joker,Drame,6662,2024-06-22 20:45:36
U01921,F013,Stranger Things,Fantastique,159,2024-06-22 21:46:24
U00389,F012,Squid Game,Thriller,1150,2024-06-23 03:42:38
U01399,F010,Breaking Bad,Thriller,991,2024-06-23 04:03:29
U01220,F007,Avengers Endgame,Action,10249,2024-06-23 05:04:15
U00935,F010,Breaking Bad,Thriller,1704,2024-06-23 05:29:29
U00874,F001,Inception,Science-Fiction,8293,2024-06-23 05:58:31
U01480,F003,Parasite,Thriller,277,2024-06-23 07:27:10
U00587,F001,Inception,Science-Fiction,7533,2024-06-23 10:13:05
U01760,F004,Interstellar,Science-Fiction,8327,2024-06-23 11:20:54
U00976,F008,Joker,Drame,5723,2024-06-23 11:42:22
U00256,F004,Interstellar,Science-Fiction,7124,2024-06-23 11:57:31
U01485,F011,Dark,Science-Fiction,2359,2024-06-23 12:42:52
U00723,F005,Intouchables,Comédie dramatique,3623,2024-06-23 12:44:35
U01342,F010,Breaking Bad,Thriller,2682,2024-06-23 13:42:01
U01020,F007,Avengers Endgame,Action,8110,2024-06-23 14:41:23
U00579,F005,Intouchables,Comédie dramatique,5074,2024-06-23 14:57:33
U00297,F004,Interstellar,Science-Fiction,7473,2024-06-23 15:34:52
U01935,F002,Le Seigneur des Anneaux,Fantasy,470,2024-06-23 16:07:49
U00389,F001,Inception,Science-Fiction,384,2024-06-23 16:15:20
U01178,F001,Inception,Science-Fiction,5047,2024-06-23 18:03:58
U00902,F009,The Office,Comédie,641,2024-06-23 19:25:05
U00655,F004,Interstellar,Science-Fiction,5185,2024-06-23 19:56:26
U00904,F009,The Office,Comédie,1196,2024-06-23 22:02:15
U01790,F008,Joker,Drame,189,2024-06-23 22:22:02
U00659,F008,Joker,Drame,4063,2024-06-23 23:10:47
U01877,F008,Joker,Drame,47,2024-06-24 01:14:42
U01926,F008,Joker,Drame,4157,2024-06-24 01:17:44
U00770,F008,Joker,Drame,1614,2024-06-24 02:18:47
U00216,F007,Avengers Endgame,Action,8819,2024-06-24 03:01:40
U00796,F005,Intouchables,Comédie dramatique,1559,2024-06-24 04:15:04
U01595,F007,Avengers Endgame,Action,5948,2024-06-24 04:34:26
U01376,F009,The Office,Comédie,564,2024-06-24 08:09:21
U01217,F010,Breaking Bad,Thriller,2004,2024-06-24 08:11:27
U01085,F005,Intouchables,Comédie dramatique,1591,2024-06-24 08:16:38
U00884,F004,Interstellar,Science-Fiction,6827,2024-06-24 10:30:33
U00301,F002,Le Seigneur des Anneaux,Fantasy,10009,2024-06-24 10:47:46
U01639,F004,Interstellar,Science-Fiction,52,2024-06-24 12:00:30
U00116,F005,Intouchables,Comédie dramatique,266,2024-06-24 12:08:33
U01183,F008,Joker,Drame,5346,2024-06-24 12:52:05
U01006,F003,Parasite,Thriller,67,2024-06-24 13:20:35
U01288,F012,Squid Game,Thriller,2480,2024-06-24 13:54:56
U00222,F002,Le Seigneur des Anneaux,Fantasy,4400,2024-06-24 16:56:15
U00872,F007,Avengers Endgame,Action,1102,2024-06-24 17:03:33
U00193,F001,Inception,Science-Fiction,7189,2024-06-24 18:41:24
U00780,F008,Joker,Drame,6892,2024-06-24 19:05:02
U01331,F008,Joker,Drame,179,2024-06-24 20:14:54
U00096,F015,Notre-Dame en Flammes,Documentaire,808,2024-06-24 20:15:47
U00509,F004,Interstellar,Science-Fiction,7299,2024-06-24 20:49:40
U00244,F005,Intouchables,Comédie dramatique,4859,2024-06-24 22:19:19
U00983,F013,Stranger Things,Fantastique,1845,2024-06-24 23:44:57
U01148,F007,Avengers Endgame,Action,4855,2024-06-24 23:54:23
U00563,F012,Squid Game,Thriller,2441,2024-06-25 00:27:34
U01752,F003,Parasite,Thriller,172,2024-06-25 02:05:25
U01771,F008,Joker,Drame,3853,2024-06-25 02:05:56
U01625,F004,Interstellar,Science-Fiction,8193,2024-06-25 02:20:22
U01783,F008,Joker,Drame,3451,2024-06-25 02:21:20
U00502,F012,Squid Game,Thriller,2259,2024-06-25 03:20:15
U00918,F005,Intouchables,Comédie dramatique,2582,2024-06-25 03:21:02
U01304,F006,La La Land,Romance,4297,2024-06-25 03:36:48
U01489,F003,Parasite,Thriller,1552,2024-06-25 03:53:14
U00279,F007,Avengers Endgame,Action,10202,2024-06-25 03:58:02
U00806,F006,La La Land,Romance,1032,2024-06-25 04:36:39
U01045,F001,Inception,Science-Fiction,6492,2024-06-25 04:41:22
U00149,F004,Interstellar,Science-Fiction,199,2024-06-25 04:55:42
U01313,F004,Interstellar,Science-Fiction,1595,2024-06-25 05:00:41
U01011,F003,Parasite,Thriller,5908,2024-06-25 05:08:57
U01577,F005,Intouchables,Comédie dramatique,283,2024-06-25 05:33:15
U01141,F003,Parasite,Thriller,284,2024-06-25 07:28:54
U00677,F001,Inception,Science-Fiction,7223,2024-06-25 08:01:31
U00315,F001,Inception,Science-Fiction,4230,2024-06-25 08:06:14
U00208,F004,Interstellar,Science-Fiction,5102,2024-06-25 08:18:07
U01363,F008,Joker,Drame,213,2024-06-25 10:23:28
U01262,F004,Interstellar,Science-Fiction,1158,2024-06-25 10:24:08
U00686,F003,Parasite,Thriller,4667,2024-06-25 10:46:42
U01881,F010,Breaking Bad,Thriller,67,2024-06-25 11:27:03
U01080,F008,Joker,Drame,59,2024-06-25 11:49:25
U00422,F003,Parasite,Thriller,4246,2024-06-25 13:46:21
U00517,F007,Avengers Endgame,Action,78,2024-06-25 13:58:57
U01056,F011,Dark,Science-Fiction,2105,2024-06-25 14:04:14
U00185,F011,Dark,Science-Fiction,93,2024-06-25 14:54:46
U00792,F009,The Office,Comédie,933,2024-06-25 15:20:06
U00453,F003,Parasite,Thriller,108,2024-06-25 16:42:30
U01355,F015,Notre-Dame en Flammes,Documentaire,2923,2024-06-25 16:51:03
U00186,F009,The Office,Comédie,749,2024-06-25 17:37:32
U00431,F012,Squid Game,Thriller,1916,2024-06-25 21:01:26
U01506,F013,Stranger Things,Fantastique,291,2024-06-25 21:31:35
U00971,F003,Parasite,Thriller,5662,2024-06-25 22:45:22
U01745,F013,Stranger Things,Fantastique,1260,2024-06-25 23:01:33
U00498,F012,Squid Game,Thriller,2122,2024-06-26 00:33:40
U00757,F005,Intouchables,Comédie dramatique,552,2024-06-26 02:59:08
U00103,F007,Avengers Endgame,Action,6454,2024-06-26 06:31:57
U00800,F005,Intouchables,Comédie dramatique,6168,2024-06-26 08:09:03
U01204,F004,Interstellar,Science-Fiction,6938,2024-06-26 10:01:06
U00292,F012,Squid Game,Thriller,2054,2024-06-26 10:35:07
U01465,F012,Squid Game,Thriller,1201,2024-06-26 10:47:05
U01041,F013,Stranger Things,Fantastique,672,2024-06-26 10:56:59
U01770,F003,Parasite,Thriller,4171,2024-06-26 11:53:42
U00854,F012,Squid Game,Thriller,175,2024-06-26 12:18:56
U00544,F005,Intouchables,Comédie dramatique,4588,2024-06-26 13:38:30
U00053,F014,The Crown,Drame,146,2024-06-26 15:35:19
U01649,F001,Inception,Science-Fiction,6930,2024-06-26 16:30:43
U01187,F004,Interstellar,Science-Fiction,84,2024-06-26 16:55:05
U01079,F004,Interstellar,Science-Fiction,5047,2024-06-26 17:32:40
U01048,F012,Squid Game,Thriller,1980,2024-06-26 18:42:55
U00511,F001,Inception,Science-Fiction,7236,2024-06-26 19:19:46
U00950,F002,Le Seigneur des Anneaux,Fantasy,5758,2024-06-26 19:48:12
U01802,F003,Parasite,Thriller,621,2024-06-26 20:58:25
U01605,F013,Stranger Things,Fantastique,2057,2024-06-26 21:15:56
U00648,F013,Stranger Things,Fantastique,1459,2024-06-26 23:31:50
U00243,F003,Parasite,Thriller,6102,2024-06-27 00:19:17
U00759,F009,The Office,Comédie,805,2024-06-27 01:22:49
U01146,F010,Breaking Bad,Thriller,2364,2024-06-27 01:26:51
U01437,F003,Parasite,Thriller,6162,2024-06-27 02:24:07
U00634,F012,Squid Game,Thriller,207,2024-06-27 03:31:11
U01397,F013,Stranger Things,Fantastique,2100,2024-06-27 03:50:08
U01926,F001,Inception,Science-Fiction,1999,2024-06-27 04:00:45
U01995,F011,Dark,Science-Fiction,120,2024-06-27 04:32:44
U01343,F007,Avengers Endgame,Action,10726,2024-06-27 04:48:33
U01317,F004,Interstellar,Science-Fiction,7746,2024-06-27 06:10:17
U00441,F012,Squid Game,Thriller,2389,2024-06-27 09:40:40
U00311,F005,Intouchables,Comédie dramatique,4749,2024-06-27 10:40:48
U00756,F002,Le Seigneur des Anneaux,Fantasy,9351,2024-06-27 12:24:06
U00888,F014,The Crown,Drame,3497,2024-06-27 13:04:52
U01844,F012,Squid Game,Thriller,130,2024-06-27 13:20:10
U01256,F012,Squid Game,Thriller,917,2024-06-27 13:56:40
U01244,F007,Avengers Endgame,Action,10043,2024-06-27 15:34:02
U00215,F006,La La Land,Romance,226,2024-06-27 15:37:18
U01654,F004,Interstellar,Science-Fiction,4321,2024-06-27 17:25:02
U01373,F001,Inception,Science-Fiction,8683,2024-06-27 17:34:05
U00459,F007,Avengers Endgame,Action,5895,2024-06-27 17:44:13
U00045,F003,Parasite,Thriller,3408,2024-06-27 18:15:09
U00347,F011,Dark,Science-Fiction,1067,2024-06-27 18:45:52
U00186,F010,Breaking Bad,Thriller,2482,2024-06-27 18:48:08
U00897,F009,The Office,Comédie,688,2024-06-27 19:04:25
U01129,F010,Breaking Bad,Thriller,2204,2024-06-27 20:05:25
U00755,F014,The Crown,Drame,1105,2024-06-27 20:12:49
U00735,F009,The Office,Comédie,528,2024-06-27 20:54:31
U00808,F013,Stranger Things,Fantastique,1492,2024-06-27 23:34:32
U01948,F007,Avengers Endgame,Action,75,2024-06-27 23:47:24
U01139,F009,The Office,Comédie,1205,2024-06-28 00:35:49
U00554,F004,Interstellar,Science-Fiction,230,2024-06-28 01:50:36
U00726,F006,La La Land,Romance,1980,2024-06-28 03:28:42
U00005,F001,Inception,Science-Fiction,7601,2024-06-28 03:42:45
U01024,F004,Interstellar,Science-Fiction,7526,2024-06-28 04:17:56
U01724,F001,Inception,Science-Fiction,6497,2024-06-28 07:47:00
U01729,F012,Squid Game,Thriller,2722,2024-06-28 08:35:18
U00583,F007,Avengers Endgame,Action,3708,2024-06-28 08:42:30
U01484,F001,Inception,Science-Fiction,6362,2024-06-28 10:22:19
U01606,F001,Inception,Science-Fiction,6777,2024-06-28 11:16:59
U00679,F012,Squid Game,Thriller,2151,2024-06-28 12:07:48
U01301,F002,Le Seigneur des Anneaux,Fantasy,6678,2024-06-28 12:34:38
U00999,F001,Inception,Science-Fiction,7054,2024-06-28 13:30:39
U01052,F006,La La Land,Romance,6098,2024-06-28 13:40:41
U01144,F009,The Office,Comédie,751,2024-06-28 14:06:44
U00847,F002,Le Seigneur des Anneaux,Fantasy,2831,2024-06-28 15:00:33
U00754,F004,Interstellar,Science-Fiction,1619,2024-06-28 16:25:14
U00304,F008,Joker,Drame,281,2024-06-28 16:34:35
U01822,F003,Parasite,Thriller,4370,2024-06-28 16:40:26
U01468,F006,La La Land,Romance,5462,2024-06-28 17:12:42
U01628,F012,Squid Game,Thriller,3048,2024-06-28 18:38:42
U00216,F009,The Office,Comédie,741,2024-06-28 18:40:01
U01409,F008,Joker,Drame,1902,2024-06-28 20:03:42
U00236,F012,Squid Game,Thriller,2678,2024-06-28 21:12:19
U01555,F013,Stranger Things,Fantastique,1184,2024-06-28 22:13:46
U00486,F013,Stranger Things,Fantastique,2737,2024-06-28 22:24:12
U00840,F007,Avengers Endgame,Action,3603,2024-06-29 01:17:15
U00411,F004,Interstellar,Science-Fiction,6877,2024-06-29 04:06:36
U00564,F005,Intouchables,Comédie dramatique,3799,2024-06-29 04:27:18
U00474,F007,Avengers Endgame,Action,7623,2024-06-29 07:22:43
U01995,F009,The Office,Comédie,314,2024-06-29 09:32:51
U00814,F015,Notre-Dame en Flammes,Documentaire,230,2024-06-29 09:53:26
U00449,F003,Parasite,Thriller,6081,2024-06-29 09:55:07
U00865,F007,Avengers Endgame,Action,9151,2024-06-29 09:56:55
U01455,F014,The Crown,Drame,2265,2024-06-29 10:56:13
U00335,F005,Intouchables,Comédie dramatique,3795,2024-06-29 13:23:37
U00164,F002,Le Seigneur des Anneaux,Fantasy,7629,2024-06-29 13:31:14
U01594,F010,Breaking Bad,Thriller,689,2024-06-29 14:45:42
U00653,F010,Breaking Bad,Thriller,1787,2024-06-29 17:37:28
U00907,F009,The Office,Comédie,268,2024-06-29 20:33:41
U01785,F010,Breaking Bad,Thriller,1504,2024-06-29 22:34:52
U01879,F008,Joker,Drame,4878,2024-06-30 00:43:07
U00330,F008,Joker,Drame,1653,2024-06-30 02:31:23
U00518,F015,Notre-Dame en Flammes,Documentaire,4794,2024-06-30 02:34:54
U00466,F013,Stranger Things,Fantastique,1117,2024-06-30 02:41:17
U00117,F003,Parasite,Thriller,616,2024-06-30 04:12:36
U00231,F004,Interstellar,Science-Fiction,4099,2024-06-30 05:13:29
U01266,F003,Parasite,Thriller,5962,2024-06-30 07:52:15
U00704,F003,Parasite,Thriller,2948,2024-06-30 09:06:32
U00336,F001,Inception,Science-Fiction,253,2024-06-30 11:45:39
U00700,F003,Parasite,Thriller,3133,2024-06-30 12:30:21
U01911,F007,Avengers Endgame,Action,10500,2024-06-30 12:30:48
U00340,F007,Avengers Endgame,Action,168,2024-06-30 13:38:50
U00243,F001,Inception,Science-Fiction,2225,2024-06-30 15:07:02
U01597,F007,Avengers Endgame,Action,7317,2024-06-30 17:35:38
U01461,F010,Breaking Bad,Thriller,1832,2024-06-30 17:43:21
U00799,F013,Stranger Things,Fantastique,2415,2024-06-30 18:06:53
U01012,F013,Stranger Things,Fantastique,288,2024-06-30 18:16:11
U00820,F010,Breaking Bad,Thriller,699,2024-06-30 18:21:40
U00327,F005,Intouchables,Comédie dramatique,3746,2024-06-30 19:14:14
U01991,F007,Avengers Endgame,Action,2070,2024-06-30 19:28:40
U00657,F004,Interstellar,Science-Fiction,7250,2024-06-30 19:29:58
U01130,F003,Parasite,Thriller,3337,2024-06-30 20:38:25
U01099,F007,Avengers Endgame,Action,3292,2024-06-30 20:51:27
U00605,F011,Dark,Science-Fiction,535,2024-06-30 21:09:53
U01079,F007,Avengers Endgame,Action,3229,2024-06-30 21:36:27
U01067,F004,Interstellar,Science-Fiction,5033,2024-07-01 00:04:37
U01435,F002,Le Seigneur des Anneaux,Fantasy,8837,2024-07-01 00:13:49
U00918,F008,Joker,Drame,6630,2024-07-01 00:43:23
U01396,F001,Inception,Science-Fiction,76,2024-07-01 00:57:52
U00109,F013,Stranger Things,Fantastique,1462,2024-07-01 02:10:26
U01734,F007,Avengers Endgame,Action,48,2024-07-01 02:59:45
U01181,F004,Interstellar,Science-Fiction,401,2024-07-01 03:09:11
U01094,F003,Parasite,Thriller,7172,2024-07-01 03:32:32
U01901,F007,Avengers Endgame,Action,9712,2024-07-01 04:05:43
U00221,F001,Inception,Science-Fiction,4925,2024-07-01 04:09:51
U01745,F007,Avengers Endgame,Action,1144,2024-07-01 04:13:50
U01451,F015,Notre-Dame en Flammes,Documentaire,3462,2024-07-01 05:21:30
U00894,F001,Inception,Science-Fiction,1874,2024-07-01 05:38:16
U01676,F013,Stranger Things,Fantastique,2706,2024-07-01 07:26:23
U01857,F001,Inception,Science-Fiction,6798,2024-07-01 08:20:45
U01514,F009,The Office,Comédie,1117,2024-07-01 09:27:54
U01810,F012,Squid Game,Thriller,1801,2024-07-01 09:42:06
U01166,F012,Squid Game,Thriller,673,2024-07-01 10:31:28
U01005,F009,The Office,Comédie,1245,2024-07-01 11:01:28
U01614,F007,Avengers Endgame,Action,817,2024-07-01 13:08:53
U00333,F001,Inception,Science-Fiction,2904,2024-07-01 13:54:58
U01523,F002,Le Seigneur des Anneaux,Fantasy,7793,2024-07-01 14:26:13
U00420,F010,Breaking Bad,Thriller,2165,2024-07-01 16:25:38
U00395,F001,Inception,Science-Fiction,3717,2024-07-01 16:54:39
U01937,F003,Parasite,Thriller,290,2024-07-01 17:26:12
U00493,F004,Interstellar,Science-Fiction,6890,2024-07-01 18:35:05
U01552,F010,Breaking Bad,Thriller,2418,2024-07-01 20:52:33
U01634,F007,Avengers Endgame,Action,10317,2024-07-01 20:59:34
U00697,F005,Intouchables,Comédie dramatique,2049,2024-07-01 21:01:22
U00196,F007,Avengers Endgame,Action,150,2024-07-01 21:24:29
U00902,F009,The Office,Comédie,237,2024-07-01 22:04:04
U01557,F003,Parasite,Thriller,3987,2024-07-01 22:06:25
U00070,F004,Interstellar,Science-Fiction,281,2024-07-01 22:53:20
U01429,F009,The Office,Comédie,662,2024-07-01 23:58:41
U01652,F003,Parasite,Thriller,60,2024-07-02 02:58:53
U01634,F005,Intouchables,Comédie dramatique,2183,2024-07-02 03:37:04
U00418,F006,La La Land,Romance,7580,2024-07-02 03:40:53
U01415,F003,Parasite,Thriller,66,2024-07-02 04:14:28
U00206,F007,Avengers Endgame,Action,5523,2024-07-02 04:40:41
U00107,F009,The Office,Comédie,446,2024-07-02 07:54:03
U00844,F007,Avengers Endgame,Action,60,2024-07-02 08:00:01
U01477,F013,Stranger Things,Fantastique,2527,2024-07-02 08:19:44
U01218,F012,Squid Game,Thriller,1522,2024-07-02 08:44:48
U00739,F014,The Crown,Drame,1455,2024-07-02 09:06:44
U01300,F008,Joker,Drame,4101,2024-07-02 09:24:23
U01950,F012,Squid Game,Thriller,2180,2024-07-02 10:00:35
U01906,F012,Squid Game,Thriller,3245,2024-07-02 10:10:06
U01061,F004,Interstellar,Science-Fiction,4074,2024-07-02 14:27:49
U01066,F015,Notre-Dame en Flammes,Documentaire,4690,2024-07-02 18:50:23
U00829,F010,Breaking Bad,Thriller,1055,2024-07-02 19:06:26
U00779,F001,Inception,Science-Fiction,7963,2024-07-02 20:29:51
U01069,F007,Avengers Endgame,Action,10306,2024-07-02 21:14:14
U00837,F002,Le Seigneur des Anneaux,Fantasy,4706,2024-07-02 21:30:55
U00507,F006,La La Land,Romance,3044,2024-07-02 21:50:16
U00099,F002,Le Seigneur des Anneaux,Fantasy,9971,2024-07-02 21:51:21
U01017,F003,Parasite,Thriller,3689,2024-07-02 23:30:37
U01331,F005,Intouchables,Comédie dramatique,5372,2024-07-03 00:34:24
U01724,F002,Le Seigneur des Anneaux,Fantasy,212,2024-07-03 00:50:31
U00615,F002,Le Seigneur des Anneaux,Fantasy,5157,2024-07-03 01:28:17
U00343,F007,Avengers Endgame,Action,6020,2024-07-03 01:38:11
U01892,F010,Breaking Bad,Thriller,412,2024-07-03 02:00:55
U00839,F007,Avengers Endgame,Action,5532,2024-07-03 02:54:22
U01055,F001,Inception,Science-Fiction,8048,2024-07-03 03:35:26
U00611,F007,Avengers Endgame,Action,5762,2024-07-03 03:53:43
U01663,F001,Inception,Science-Fiction,7870,2024-07-03 04:52:03
U00671,F007,Avengers Endgame,Action,9962,2024-07-03 05:27:46
U00995,F003,Parasite,Thriller,6496,2024-07-03 07:00:20
U00824,F011,Dark,Science-Fiction,1380,2024-07-03 07:16:51
U01890,F007,Avengers Endgame,Action,3495,2024-07-03 07:29:43
U01963,F007,Avengers Endgame,Action,4553,2024-07-03 08:59:01
U00872,F004,Interstellar,Science-Fiction,3569,2024-07-03 09:29:16
U00602,F003,Parasite,Thriller,6132,2024-07-03 09:59:23
U00080,F014,The Crown,Drame,1977,2024-07-03 10:07:33
U01277,F013,Stranger Things,Fantastique,2354,2024-07-03 12:08:05
U01652,F003,Parasite,Thriller,155,2024-07-03 12:35:30
U00222,F013,Stranger Things,Fantastique,524,2024-07-03 13:07:26
U00629,F013,Stranger Things,Fantastique,924,2024-07-03 13:58:32
U01464,F005,Intouchables,Comédie dramatique,3797,2024-07-03 15:38:40
U01904,F012,Squid Game,Thriller,114,2024-07-03 15:38:44
U00433,F013,Stranger Things,Fantastique,2600,2024-07-03 15:59:02
U00862,F008,Joker,Drame,1893,2024-07-03 16:56:24
U00634,F008,Joker,Drame,2754,2024-07-03 17:07:49
U01461,F003,Parasite,Thriller,7174,2024-07-03 18:10:24
U00860,F012,Squid Game,Thriller,2013,2024-07-03 19:25:20
U00427,F010,Breaking Bad,Thriller,2171,2024-07-03 19:35:51
U00933,F011,Dark,Science-Fiction,2063,2024-07-03 22:09:23
U00464,F003,Parasite,Thriller,4842,2024-07-03 22:51:36
U00034,F013,Stranger Things,Fantastique,358,2024-07-03 22:52:56
U01002,F005,Intouchables,Comédie dramatique,2316,2024-07-03 22:53:14
U01408,F012,Squid Game,Thriller,782,2024-07-03 23:05:10
U00302,F001,Inception,Science-Fiction,7528,2024-07-03 23:10:08
U01896,F001,Inception,Science-Fiction,251,2024-07-03 23:39:15
U00448,F007,Avengers Endgame,Action,9948,2024-07-03 23:58:36
U01792,F007,Avengers Endgame,Action,3220,2024-07-04 00:23:40
U00752,F001,Inception,Science-Fiction,365,2024-07-04 00:28:18
U00753,F007,Avengers Endgame,Action,3479,2024-07-04 00:44:23
U01417,F002,Le Seigneur des Anneaux,Fantasy,10327,2024-07-04 01:34:18
U01402,F006,La La Land,Romance,7035,2024-07-04 02:51:06
U00456,F005,Intouchables,Comédie dramatique,3723,2024-07-04 03:53:27
U01665,F002,Le Seigneur des Anneaux,Fantasy,9763,2024-07-04 03:53:46
U01601,F007,Avengers Endgame,Action,122,2024-07-04 04:37:41
U00541,F002,Le Seigneur des Anneaux,Fantasy,9374,2024-07-04 04:57:59
U01711,F012,Squid Game,Thriller,2101,2024-07-04 05:32:53
U01226,F004,Interstellar,Science-Fiction,9408,2024-07-04 06:58:11
U01121,F007,Avengers Endgame,Action,5953,2024-07-04 07:27:25
U01403,F007,Avengers Endgame,Action,5500,2024-07-04 09:10:09
U01259,F006,La La Land,Romance,2057,2024-07-04 09:41:35
U00309,F003,Parasite,Thriller,6533,2024-07-04 11:27:10
U01018,F007,Avengers Endgame,Action,8994,2024-07-04 11:29:08
U01367,F002,Le Seigneur des Anneaux,Fantasy,5897,2024-07-04 12:22:42
U01345,F007,Avengers Endgame,Action,6249,2024-07-04 13:19:26
U00202,F003,Parasite,Thriller,6109,2024-07-04 13:40:25
U01352,F015,Notre-Dame en Flammes,Documentaire,1377,2024-07-04 14:09:43
U00256,F004,Interstellar,Science-Fiction,2223,2024-07-04 14:19:26
U00714,F009,The Office,Comédie,131,2024-07-04 14:59:29
U01364,F001,Inception,Science-Fiction,6186,2024-07-04 15:17:14
U01871,F010,Breaking Bad,Thriller,2179,2024-07-04 15:56:51
U00008,F007,Avengers Endgame,Action,9479,2024-07-04 16:34:56
U00964,F003,Parasite,Thriller,417,2024-07-04 17:19:28
U01337,F013,Stranger Things,Fantastique,1734,2024-07-04 17:28:16
U01182,F002,Le Seigneur des Anneaux,Fantasy,8806,2024-07-04 18:15:58
U01063,F003,Parasite,Thriller,3012,2024-07-04 18:44:26
U00271,F003,Parasite,Thriller,5560,2024-07-04 19:34:27
U01226,F010,Breaking Bad,Thriller,2479,2024-07-04 22:28:25
U01815,F012,Squid Game,Thriller,1388,2024-07-04 23:27:07
U01243,F012,Squid Game,Thriller,2172,2024-07-05 00:19:09
U00419,F002,Le Seigneur des Anneaux,Fantasy,6804,2024-07-05 00:30:32
U01326,F004,Interstellar,Science-Fiction,4811,2024-07-05 00:53:30
U00513,F004,Interstellar,Science-Fiction,8617,2024-07-05 01:48:24
U01298,F015,Notre-Dame en Flammes,Documentaire,2045,2024-07-05 02:25:24
U01877,F001,Inception,Science-Fiction,4582,2024-07-05 05:26:01
U00871,F012,Squid Game,Thriller,2164,2024-07-05 05:55:49
U00885,F003,Parasite,Thriller,193,2024-07-05 07:44:30
U00830,F012,Squid Game,Thriller,2292,2024-07-05 07:54:41
U01872,F007,Avengers Endgame,Action,1726,2024-07-05 09:10:10
U00580,F007,Avengers Endgame,Action,2627,2024-07-05 09:20:45
U00425,F008,Joker,Drame,4828,2024-07-05 10:16:50
U00934,F003,Parasite,Thriller,1733,2024-07-05 10:39:57
U00813,F012,Squid Game,Thriller,602,2024-07-05 12:41:26
U00455,F004,Interstellar,Science-Fiction,7906,2024-07-05 13:04:50
U00901,F012,Squid Game,Thriller,929,2024-07-05 13:39:19
U00243,F001,Inception,Science-Fiction,6237,2024-07-05 19:41:20
U01553,F008,Joker,Drame,4839,2024-07-05 20:22:47
U01336,F007,Avengers Endgame,Action,7343,2024-07-05 20:41:03
U01711,F011,Dark,Science-Fiction,550,2024-07-05 21:29:57
U01982,F008,Joker,Drame,7358,2024-07-05 21:30:30
U00994,F014,The Crown,Drame,1189,2024-07-05 22:50:49
U00472,F006,La La Land,Romance,764,2024-07-06 00:03:37
U01026,F012,Squid Game,Thriller,2290,2024-07-06 01:51:04
U01201,F007,Avengers Endgame,Action,6714,2024-07-06 02:58:21
U01506,F006,La La Land,Romance,3550,2024-07-06 04:34:20
U01897,F007,Avengers Endgame,Action,4602,2024-07-06 05:03:17
U01311,F007,Avengers Endgame,Action,9315,2024-07-06 05:13:16
U00957,F002,Le Seigneur des Anneaux,Fantasy,1247,2024-07-06 06:08:11
U00353,F001,Inception,Science-Fiction,7699,2024-07-06 06:56:33
U01547,F003,Parasite,Thriller,6243,2024-07-06 08:55:31
U00030,F004,Interstellar,Science-Fiction,50,2024-07-06 08:58:22
U01744,F004,Interstellar,Science-Fiction,6924,2024-07-06 09:28:56
U00499,F004,Interstellar,Science-Fiction,3067,2024-07-06 09:45:45
U01821,F008,Joker,Drame,1537,2024-07-06 13:22:19
U00088,F007,Avengers Endgame,Action,10034,2024-07-06 13:35:14
U00418,F007,Avengers Endgame,Action,9955,2024-07-06 14:07:54
U01402,F012,Squid Game,Thriller,1917,2024-07-06 14:37:43
U01900,F014,The Crown,Drame,1411,2024-07-06 14:50:30
U00191,F003,Parasite,Thriller,1440,2024-07-06 17:08:38
U00554,F008,Joker,Drame,6982,2024-07-06 18:31:24
U01113,F008,Joker,Drame,6427,2024-07-06 18:49:54
U01753,F002,Le Seigneur des Anneaux,Fantasy,9303,2024-07-06 19:53:24
U00801,F001,Inception,Science-Fiction,237,2024-07-06 20:35:33
U00094,F003,Parasite,Thriller,248,2024-07-06 22:20:08
U00549,F007,Avengers Endgame,Action,6249,2024-07-06 22:38:26
U01148,F007,Avengers Endgame,Action,10812,2024-07-07 00:38:49
U01617,F004,Interstellar,Science-Fiction,6747,2024-07-07 01:28:22
U00150,F010,Breaking Bad,Thriller,1151,2024-07-07 01:32:51
U01455,F004,Interstellar,Science-Fiction,9770,2024-07-07 02:30:51
U01645,F013,Stranger Things,Fantastique,2055,2024-07-07 03:09:42
U00905,F003,Parasite,Thriller,6994,2024-07-07 03:29:51
U01755,F010,Breaking Bad,Thriller,1819,2024-07-07 03:36:41
U00730,F007,Avengers Endgame,Action,8773,2024-07-07 04:10:24
U01540,F004,Interstellar,Science-Fiction,9160,2024-07-07 04:46:17
U00780,F007,Avengers Endgame,Action,8044,2024-07-07 05:22:43
U00236,F008,Joker,Drame,182,2024-07-07 05:37:57
U00989,F007,Avengers Endgame,Action,8081,2024-07-07 05:42:36
U00305,F003,Parasite,Thriller,501,2024-07-07 08:43:37
U00010,F008,Joker,Drame,987,2024-07-07 08:50:44
U00341,F013,Stranger Things,Fantastique,2351,2024-07-07 08:57:51
U00108,F013,Stranger Things,Fantastique,359,2024-07-07 09:05:59
U00487,F009,The Office,Comédie,256,2024-07-07 09:35:40
U01159,F002,Le Seigneur des Anneaux,Fantasy,10589,2024-07-07 11:16:40
U01039,F010,Breaking Bad,Thriller,156,2024-07-07 12:53:15
U00148,F003,Parasite,Thriller,4325,2024-07-07 13:25:58
U01977,F001,Inception,Science-Fiction,8219,2024-07-07 16:28:59
U00845,F002,Le Seigneur des Anneaux,Fantasy,37,2024-07-07 16:46:43
U01132,F001,Inception,Science-Fiction,7258,2024-07-07 17:42:10
U00495,F014,The Crown,Drame,1099,2024-07-07 18:16:28
U01720,F011,Dark,Science-Fiction,2537,2024-07-07 18:37:55
U00633,F003,Parasite,Thriller,3438,2024-07-07 20:22:24
U00656,F007,Avengers Endgame,Action,245,2024-07-07 22:20:21
U01426,F005,Intouchables,Comédie dramatique,213,2024-07-07 22:32:30
U00712,F004,Interstellar,Science-Fiction,170,2024-07-07 23:46:25
U00963,F004,Interstellar,Science-Fiction,8979,2024-07-08 01:15:24
U01578,F005,Intouchables,Comédie dramatique,5185,2024-07-08 01:20:55
U01642,F012,Squid Game,Thriller,2509,2024-07-08 01:45:04
U01193,F004,Interstellar,Science-Fiction,5330,2024-07-08 02:01:17
U00983,F007,Avengers Endgame,Action,2802,2024-07-08 02:54:08
U00603,F003,Parasite,Thriller,4372,2024-07-08 03:55:17
U00345,F012,Squid Game,Thriller,3277,2024-07-08 06:00:12
U01828,F003,Parasite,Thriller,3871,2024-07-08 06:28:45
U01039,F013,Stranger Things,Fantastique,2324,2024-07-08 06:43:46
U01599,F004,Interstellar,Science-Fiction,4481,2024-07-08 07:46:15
U00648,F012,Squid Game,Thriller,465,2024-07-08 08:34:58
U01064,F007,Avengers Endgame,Action,286,2024-07-08 09:13:57
U01813,F004,Interstellar,Science-Fiction,1753,2024-07-08 10:35:08
U01201,F013,Stranger Things,Fantastique,1666,2024-07-08 11:09:41
U00610,F003,Parasite,Thriller,4161,2024-07-08 11:10:37
U01668,F004,Interstellar,Science-Fiction,7081,2024-07-08 11:47:35
U00858,F008,Joker,Drame,4702,2024-07-08 12:31:22
U01576,F007,Avengers Endgame,Action,903,2024-07-08 13:39:53
U00159,F010,Breaking Bad,Thriller,1704,2024-07-08 15:03:57
U01847,F013,Stranger Things,Fantastique,2679,2024-07-08 16:04:39
U01288,F002,Le Seigneur des Anneaux,Fantasy,10440,2024-07-08 17:34:00
U01059,F014,The Crown,Drame,238,2024-07-08 17:52:32
U00828,F003,Parasite,Thriller,233,2024-07-08 18:19:24
U00371,F004,Interstellar,Science-Fiction,8923,2024-07-08 18:36:47
U00381,F002,Le Seigneur des Anneaux,Fantasy,8882,2024-07-08 20:35:18
U01174,F011,Dark,Science-Fiction,368,2024-07-08 20:42:11
U01187,F003,Parasite,Thriller,102,2024-07-08 20:49:44
U00471,F001,Inception,Science-Fiction,1037,2024-07-08 21:39:47
U01932,F004,Interstellar,Science-Fiction,6929,2024-07-08 21:53:37
U01193,F012,Squid Game,Thriller,2744,2024-07-08 23:32:48
U01320,F004,Interstellar,Science-Fiction,9707,2024-07-09 00:09:32
U01361,F004,Interstellar,Science-Fiction,6252,2024-07-09 00:28:07
U01904,F006,La La Land,Romance,214,2024-07-09 01:18:22
U01782,F007,Avengers Endgame,Action,7267,2024-07-09 02:38:46
U01667,F001,Inception,Science-Fiction,6457,2024-07-09 03:33:15
U01456,F005,Intouchables,Comédie dramatique,2945,2024-07-09 03:42:07
U00655,F004,Interstellar,Science-Fiction,9541,2024-07-09 04:23:22
U00057,F001,Inception,Science-Fiction,5218,2024-07-09 05:16:49
U00605,F004,Interstellar,Science-Fiction,1057,2024-07-09 06:03:55
U00363,F013,Stranger Things,Fantastique,2703,2024-07-09 06:35:55
U01700,F010,Breaking Bad,Thriller,628,2024-07-09 07:39:35
U00691,F010,Breaking Bad,Thriller,155,2024-07-09 07:49:30
U01912,F008,Joker,Drame,5544,2024-07-09 07:59:37
U00296,F009,The Office,Comédie,664,2024-07-09 08:54:54
U01768,F010,Breaking Bad,Thriller,1230,2024-07-09 09:55:54
U00901,F006,La La Land,Romance,4039,2024-07-09 10:28:23
U01941,F002,Le Seigneur des Anneaux,Fantasy,8780,2024-07-09 10:33:44
U01289,F010,Breaking Bad,Thriller,967,2024-07-09 10:42:23
U00387,F009,The Office,Comédie,798,2024-07-09 10:59:55
U00105,F011,Dark,Science-Fiction,1966,2024-07-09 12:15:58
U00669,F001,Inception,Science-Fiction,3990,2024-07-09 12:45:20
U01734,F001,Inception,Science-Fiction,2817,2024-07-09 14:08:42
U00930,F011,Dark,Science-Fiction,963,2024-07-09 16:24:36
U00939,F001,Inception,Science-Fiction,8125,2024-07-09 16:28:18
U00741,F013,Stranger Things,Fantastique,506,2024-07-09 16:47:46
U01188,F004,Interstellar,Science-Fiction,7107,2024-07-09 17:06:01
U00642,F006,La La Land,Romance,3318,2024-07-09 19:00:46
U00980,F008,Joker,Drame,6591,2024-07-09 19:33:35
U00374,F005,Intouchables,Comédie dramatique,4419,2024-07-09 19:38:31
U00027,F012,Squid Game,Thriller,2416,2024-07-09 20:40:50
U00630,F008,Joker,Drame,372,2024-07-09 23:08:58
U01888,F012,Squid Game,Thriller,530,2024-07-10 00:06:00
U01340,F009,The Office,Comédie,391,2024-07-10 00:42:52
U00933,F008,Joker,Drame,2850,2024-07-10 01:44:06
U00525,F003,Parasite,Thriller,5713,2024-07-10 05:56:49
U00693,F001,Inception,Science-Fiction,869,2024-07-10 06:01:11
U00494,F008,Joker,Drame,4620,2024-07-10 07:11:17
U01938,F005,Intouchables,Comédie dramatique,5537,2024-07-10 08:24:30
U01655,F011,Dark,Science-Fiction,1554,2024-07-10 09:03:37
U01018,F013,Stranger Things,Fantastique,1383,2024-07-10 09:27:23
U00731,F015,Notre-Dame en Flammes,Documentaire,4574,2024-07-10 10:59:10
U00898,F010,Breaking Bad,Thriller,2197,2024-07-10 11:51:26
U01447,F013,Stranger Things,Fantastique,251,2024-07-10 13:28:29
U00683,F013,Stranger Things,Fantastique,387,2024-07-10 14:40:36
U01569,F014,The Crown,Drame,3597,2024-07-10 15:25:27
U01552,F009,The Office,Comédie,901,2024-07-10 16:16:01
U00770,F007,Avengers Endgame,Action,2394,2024-07-10 17:42:55
U00591,F007,Avengers Endgame,Action,197,2024-07-10 17:44:12
U00321,F008,Joker,Drame,242,2024-07-10 17:51:04
U00254,F007,Avengers Endgame,Action,3605,2024-07-10 20:35:26
U01686,F012,Squid Game,Thriller,2272,2024-07-10 21:21:01
U01555,F009,The Office,Comédie,621,2024-07-10 21:30:16
U00837,F006,La La Land,Romance,6169,2024-07-10 22:16:48
U00609,F011,Dark,Science-Fiction,1710,2024-07-10 22:38:31
U00106,F001,Inception,Science-Fiction,2051,2024-07-10 23:28:58
U01190,F006,La La Land,Romance,480,2024-07-10 23:43:37
U01290,F008,Joker,Drame,5382,2024-07-10 23:55:45
U00655,F007,Avengers Endgame,Action,3744,2024-07-11 00:33:55
U01365,F001,Inception,Science-Fiction,2842,2024-07-11 00:58:49
U00871,F013,Stranger Things,Fantastique,112,2024-07-11 02:34:16
U01029,F007,Avengers Endgame,Action,3609,2024-07-11 04:10:47
U00742,F008,Joker,Drame,2583,2024-07-11 04:24:08
U01324,F001,Inception,Science-Fiction,6400,2024-07-11 04:41:16
U00131,F010,Breaking Bad,Thriller,2294,2024-07-11 04:47:09
U01255,F012,Squid Game,Thriller,932,2024-07-11 05:40:02
U01737,F010,Breaking Bad,Thriller,741,2024-07-11 05:58:20
U00137,F003,Parasite,Thriller,7760,2024-07-11 06:15:09
U00897,F012,Squid Game,Thriller,247,2024-07-11 07:27:15
U00002,F013,Stranger Things,Fantastique,1660,2024-07-11 07:37:32
U00454,F010,Breaking Bad,Thriller,134,2024-07-11 08:17:58
U00887,F005,Intouchables,Comédie dramatique,4809,2024-07-11 09:48:02
U00117,F004,Interstellar,Science-Fiction,4917,2024-07-11 11:29:48
U00617,F010,Breaking Bad,Thriller,2019,2024-07-11 12:56:00
U01532,F012,Squid Game,Thriller,582,2024-07-11 12:56:08
U00829,F001,Inception,Science-Fiction,280,2024-07-11 13:49:31
U01788,F010,Breaking Bad,Thriller,2314,2024-07-11 15:18:14
U00880,F004,Interstellar,Science-Fiction,69,2024-07-11 16:25:49
U00748,F001,Inception,Science-Fiction,251,2024-07-11 18:19:50
U01813,F011,Dark,Science-Fiction,1374,2024-07-11 18:28:10
U00256,F001,Inception,Science-Fiction,3622,2024-07-11 18:39:44
U00532,F001,Inception,Science-Fiction,7886,2024-07-11 18:46:45
U01331,F001,Inception,Science-Fiction,5289,2024-07-11 18:49:45
U00026,F010,Breaking Bad,Thriller,1685,2024-07-11 18:54:13
U01405,F007,Avengers Endgame,Action,3425,2024-07-11 20:18:43
U01048,F001,Inception,Science-Fiction,5520,2024-07-11 21:21:41
U01887,F004,Interstellar,Science-Fiction,186,2024-07-11 23:51:13
U01260,F004,Interstellar,Science-Fiction,6542,2024-07-11 23:55:32
U01392,F010,Breaking Bad,Thriller,2216,2024-07-12 00:50:44
U01423,F007,Avengers Endgame,Action,41,2024-07-12 01:20:01
U00275,F013,Stranger Things,Fantastique,262,2024-07-12 01:37:12
U01211,F001,Inception,Science-Fiction,5375,2024-07-12 01:42:47
U01834,F011,Dark,Science-Fiction,1798,2024-07-12 03:06:05
U00968,F002,Le Seigneur des Anneaux,Fantasy,477,2024-07-12 03:22:51
U00134,F005,Intouchables,Comédie dramatique,452,2024-07-12 04:19:20
U00397,F002,Le Seigneur des Anneaux,Fantasy,272,2024-07-12 05:10:27
U00659,F007,Avengers Endgame,Action,7965,2024-07-12 06:06:15
U00008,F008,Joker,Drame,2178,2024-07-12 06:13:31
U00370,F008,Joker,Drame,708,2024-07-12 06:26:38
U00359,F001,Inception,Science-Fiction,6412,2024-07-12 06:35:41
U01266,F002,Le Seigneur des Anneaux,Fantasy,84,2024-07-12 07:15:51
U01387,F007,Avengers Endgame,Action,9389,2024-07-12 07:52:50
U01187,F007,Avengers Endgame,Action,902,2024-07-12 07:59:06
U01602,F008,Joker,Drame,3084,2024-07-12 09:58:51
U00432,F011,Dark,Science-Fiction,362,2024-07-12 10:03:04
U00143,F014,The Crown,Drame,1571,2024-07-12 11:34:23
U00210,F010,Breaking Bad,Thriller,1858,2024-07-12 11:50:04
U01044,F015,Notre-Dame en Flammes,Documentaire,194,2024-07-12 12:10:11
U01184,F010,Breaking Bad,Thriller,626,2024-07-12 12:10:17
U01666,F004,Interstellar,Science-Fiction,4346,2024-07-12 15:45:50
U00851,F007,Avengers Endgame,Action,8844,2024-07-12 15:56:52
U01654,F013,Stranger Things,Fantastique,374,2024-07-12 16:19:07
U01021,F012,Squid Game,Thriller,350,2024-07-12 16:24:15
U00499,F008,Joker,Drame,221,2024-07-12 16:28:03
U01923,F015,Notre-Dame en Flammes,Documentaire,4360,2024-07-12 16:49:47
U00966,F014,The Crown,Drame,676,2024-07-12 16:52:24
U01063,F011,Dark,Science-Fiction,2546,2024-07-12 17:24:26
U01832,F007,Avengers Endgame,Action,1857,2024-07-12 19:00:39
U01618,F012,Squid Game,Thriller,342,2024-07-12 19:19:00
U00291,F004,Interstellar,Science-Fiction,1347,2024-07-12 20:58:48
U01274,F001,Inception,Science-Fiction,3297,2024-07-12 21:04:23
U01678,F012,Squid Game,Thriller,3028,2024-07-12 21:50:35
U00580,F003,Parasite,Thriller,1328,2024-07-12 22:39:53
U01501,F002,Le Seigneur des Anneaux,Fantasy,84,2024-07-12 23:03:40
U01900,F013,Stranger Things,Fantastique,2323,2024-07-12 23:18:51
U01218,F007,Avengers Endgame,Action,7537,2024-07-13 00:07:38
U01202,F008,Joker,Drame,4400,2024-07-13 00:27:52
U00097,F002,Le Seigneur des Anneaux,Fantasy,406,2024-07-13 00:31:35
U00265,F012,Squid Game,Thriller,2577,2024-07-13 01:35:43
U00923,F001,Inception,Science-Fiction,4095,2024-07-13 02:34:49
U01038,F011,Dark,Science-Fiction,1824,2024-07-13 02:46:14
U00498,F005,Intouchables,Comédie dramatique,3842,2024-07-13 05:05:03
U00897,F013,Stranger Things,Fantastique,1885,2024-07-13 05:16:47
U00276,F005,Intouchables,Comédie dramatique,205,2024-07-13 05:54:00
U00018,F015,Notre-Dame en Flammes,Documentaire,4330,2024-07-13 06:21:06
U01749,F003,Parasite,Thriller,2379,2024-07-13 08:00:25
U00960,F010,Breaking Bad,Thriller,1907,2024-07-13 08:44:19
U00914,F010,Breaking Bad,Thriller,2376,2024-07-13 08:46:25
U00131,F004,Interstellar,Science-Fiction,9011,2024-07-13 09:38:58
U00449,F011,Dark,Science-Fiction,1631,2024-07-13 09:46:47
U00007,F014,The Crown,Drame,2339,2024-07-13 09:48:02
U01776,F008,Joker,Drame,131,2024-07-13 10:24:13
U01970,F004,Interstellar,Science-Fiction,4082,2024-07-13 10:42:30
U01548,F010,Breaking Bad,Thriller,1510,2024-07-13 11:43:39
U01969,F013,Stranger Things,Fantastique,207,2024-07-13 11:46:02
U00091,F011,Dark,Science-Fiction,2330,2024-07-13 13:13:41
U01380,F008,Joker,Drame,1720,2024-07-13 13:14:02
U01420,F005,Intouchables,Comédie dramatique,3818,2024-07-13 17:14:03
U00112,F001,Inception,Science-Fiction,4283,2024-07-13 17:51:13
U01607,F003,Parasite,Thriller,2793,2024-07-13 21:27:03
U01463,F002,Le Seigneur des Anneaux,Fantasy,8615,2024-07-13 21:39:39
U00613,F001,Inception,Science-Fiction,4724,2024-07-13 23:55:29
U01227,F004,Interstellar,Science-Fiction,6144,2024-07-14 00:45:06
U01460,F012,Squid Game,Thriller,89,2024-07-14 02:18:26
U00186,F008,Joker,Drame,6020,2024-07-14 03:14:14
U00257,F008,Joker,Drame,4192,2024-07-14 04:19:16
U01482,F008,Joker,Drame,5889,2024-07-14 06:17:43
U00673,F001,Inception,Science-Fiction,2378,2024-07-14 06:22:25
U01462,F013,Stranger Things,Fantastique,2842,2024-07-14 06:59:37
U01624,F015,Notre-Dame en Flammes,Documentaire,2533,2024-07-14 08:41:05
U00279,F004,Interstellar,Science-Fiction,6345,2024-07-14 09:13:10
U01159,F001,Inception,Science-Fiction,87,2024-07-14 09:32:18
U01540,F004,Interstellar,Science-Fiction,6257,2024-07-14 09:43:17
U00906,F004,Interstellar,Science-Fiction,184,2024-07-14 10:40:31
U00597,F004,Interstellar,Science-Fiction,7885,2024-07-14 10:48:39
U00120,F003,Parasite,Thriller,5342,2024-07-14 11:14:34
U01797,F004,Interstellar,Science-Fiction,226,2024-07-14 11:26:09
U01887,F013,Stranger Things,Fantastique,109,2024-07-14 11:52:07
U01199,F007,Avengers Endgame,Action,7364,2024-07-14 12:12:53
U00635,F002,Le Seigneur des Anneaux,Fantasy,7245,2024-07-14 12:36:44
U01110,F001,Inception,Science-Fiction,1581,2024-07-14 15:28:07
U00708,F013,Stranger Things,Fantastique,121,2024-07-14 16:37:38
U00310,F015,Notre-Dame en Flammes,Documentaire,675,2024-07-14 17:39:18
U01045,F006,La La Land,Romance,460,2024-07-14 19:12:07
U01106,F015,Notre-Dame en Flammes,Documentaire,4053,2024-07-14 19:55:05
U00210,F010,Breaking Bad,Thriller,781,2024-07-14 21:23:06
U00270,F008,Joker,Drame,4213,2024-07-14 21:45:07
U01975,F013,Stranger Things,Fantastique,1999,2024-07-14 23:16:42
U01616,F001,Inception,Science-Fiction,5897,2024-07-14 23:18:13
U00503,F012,Squid Game,Thriller,887,2024-07-15 03:09:10
U00461,F001,Inception,Science-Fiction,5738,2024-07-15 03:44:44
U00451,F014,The Crown,Drame,3410,2024-07-15 04:14:57
U00999,F007,Avengers Endgame,Action,130,2024-07-15 04:38:00
U00596,F007,Avengers Endgame,Action,9804,2024-07-15 04:57:27
U00703,F003,Parasite,Thriller,5041,2024-07-15 06:45:13
U00993,F002,Le Seigneur des Anneaux,Fantasy,9940,2024-07-15 07:01:25
U00781,F015,Notre-Dame en Flammes,Documentaire,4558,2024-07-15 08:04:39
U01842,F004,Interstellar,Science-Fiction,2448,2024-07-15 08:47:10
U01669,F007,Avengers Endgame,Action,6142,2024-07-15 09:04:33
U00445,F007,Avengers Endgame,Action,3185,2024-07-15 09:20:01
U01481,F002,Le Seigneur des Anneaux,Fantasy,5231,2024-07-15 10:53:16
U01810,F005,Intouchables,Comédie dramatique,649,2024-07-15 10:57:23
U00120,F014,The Crown,Drame,2995,2024-07-15 16:21:27
U00847,F008,Joker,Drame,5954,2024-07-15 17:44:43
U00597,F006,La La Land,Romance,7543,2024-07-15 17:56:18
U00082,F013,Stranger Things,Fantastique,2255,2024-07-15 17:57:11
U01874,F013,Stranger Things,Fantastique,878,2024-07-15 18:37:59
U00780,F008,Joker,Drame,119,2024-07-15 18:49:02
U01051,F010,Breaking Bad,Thriller,1201,2024-07-15 20:09:56
U01625,F003,Parasite,Thriller,110,2024-07-15 22:08:36
U01798,F014,The Crown,Drame,1121,2024-07-15 22:38:27
U01277,F004,Interstellar,Science-Fiction,7350,2024-07-15 22:43:27
U00015,F003,Parasite,Thriller,126,2024-07-15 23:27:21
U00344,F009,The Office,Comédie,484,2024-07-15 23:53:14
U01210,F007,Avengers Endgame,Action,5992,2024-07-15 23:58:44
U01826,F007,Avengers Endgame,Action,6914,2024-07-16 00:38:47
U01997,F010,Breaking Bad,Thriller,1863,2024-07-16 00:56:57
U00656,F002,Le Seigneur des Anneaux,Fantasy,9814,2024-07-16 01:23:41
U00844,F010,Breaking Bad,Thriller,167,2024-07-16 02:07:31
U00173,F004,Interstellar,Science-Fiction,4770,2024-07-16 02:34:05
U00894,F013,Stranger Things,Fantastique,376,2024-07-16 04:23:23
U01483,F010,Breaking Bad,Thriller,2661,2024-07-16 05:15:30
U00889,F005,Intouchables,Comédie dramatique,45,2024-07-16 06:11:13
U00350,F004,Interstellar,Science-Fiction,1343,2024-07-16 06:26:02
U00167,F008,Joker,Drame,5661,2024-07-16 07:41:51
U00936,F007,Avengers Endgame,Action,5210,2024-07-16 09:08:54
U01794,F003,Parasite,Thriller,55,2024-07-16 10:46:49
U00443,F001,Inception,Science-Fiction,5706,2024-07-16 11:45:10
U00304,F008,Joker,Drame,3253,2024-07-16 12:25:00
U01471,F007,Avengers Endgame,Action,4083,2024-07-16 12:36:38
U00491,F011,Dark,Science-Fiction,2359,2024-07-16 12:41:37
U01587,F005,Intouchables,Comédie dramatique,534,2024-07-16 13:35:42
U01485,F001,Inception,Science-Fiction,195,2024-07-16 13:36:48
U01669,F001,Inception,Science-Fiction,2988,2024-07-16 14:41:10
U01705,F002,Le Seigneur des Anneaux,Fantasy,7730,2024-07-16 15:01:51
U00334,F010,Breaking Bad,Thriller,2084,2024-07-16 15:04:01
U00148,F005,Intouchables,Comédie dramatique,3554,2024-07-16 16:19:37
U01861,F008,Joker,Drame,7101,2024-07-16 16:49:30
U01839,F004,Interstellar,Science-Fiction,250,2024-07-16 16:55:49
U01664,F007,Avengers Endgame,Action,1105,2024-07-16 17:02:08
U00132,F013,Stranger Things,Fantastique,631,2024-07-16 18:24:05
U01718,F003,Parasite,Thriller,5508,2024-07-16 18:29:53
U01238,F013,Stranger Things,Fantastique,2370,2024-07-16 20:05:28
U01701,F001,Inception,Science-Fiction,1082,2024-07-16 20:14:39
U01497,F002,Le Seigneur des Anneaux,Fantasy,7487,2024-07-16 21:44:30
U00810,F005,Intouchables,Comédie dramatique,2749,2024-07-16 23:58:16
U00612,F012,Squid Game,Thriller,202,2024-07-17 03:29:11
U00075,F006,La La Land,Romance,7112,2024-07-17 03:58:00
U01391,F001,Inception,Science-Fiction,3948,2024-07-17 05:26:13
U01647,F007,Avengers Endgame,Action,5211,2024-07-17 06:39:03
U01866,F015,Notre-Dame en Flammes,Documentaire,2504,2024-07-17 07:02:49
U00282,F008,Joker,Drame,265,2024-07-17 07:54:45
U00793,F012,Squid Game,Thriller,1851,2024-07-17 08:28:29
U00270,F004,Interstellar,Science-Fiction,911,2024-07-17 08:37:35
U01211,F001,Inception,Science-Fiction,7004,2024-07-17 08:57:54
U00489,F004,Interstellar,Science-Fiction,1458,2024-07-17 09:13:58
U01566,F009,The Office,Comédie,110,2024-07-17 09:55:01
U01774,F001,Inception,Science-Fiction,5630,2024-07-17 10:00:22
U01170,F013,Stranger Things,Fantastique,484,2024-07-17 10:11:44
U00932,F013,Stranger Things,Fantastique,2007,2024-07-17 11:58:07
U01559,F006,La La Land,Romance,6797,2024-07-17 13:06:02
U01859,F001,Inception,Science-Fiction,4813,2024-07-17 15:03:56
U01690,F001,Inception,Science-Fiction,5280,2024-07-17 15:55:15
U00808,F003,Parasite,Thriller,2778,2024-07-17 16:02:45
U01740,F007,Avengers Endgame,Action,6175,2024-07-17 18:12:19
U01766,F001,Inception,Science-Fiction,8417,2024-07-17 20:07:37
U00409,F001,Inception,Science-Fiction,1085,2024-07-17 21:01:58
U01317,F014,The Crown,Drame,3059,2024-07-17 21:08:05
U01435,F005,Intouchables,Comédie dramatique,2636,2024-07-17 21:32:14
U01287,F008,Joker,Drame,7471,2024-07-17 23:04:37
U01677,F008,Joker,Drame,6460,2024-07-18 02:02:46
U00817,F007,Avengers Endgame,Action,6576,2024-07-18 02:14:23
U01871,F002,Le Seigneur des Anneaux,Fantasy,6921,2024-07-18 02:15:15
U01276,F013,Stranger Things,Fantastique,352,2024-07-18 04:29:21
U00757,F010,Breaking Bad,Thriller,2520,2024-07-18 05:05:21
U01633,F001,Inception,Science-Fiction,253,2024-07-18 06:40:42
U01940,F003,Parasite,Thriller,257,2024-07-18 07:42:51
U00233,F010,Breaking Bad,Thriller,1041,2024-07-18 07:43:28
U00018,F004,Interstellar,Science-Fiction,2530,2024-07-18 07:47:54
U01039,F002,Le Seigneur des Anneaux,Fantasy,143,2024-07-18 08:39:56
U01165,F001,Inception,Science-Fiction,53,2024-07-18 09:22:12
U00438,F008,Joker,Drame,146,2024-07-18 09:28:50
U00745,F005,Intouchables,Comédie dramatique,2841,2024-07-18 09:49:54
U00550,F013,Stranger Things,Fantastique,2657,2024-07-18 10:20:01
U00594,F004,Interstellar,Science-Fiction,5519,2024-07-18 13:34:58
U00090,F004,Interstellar,Science-Fiction,7514,2024-07-18 13:50:44
U01170,F008,Joker,Drame,2221,2024-07-18 15:44:27
U00323,F010,Breaking Bad,Thriller,1661,2024-07-18 16:13:14
U00354,F011,Dark,Science-Fiction,1966,2024-07-18 16:20:21
U01710,F005,Intouchables,Comédie dramatique,1177,2024-07-18 17:10:00
U00867,F003,Parasite,Thriller,5361,2024-07-18 19:17:29
U01164,F008,Joker,Drame,5971,2024-07-18 19:25:02
U00077,F007,Avengers Endgame,Action,10113,2024-07-18 21:54:33
U01048,F001,Inception,Science-Fiction,7332,2024-07-18 22:41:50
U00926,F008,Joker,Drame,5756,2024-07-18 23:20:46
U01909,F005,Intouchables,Comédie dramatique,4071,2024-07-18 23:30:20
U00446,F007,Avengers Endgame,Action,7258,2024-07-18 23:51:34
U01204,F010,Breaking Bad,Thriller,62,2024-07-19 00:14:42
U00408,F011,Dark,Science-Fiction,543,2024-07-19 00:28:44
U01556,F007,Avengers Endgame,Action,760,2024-07-19 02:39:42
U01252,F012,Squid Game,Thriller,2525,2024-07-19 02:45:49
U01621,F003,Parasite,Thriller,188,2024-07-19 03:43:23
U00661,F006,La La Land,Romance,3121,2024-07-19 03:45:55
U00435,F010,Breaking Bad,Thriller,677,2024-07-19 04:43:40
U01043,F001,Inception,Science-Fiction,585,2024-07-19 04:53:00
U01122,F014,The Crown,Drame,809,2024-07-19 06:19:50
U01281,F007,Avengers Endgame,Action,3163,2024-07-19 06:25:59
U00465,F010,Breaking Bad,Thriller,778,2024-07-19 07:50:26
U00335,F008,Joker,Drame,5331,2024-07-19 08:25:46
U01191,F003,Parasite,Thriller,1320,2024-07-19 08:50:21
U00341,F011,Dark,Science-Fiction,1173,2024-07-19 09:12:55
U01732,F002,Le Seigneur des Anneaux,Fantasy,7962,2024-07-19 10:33:28
U00491,F008,Joker,Drame,3823,2024-07-19 10:56:27
U00744,F007,Avengers Endgame,Action,8662,2024-07-19 11:26:12
U01575,F010,Breaking Bad,Thriller,2377,2024-07-19 12:16:19
U00270,F003,Parasite,Thriller,7854,2024-07-19 12:19:22
U01453,F002,Le Seigneur des Anneaux,Fantasy,8340,2024-07-19 12:38:30
U01515,F010,Breaking Bad,Thriller,2122,2024-07-19 12:40:56
U00774,F007,Avengers Endgame,Action,2985,2024-07-19 13:40:47
U01437,F003,Parasite,Thriller,1746,2024-07-19 14:10:05
U01173,F002,Le Seigneur des Anneaux,Fantasy,1774,2024-07-19 15:26:24
U00332,F006,La La Land,Romance,36,2024-07-19 17:24:32
U00881,F004,Interstellar,Science-Fiction,7050,2024-07-19 18:32:04
U00864,F007,Avengers Endgame,Action,10626,2024-07-19 18:51:15
U00534,F010,Breaking Bad,Thriller,2427,2024-07-19 19:20:08
U00844,F002,Le Seigneur des Anneaux,Fantasy,70,2024-07-19 20:00:52
U00250,F010,Breaking Bad,Thriller,1040,2024-07-19 21:11:01
U01618,F001,Inception,Science-Fiction,2342,2024-07-19 21:36:08
U00105,F013,Stranger Things,Fantastique,1059,2024-07-19 22:08:33
U00392,F004,Interstellar,Science-Fiction,3044,2024-07-20 01:03:01
U01968,F002,Le Seigneur des Anneaux,Fantasy,9428,2024-07-20 01:44:08
U00542,F005,Intouchables,Comédie dramatique,135,2024-07-20 03:02:24
U01301,F010,Breaking Bad,Thriller,558,2024-07-20 07:01:29
U01155,F003,Parasite,Thriller,89,2024-07-20 07:16:30
U00954,F001,Inception,Science-Fiction,2367,2024-07-20 08:23:52
U01559,F007,Avengers Endgame,Action,9274,2024-07-20 09:55:33
U01852,F012,Squid Game,Thriller,1754,2024-07-20 12:23:38
U01808,F009,The Office,Comédie,1170,2024-07-20 12:25:38
U01021,F002,Le Seigneur des Anneaux,Fantasy,139,2024-07-20 14:23:35
U00093,F001,Inception,Science-Fiction,8320,2024-07-20 16:31:54
U00290,F004,Interstellar,Science-Fiction,7931,2024-07-20 16:58:13
U01504,F001,Inception,Science-Fiction,2068,2024-07-20 17:57:13
U00795,F007,Avengers Endgame,Action,7722,2024-07-20 19:50:41
U00725,F013,Stranger Things,Fantastique,2456,2024-07-20 20:00:32
U01584,F010,Breaking Bad,Thriller,699,2024-07-20 22:18:24
U00669,F007,Avengers Endgame,Action,10291,2024-07-20 23:12:04
U01680,F013,Stranger Things,Fantastique,1988,2024-07-21 00:14:35
U01734,F007,Avengers Endgame,Action,7400,2024-07-21 02:44:39
U00748,F012,Squid Game,Thriller,873,2024-07-21 02:46:26
U00943,F008,Joker,Drame,1211,2024-07-21 04:04:41
U01636,F007,Avengers Endgame,Action,3804,2024-07-21 04:17:38
U01099,F007,Avengers Endgame,Action,5775,2024-07-21 04:48:04
U01797,F004,Interstellar,Science-Fiction,624,2024-07-21 06:53:12
U01929,F014,The Crown,Drame,1211,2024-07-21 07:04:58
U00662,F002,Le Seigneur des Anneaux,Fantasy,9842,2024-07-21 07:23:04
U01696,F010,Breaking Bad,Thriller,1351,2024-07-21 08:03:41
U01511,F015,Notre-Dame en Flammes,Documentaire,684,2024-07-21 09:22:07
U01897,F008,Joker,Drame,37,2024-07-21 09:53:43
U01833,F011,Dark,Science-Fiction,1119,2024-07-21 11:01:16
U01141,F009,The Office,Comédie,826,2024-07-21 12:23:30
U00466,F006,La La Land,Romance,676,2024-07-21 12:44:31
U00986,F008,Joker,Drame,1115,2024-07-21 13:07:45
U00929,F006,La La Land,Romance,2878,2024-07-21 15:36:01
U00330,F011,Dark,Science-Fiction,1029,2024-07-21 16:53:31
U00723,F013,Stranger Things,Fantastique,1694,2024-07-21 19:45:35
U00175,F012,Squid Game,Thriller,1898,2024-07-21 21:33:21
U00892,F015,Notre-Dame en Flammes,Documentaire,3810,2024-07-21 21:52:03
U00602,F003,Parasite,Thriller,7673,2024-07-21 22:31:18
U01192,F002,Le Seigneur des Anneaux,Fantasy,9749,2024-07-21 23:25:12
U00282,F002,Le Seigneur des Anneaux,Fantasy,7146,2024-07-21 23:32:17
U01094,F007,Avengers Endgame,Action,8023,2024-07-21 23:36:09
U01219,F007,Avengers Endgame,Action,6315,2024-07-22 00:05:26
U00131,F013,Stranger Things,Fantastique,82,2024-07-22 00:40:05
U01498,F001,Inception,Science-Fiction,7608,2024-07-22 02:27:04
U00728,F008,Joker,Drame,2928,2024-07-22 03:06:41
U01714,F012,Squid Game,Thriller,2458,2024-07-22 03:50:28
U00407,F008,Joker,Drame,7215,2024-07-22 04:04:30
U00841,F005,Intouchables,Comédie dramatique,5104,2024-07-22 04:17:46
U00366,F007,Avengers Endgame,Action,8641,2024-07-22 06:03:30
U01017,F011,Dark,Science-Fiction,1101,2024-07-22 06:09:45
U00512,F001,Inception,Science-Fiction,4179,2024-07-22 06:29:39
U00606,F010,Breaking Bad,Thriller,1749,2024-07-22 07:23:38
U01651,F009,The Office,Comédie,56,2024-07-22 08:03:00
U01446,F010,Breaking Bad,Thriller,2509,2024-07-22 09:06:07
U00287,F010,Breaking Bad,Thriller,420,2024-07-22 11:30:57
U01691,F010,Breaking Bad,Thriller,1341,2024-07-22 11:53:20
U01071,F008,Joker,Drame,7596,2024-07-22 13:02:09
U01943,F004,Interstellar,Science-Fiction,9775,2024-07-22 13:07:49
U01205,F009,The Office,Comédie,437,2024-07-22 13:17:12
U01140,F015,Notre-Dame en Flammes,Documentaire,4602,2024-07-22 13:48:46
U00467,F010,Breaking Bad,Thriller,1699,2024-07-22 14:11:58
U00671,F001,Inception,Science-Fiction,189,2024-07-22 14:16:47
U00687,F004,Interstellar,Science-Fiction,9340,2024-07-22 15:00:10
U01758,F006,La La Land,Romance,7349,2024-07-22 16:27:09
U01854,F001,Inception,Science-Fiction,77,2024-07-22 19:28:05
U01135,F012,Squid Game,Thriller,276,2024-07-22 21:08:27
U00529,F008,Joker,Drame,7582,2024-07-22 23:48:15
U01779,F004,Interstellar,Science-Fiction,7174,2024-07-22 23:52:48
U00295,F003,Parasite,Thriller,3853,2024-07-23 00:09:38
U00170,F004,Interstellar,Science-Fiction,6031,2024-07-23 00:43:01
U01618,F007,Avengers Endgame,Action,2903,2024-07-23 01:02:13
U00507,F010,Breaking Bad,Thriller,1517,2024-07-23 02:04:37
U01872,F007,Avengers Endgame,Action,138,2024-07-23 02:32:03
U01813,F006,La La Land,Romance,285,2024-07-23 02:43:58
U01112,F008,Joker,Drame,5942,2024-07-23 03:59:21
U00110,F012,Squid Game,Thriller,1217,2024-07-23 05:00:00
U00638,F008,Joker,Drame,7376,2024-07-23 06:18:56
U00033,F003,Parasite,Thriller,245,2024-07-23 07:28:21
U01099,F007,Avengers Endgame,Action,10746,2024-07-23 08:24:50
U01420,F002,Le Seigneur des Anneaux,Fantasy,5892,2024-07-23 09:28:42
U00621,F012,Squid Game,Thriller,3160,2024-07-23 09:38:50
U00660,F003,Parasite,Thriller,268,2024-07-23 10:16:44
U00737,F011,Dark,Science-Fiction,1445,2024-07-23 10:21:21
U01657,F001,Inception,Science-Fiction,3141,2024-07-23 11:53:18
U01981,F010,Breaking Bad,Thriller,1946,2024-07-23 11:55:34
U00205,F004,Interstellar,Science-Fiction,8648,2024-07-23 11:57:39
U00551,F001,Inception,Science-Fiction,2514,2024-07-23 12:31:02
U00703,F015,Notre-Dame en Flammes,Documentaire,2768,2024-07-23 13:42:13
U01099,F013,Stranger Things,Fantastique,1666,2024-07-23 15:27:30
U00483,F005,Intouchables,Comédie dramatique,254,2024-07-23 17:26:36
U00946,F011,Dark,Science-Fiction,2379,2024-07-23 20:16:53
U01611,F011,Dark,Science-Fiction,1462,2024-07-23 21:07:24
U01352,F007,Avengers Endgame,Action,7631,2024-07-23 22:16:34
U00548,F001,Inception,Science-Fiction,262,2024-07-23 22:36:59
U00938,F002,Le Seigneur des Anneaux,Fantasy,9349,2024-07-23 22:39:37
U00096,F012,Squid Game,Thriller,424,2024-07-23 22:47:52
U01451,F005,Intouchables,Comédie dramatique,3347,2024-07-24 00:18:55
U01766,F009,The Office,Comédie,542,2024-07-24 02:17:40
U01398,F010,Breaking Bad,Thriller,2665,2024-07-24 02:45:24
U01060,F002,Le Seigneur des Anneaux,Fantasy,7805,2024-07-24 04:32:13
U01785,F007,Avengers Endgame,Action,10388,2024-07-24 06:30:16
U01339,F012,Squid Game,Thriller,231,2024-07-24 09:10:11
U01298,F004,Interstellar,Science-Fiction,1250,2024-07-24 09:24:43
U01328,F013,Stranger Things,Fantastique,2856,2024-07-24 10:58:48
U00104,F006,La La Land,Romance,6939,2024-07-24 11:26:37
U00019,F001,Inception,Science-Fiction,994,2024-07-24 11:32:14
U00168,F007,Avengers Endgame,Action,10216,2024-07-24 11:45:51
U00561,F013,Stranger Things,Fantastique,174,2024-07-24 12:41:02
U00342,F005,Intouchables,Comédie dramatique,3946,2024-07-24 14:26:00
U01360,F003,Parasite,Thriller,5961,2024-07-24 15:16:41
U00603,F003,Parasite,Thriller,1430,2024-07-24 15:52:57
U01552,F003,Parasite,Thriller,1565,2024-07-24 16:13:19
U00246,F011,Dark,Science-Fiction,62,2024-07-24 17:49:57
U01070,F006,La La Land,Romance,6667,2024-07-24 18:14:52
U01822,F003,Parasite,Thriller,225,2024-07-24 18:27:10
U00631,F012,Squid Game,Thriller,3232,2024-07-24 20:59:53
U01899,F012,Squid Game,Thriller,946,2024-07-24 22:19:12
U00683,F011,Dark,Science-Fiction,88,2024-07-25 01:35:43
U01126,F007,Avengers Endgame,Action,8381,2024-07-25 01:36:53
U01094,F009,The Office,Comédie,1167,2024-07-25 03:41:47
U01831,F001,Inception,Science-Fiction,5338,2024-07-25 03:46:17
U01650,F002,Le Seigneur des Anneaux,Fantasy,9371,2024-07-25 03:48:59
U01609,F005,Intouchables,Comédie dramatique,4399,2024-07-25 05:51:40
U00103,F008,Joker,Drame,7302,2024-07-25 06:27:15
U00001,F011,Dark,Science-Fiction,2277,2024-07-25 07:39:47
U01975,F008,Joker,Drame,93,2024-07-25 09:39:39
U00707,F012,Squid Game,Thriller,3265,2024-07-25 11:38:12
U01370,F001,Inception,Science-Fiction,4410,2024-07-25 12:31:17
U00616,F015,Notre-Dame en Flammes,Documentaire,2422,2024-07-25 13:08:31
U00606,F007,Avengers Endgame,Action,233,2024-07-25 13:20:03
U01423,F003,Parasite,Thriller,3787,2024-07-25 13:25:07
U00113,F005,Intouchables,Comédie dramatique,661,2024-07-25 13:59:07
U01726,F004,Interstellar,Science-Fiction,4475,2024-07-25 17:46:00
U00141,F005,Intouchables,Comédie dramatique,165,2024-07-25 17:52:35
U00858,F007,Avengers Endgame,Action,9495,2024-07-25 19:01:17
U00418,F010,Breaking Bad,Thriller,349,2024-07-25 19:22:55
U01893,F012,Squid Game,Thriller,306,2024-07-25 20:48:15
U01468,F011,Dark,Science-Fiction,1751,2024-07-25 22:42:13
U01708,F012,Squid Game,Thriller,2387,2024-07-25 22:58:24
U00169,F014,The Crown,Drame,1401,2024-07-26 01:50:18
U00955,F007,Avengers Endgame,Action,5695,2024-07-26 04:16:31
U01268,F004,Interstellar,Science-Fiction,6544,2024-07-26 05:07:00
U00648,F012,Squid Game,Thriller,2934,2024-07-26 06:00:57
U01639,F007,Avengers Endgame,Action,7804,2024-07-26 06:35:19
U00182,F003,Parasite,Thriller,997,2024-07-26 07:16:46
U00180,F010,Breaking Bad,Thriller,43,2024-07-26 07:31:13
U00801,F005,Intouchables,Comédie dramatique,4995,2024-07-26 07:59:49
U01648,F003,Parasite,Thriller,33,2024-07-26 08:14:51
U01505,F002,Le Seigneur des Anneaux,Fantasy,6038,2024-07-26 08:40:00
U01583,F001,Inception,Science-Fiction,5904,2024-07-26 08:48:20
U00339,F012,Squid Game,Thriller,2924,2024-07-26 10:23:35
U01908,F001,Inception,Science-Fiction,6047,2024-07-26 10:58:23
U01238,F004,Interstellar,Science-Fiction,8443,2024-07-26 12:44:43
U00350,F001,Inception,Science-Fiction,6338,2024-07-26 12:45:35
U00037,F008,Joker,Drame,808,2024-07-26 15:20:05
U01144,F014,The Crown,Drame,239,2024-07-26 16:18:22
U01965,F004,Interstellar,Science-Fiction,9235,2024-07-26 16:22:21
U00829,F006,La La Land,Romance,90,2024-07-26 17:01:03
U01922,F001,Inception,Science-Fiction,4243,2024-07-26 17:15:46
U00471,F006,La La Land,Romance,5828,2024-07-26 17:42:14
U01848,F003,Parasite,Thriller,5589,2024-07-26 17:42:37
U00615,F013,Stranger Things,Fantastique,1279,2024-07-26 19:14:19
U00122,F013,Stranger Things,Fantastique,148,2024-07-26 19:58:50
U00162,F003,Parasite,Thriller,390,2024-07-26 23:05:42
U01134,F001,Inception,Science-Fiction,3729,2024-07-26 23:21:21
U01078,F012,Squid Game,Thriller,473,2024-07-27 01:52:11
U00917,F006,La La Land,Romance,4492,2024-07-27 04:00:15
U01528,F012,Squid Game,Thriller,1364,2024-07-27 04:51:39
U01172,F003,Parasite,Thriller,1153,2024-07-27 05:15:57
U00767,F004,Interstellar,Science-Fiction,1792,2024-07-27 07:51:56
U00627,F007,Avengers Endgame,Action,10370,2024-07-27 08:21:26
U00003,F001,Inception,Science-Fiction,6852,2024-07-27 09:58:59
U01808,F012,Squid Game,Thriller,2235,2024-07-27 10:19:13
U01308,F012,Squid Game,Thriller,1184,2024-07-27 13:36:28
U01006,F005,Intouchables,Comédie dramatique,2852,2024-07-27 15:52:17
U01497,F014,The Crown,Drame,332,2024-07-27 16:49:32
U00992,F010,Breaking Bad,Thriller,2290,2024-07-27 17:00:40
U00765,F007,Avengers Endgame,Action,2308,2024-07-27 18:11:42
U01273,F015,Notre-Dame en Flammes,Documentaire,3000,2024-07-27 19:06:57
U00681,F005,Intouchables,Comédie dramatique,6099,2024-07-27 21:16:44
U00917,F008,Joker,Drame,5653,2024-07-27 22:17:27
U00632,F011,Dark,Science-Fiction,165,2024-07-27 22:47:26
U00944,F004,Interstellar,Science-Fiction,6652,2024-07-27 22:52:03
U01834,F010,Breaking Bad,Thriller,1104,2024-07-27 23:44:55
U01024,F012,Squid Game,Thriller,1562,2024-07-28 00:42:41
U01762,F012,Squid Game,Thriller,3279,2024-07-28 01:05:26
U01917,F011,Dark,Science-Fiction,471,2024-07-28 02:21:58
U00673,F003,Parasite,Thriller,269,2024-07-28 03:09:20
U00167,F011,Dark,Science-Fiction,1508,2024-07-28 04:34:32
U01773,F014,The Crown,Drame,3120,2024-07-28 05:39:49
U00122,F007,Avengers Endgame,Action,10349,2024-07-28 05:41:12
U00893,F010,Breaking Bad,Thriller,242,2024-07-28 06:39:20
U00115,F015,Notre-Dame en Flammes,Documentaire,3685,2024-07-28 07:04:23
U01271,F003,Parasite,Thriller,6656,2024-07-28 07:26:19
U01032,F015,Notre-Dame en Flammes,Documentaire,4412,2024-07-28 07:32:24
U01758,F008,Joker,Drame,4799,2024-07-28 07:52:15
U01511,F012,Squid Game,Thriller,122,2024-07-28 08:04:50
U01391,F012,Squid Game,Thriller,986,2024-07-28 08:32:19
U01787,F008,Joker,Drame,7614,2024-07-28 10:36:13
U01531,F006,La La Land,Romance,3521,2024-07-28 11:38:40
U01762,F007,Avengers Endgame,Action,215,2024-07-28 12:06:20
U01012,F012,Squid Game,Thriller,2128,2024-07-28 13:04:52
U01238,F011,Dark,Science-Fiction,2198,2024-07-28 13:30:06
U00650,F015,Notre-Dame en Flammes,Documentaire,259,2024-07-28 15:55:16
U01942,F004,Interstellar,Science-Fiction,9676,2024-07-28 17:37:47
U01975,F003,Parasite,Thriller,7623,2024-07-28 18:41:21
U01226,F007,Avengers Endgame,Action,7478,2024-07-28 20:04:31
U00531,F015,Notre-Dame en Flammes,Documentaire,210,2024-07-28 21:16:42
U01889,F012,Squid Game,Thriller,1180,2024-07-28 21:45:22
U00207,F002,Le Seigneur des Anneaux,Fantasy,5227,2024-07-28 22:10:46
U00093,F012,Squid Game,Thriller,399,2024-07-28 22:21:34
U01623,F001,Inception,Science-Fiction,7521,2024-07-28 22:56:58
U00805,F003,Parasite,Thriller,889,2024-07-28 23:03:24
U01818,F007,Avengers Endgame,Action,5772,2024-07-29 00:58:35
U01364,F006,La La Land,Romance,4417,2024-07-29 03:48:52
U01597,F014,The Crown,Drame,172,2024-07-29 05:07:47
U00691,F015,Notre-Dame en Flammes,Documentaire,3845,2024-07-29 05:44:33
U00899,F010,Breaking Bad,Thriller,539,2024-07-29 06:13:33
U00044,F004,Interstellar,Science-Fiction,3588,2024-07-29 06:32:16
U00883,F007,Avengers Endgame,Action,5716,2024-07-29 07:36:14
U01088,F002,Le Seigneur des Anneaux,Fantasy,2457,2024-07-29 08:08:00
U01099,F010,Breaking Bad,Thriller,247,2024-07-29 09:02:34
U01032,F007,Avengers Endgame,Action,10290,2024-07-29 09:33:07
U00783,F004,Interstellar,Science-Fiction,80,2024-07-29 09:44:55
U01103,F012,Squid Game,Thriller,2240,2024-07-29 10:12:54
U00977,F001,Inception,Science-Fiction,7765,2024-07-29 11:28:28
U00234,F004,Interstellar,Science-Fiction,7895,2024-07-29 12:12:37
U00980,F012,Squid Game,Thriller,1831,2024-07-29 12:22:25
U01155,F002,Le Seigneur des Anneaux,Fantasy,9372,2024-07-29 12:58:03
U01667,F003,Parasite,Thriller,162,2024-07-29 13:47:59
U01988,F004,Interstellar,Science-Fiction,8569,2024-07-29 13:59:05
U00610,F007,Avengers Endgame,Action,156,2024-07-29 15:36:56
U00602,F009,The Office,Comédie,433,2024-07-29 15:53:22
U00339,F011,Dark,Science-Fiction,1315,2024-07-29 17:58:00
U00081,F007,Avengers Endgame,Action,2714,2024-07-29 18:38:53
U00878,F005,Intouchables,Comédie dramatique,4026,2024-07-29 18:55:00
U01491,F004,Interstellar,Science-Fiction,5517,2024-07-29 19:26:41
U01545,F012,Squid Game,Thriller,3267,2024-07-29 21:24:35
U00329,F003,Parasite,Thriller,37,2024-07-29 21:30:14
U00019,F007,Avengers Endgame,Action,7919,2024-07-30 00:10:17
U00088,F003,Parasite,Thriller,150,2024-07-30 00:19:32
U00278,F001,Inception,Science-Fiction,3652,2024-07-30 03:39:50
U00082,F003,Parasite,Thriller,3661,2024-07-30 06:20:13
U01737,F001,Inception,Science-Fiction,6761,2024-07-30 09:49:52
U00432,F001,Inception,Science-Fiction,3261,2024-07-30 09:56:31
U00182,F008,Joker,Drame,2235,2024-07-30 11:57:13
U01773,F012,Squid Game,Thriller,2896,2024-07-30 12:00:14
U01628,F005,Intouchables,Comédie dramatique,207,2024-07-30 12:07:26
U00222,F014,The Crown,Drame,3190,2024-07-30 14:59:20
U01297,F006,La La Land,Romance,6365,2024-07-30 15:56:31
U00538,F009,The Office,Comédie,739,2024-07-30 16:22:27
U01727,F013,Stranger Things,Fantastique,1053,2024-07-30 17:58:17
U00189,F005,Intouchables,Comédie dramatique,1075,2024-07-30 18:36:21
U01205,F004,Interstellar,Science-Fiction,1528,2024-07-30 19:47:52
U01340,F004,Interstellar,Science-Fiction,6317,2024-07-30 19:54:02
U01756,F003,Parasite,Thriller,6268,2024-07-30 21:11:52
U00012,F004,Interstellar,Science-Fiction,4303,2024-07-30 21:15:20
U00155,F013,Stranger Things,Fantastique,1745,2024-07-30 21:16:12
U01976,F001,Inception,Science-Fiction,4327,2024-07-30 22:11:21
U01309,F007,Avengers Endgame,Action,10085,2024-07-30 22:31:55
U01093,F005,Intouchables,Comédie dramatique,4656,2024-07-30 22:42:44
U00594,F011,Dark,Science-Fiction,474,2024-07-30 22:59:37
U00467,F001,Inception,Science-Fiction,49,2024-07-31 01:19:54
U01804,F010,Breaking Bad,Thriller,1392,2024-07-31 02:03:41
U00782,F003,Parasite,Thriller,911,2024-07-31 02:32:12
U01958,F014,The Crown,Drame,2836,2024-07-31 04:05:12
U01944,F005,Intouchables,Comédie dramatique,5515,2024-07-31 04:10:23
U01685,F011,Dark,Science-Fiction,2253,2024-07-31 04:22:53
U01747,F009,The Office,Comédie,702,2024-07-31 05:48:19
U00396,F010,Breaking Bad,Thriller,1503,2024-07-31 06:29:08
U00530,F015,Notre-Dame en Flammes,Documentaire,4496,2024-07-31 06:30:42
U01901,F009,The Office,Comédie,66,2024-07-31 06:51:01
U01790,F005,Intouchables,Comédie dramatique,5449,2024-07-31 08:23:58
U01311,F004,Interstellar,Science-Fiction,8033,2024-07-31 08:31:51
U00012,F011,Dark,Science-Fiction,602,2024-07-31 09:49:53
U01641,F001,Inception,Science-Fiction,6879,2024-07-31 11:43:47
U01628,F010,Breaking Bad,Thriller,2358,2024-07-31 15:39:51
U00692,F010,Breaking Bad,Thriller,1991,2024-07-31 16:07:08
U00630,F001,Inception,Science-Fiction,7539,2024-07-31 16:46:57
U00961,F014,The Crown,Drame,1443,2024-07-31 19:02:04
U00821,F008,Joker,Drame,1298,2024-07-31 19:15:18
U01219,F015,Notre-Dame en Flammes,Documentaire,863,2024-08-01 00:22:15
U01189,F002,Le Seigneur des Anneaux,Fantasy,7816,2024-08-01 02:23:57
U01604,F003,Parasite,Thriller,7648,2024-08-01 03:52:43
U00917,F001,Inception,Science-Fiction,8132,2024-08-01 04:15:26
U01577,F001,Inception,Science-Fiction,8038,2024-08-01 07:34:52
U00882,F005,Intouchables,Comédie dramatique,4192,2024-08-01 07:58:32
U00002,F003,Parasite,Thriller,1146,2024-08-01 08:55:14
U00291,F004,Interstellar,Science-Fiction,3241,2024-08-01 11:31:42
U00569,F002,Le Seigneur des Anneaux,Fantasy,5949,2024-08-01 12:57:37
U00016,F013,Stranger Things,Fantastique,1194,2024-08-01 13:03:31
U01459,F008,Joker,Drame,3686,2024-08-01 13:42:04
U00875,F013,Stranger Things,Fantastique,669,2024-08-01 14:02:58
U01045,F011,Dark,Science-Fiction,1149,2024-08-01 14:39:40
U01327,F003,Parasite,Thriller,5886,2024-08-01 15:25:39
U00824,F002,Le Seigneur des Anneaux,Fantasy,3696,2024-08-01 16:52:03
U01455,F008,Joker,Drame,6049,2024-08-01 18:23:27
U01213,F012,Squid Game,Thriller,579,2024-08-01 18:50:02
U01477,F002,Le Seigneur des Anneaux,Fantasy,244,2024-08-01 18:59:29
U00905,F002,Le Seigneur des Anneaux,Fantasy,59,2024-08-01 19:22:17
U00895,F003,Parasite,Thriller,2553,2024-08-01 19:58:27
U00211,F011,Dark,Science-Fiction,1601,2024-08-01 20:13:30
U01640,F001,Inception,Science-Fiction,7915,2024-08-01 20:24:59
U00672,F004,Interstellar,Science-Fiction,157,2024-08-01 20:35:35
U00547,F014,The Crown,Drame,1885,2024-08-01 22:04:09
U00336,F005,Intouchables,Comédie dramatique,6334,2024-08-01 23:54:59
U01986,F011,Dark,Science-Fiction,2599,2024-08-02 00:00:44
U01827,F013,Stranger Things,Fantastique,1288,2024-08-02 03:45:23
U00914,F013,Stranger Things,Fantastique,1057,2024-08-02 04:37:17
U00053,F012,Squid Game,Thriller,3221,2024-08-02 04:42:46
U00830,F011,Dark,Science-Fiction,375,2024-08-02 05:13:43
U00239,F008,Joker,Drame,2567,2024-08-02 05:19:38
U00194,F015,Notre-Dame en Flammes,Documentaire,3271,2024-08-02 05:50:53
U01600,F003,Parasite,Thriller,1196,2024-08-02 06:39:02
U00305,F007,Avengers Endgame,Action,3023,2024-08-02 08:14:35
U01931,F013,Stranger Things,Fantastique,2076,2024-08-02 08:33:48
U01413,F010,Breaking Bad,Thriller,844,2024-08-02 08:47:09
U01522,F008,Joker,Drame,5404,2024-08-02 09:32:51
U01238,F010,Breaking Bad,Thriller,790,2024-08-02 09:45:07
U01969,F008,Joker,Drame,4315,2024-08-02 11:54:54
U01405,F007,Avengers Endgame,Action,3013,2024-08-02 11:59:11
U00667,F013,Stranger Things,Fantastique,826,2024-08-02 13:09:36
U01551,F013,Stranger Things,Fantastique,652,2024-08-02 13:23:58
U00230,F013,Stranger Things,Fantastique,44,2024-08-02 13:54:16
U00662,F014,The Crown,Drame,197,2024-08-02 14:22:24
U01857,F013,Stranger Things,Fantastique,1752,2024-08-02 16:57:19
U00679,F012,Squid Game,Thriller,640,2024-08-02 18:00:18
U00610,F005,Intouchables,Comédie dramatique,3952,2024-08-02 18:07:10
U01387,F004,Interstellar,Science-Fiction,5524,2024-08-02 19:01:12
U00482,F007,Avengers Endgame,Action,211,2024-08-02 19:44:18
U01658,F007,Avengers Endgame,Action,846,2024-08-02 20:27:01
U01268,F005,Intouchables,Comédie dramatique,31,2024-08-02 20:37:28
U01463,F001,Inception,Science-Fiction,191,2024-08-02 20:43:00
U01597,F002,Le Seigneur des Anneaux,Fantasy,8515,2024-08-02 20:56:11
U00369,F003,Parasite,Thriller,299,2024-08-02 21:21:54
U00971,F004,Interstellar,Science-Fiction,5758,2024-08-02 21:25:48
U00287,F004,Interstellar,Science-Fiction,6922,2024-08-02 22:01:49
U00632,F012,Squid Game,Thriller,2983,2024-08-02 22:27:24
U01392,F012,Squid Game,Thriller,2477,2024-08-02 22:33:10
U01028,F013,Stranger Things,Fantastique,2059,2024-08-02 23:09:16
U01494,F009,The Office,Comédie,671,2024-08-02 23:13:09
U00799,F005,Intouchables,Comédie dramatique,171,2024-08-02 23:24:42
U01937,F011,Dark,Science-Fiction,946,2024-08-03 00:04:23
U01843,F015,Notre-Dame en Flammes,Documentaire,4434,2024-08-03 01:06:26
U00055,F012,Squid Game,Thriller,2494,2024-08-03 02:11:39
U00561,F007,Avengers Endgame,Action,4248,2024-08-03 02:37:59
U01391,F007,Avengers Endgame,Action,275,2024-08-03 03:14:14
U00285,F003,Parasite,Thriller,1778,2024-08-03 03:51:14
U01259,F001,Inception,Science-Fiction,261,2024-08-03 04:24:34
U01762,F006,La La Land,Romance,4788,2024-08-03 04:39:30
U01953,F007,Avengers Endgame,Action,9618,2024-08-03 05:04:14
U01173,F003,Parasite,Thriller,4092,2024-08-03 08:03:20
U01686,F013,Stranger Things,Fantastique,477,2024-08-03 10:38:40
U00736,F012,Squid Game,Thriller,2825,2024-08-03 11:03:52
U01068,F004,Interstellar,Science-Fiction,7474,2024-08-03 14:37:35
U00998,F002,Le Seigneur des Anneaux,Fantasy,1552,2024-08-03 15:11:58
U01386,F007,Avengers Endgame,Action,9526,2024-08-03 15:28:00
U00501,F001,Inception,Science-Fiction,8871,2024-08-03 20:17:58
U00009,F013,Stranger Things,Fantastique,2286,2024-08-03 20:20:39
U00357,F001,Inception,Science-Fiction,4004,2024-08-03 21:51:52
U01133,F010,Breaking Bad,Thriller,2168,2024-08-03 22:05:22
U01663,F012,Squid Game,Thriller,2694,2024-08-03 23:41:59
U00875,F010,Breaking Bad,Thriller,2276,2024-08-04 00:58:09
U00741,F013,Stranger Things,Fantastique,2101,2024-08-04 01:45:49
U00672,F007,Avengers Endgame,Action,7595,2024-08-04 04:34:54
U00684,F003,Parasite,Thriller,7295,2024-08-04 05:14:54
U01339,F001,Inception,Science-Fiction,593,2024-08-04 08:50:14
U00949,F013,Stranger Things,Fantastique,2293,2024-08-04 10:17:20
U01639,F007,Avengers Endgame,Action,427,2024-08-04 11:59:26
U01114,F010,Breaking Bad,Thriller,680,2024-08-04 13:12:53
U00504,F007,Avengers Endgame,Action,621,2024-08-04 14:08:58
U01810,F002,Le Seigneur des Anneaux,Fantasy,4092,2024-08-04 14:11:11
U01693,F011,Dark,Science-Fiction,309,2024-08-04 14:14:15
U01400,F003,Parasite,Thriller,4971,2024-08-04 15:16:42
U00164,F007,Avengers Endgame,Action,8416,2024-08-04 17:07:20
U01163,F007,Avengers Endgame,Action,8015,2024-08-04 17:20:15
U00395,F015,Notre-Dame en Flammes,Documentaire,67,2024-08-04 20:08:48
U01997,F008,Joker,Drame,682,2024-08-04 20:54:33
U00992,F004,Interstellar,Science-Fiction,3756,2024-08-04 22:46:21
U00010,F004,Interstellar,Science-Fiction,1172,2024-08-04 22:48:56
U00927,F007,Avengers Endgame,Action,10906,2024-08-04 23:18:03
U00265,F005,Intouchables,Comédie dramatique,5409,2024-08-04 23:40:51
U00990,F013,Stranger Things,Fantastique,1428,2024-08-04 23:45:57
U00272,F010,Breaking Bad,Thriller,893,2024-08-05 01:30:28
U00160,F005,Intouchables,Comédie dramatique,5769,2024-08-05 01:57:48
U00926,F008,Joker,Drame,33,2024-08-05 03:29:34
U00010,F007,Avengers Endgame,Action,2830,2024-08-05 04:29:55
U01071,F012,Squid Game,Thriller,3203,2024-08-05 05:04:29
U00462,F005,Intouchables,Comédie dramatique,5072,2024-08-05 06:05:48
U01015,F012,Squid Game,Thriller,54,2024-08-05 06:17:38
U01716,F003,Parasite,Thriller,2017,2024-08-05 08:23:32
U00526,F014,The Crown,Drame,1690,2024-08-05 09:11:38
U01980,F004,Interstellar,Science-Fiction,5821,2024-08-05 09:12:54
U00458,F012,Squid Game,Thriller,1867,2024-08-05 10:57:31
U01836,F003,Parasite,Thriller,4992,2024-08-05 12:47:51
U01848,F013,Stranger Things,Fantastique,2107,2024-08-05 13:16:50
U00293,F013,Stranger Things,Fantastique,2278,2024-08-05 13:25:56
U00968,F001,Inception,Science-Fiction,295,2024-08-05 15:00:17
U01324,F005,Intouchables,Comédie dramatique,4359,2024-08-05 15:52:41
U00459,F001,Inception,Science-Fiction,2801,2024-08-05 16:05:04
U00746,F011,Dark,Science-Fiction,1047,2024-08-05 18:17:15
U00751,F003,Parasite,Thriller,4234,2024-08-05 18:38:43
U00814,F012,Squid Game,Thriller,2140,2024-08-05 22:19:57
U00015,F010,Breaking Bad,Thriller,245,2024-08-05 23:20:41
U00243,F007,Avengers Endgame,Action,6756,2024-08-06 03:05:18
U00951,F004,Interstellar,Science-Fiction,7865,2024-08-06 06:36:16
U01469,F001,Inception,Science-Fiction,1480,2024-08-06 06:40:43
U00441,F013,Stranger Things,Fantastique,1564,2024-08-06 08:37:04
U01669,F001,Inception,Science-Fiction,5513,2024-08-06 12:57:36
U00337,F002,Le Seigneur des Anneaux,Fantasy,10297,2024-08-06 13:24:13
U01525,F005,Intouchables,Comédie dramatique,3981,2024-08-06 14:26:59
U01030,F010,Breaking Bad,Thriller,2657,2024-08-06 15:48:37
U01178,F004,Interstellar,Science-Fiction,3389,2024-08-06 17:06:42
U00148,F001,Inception,Science-Fiction,2274,2024-08-06 18:58:06
U00544,F003,Parasite,Thriller,81,2024-08-06 21:42:36
U00552,F001,Inception,Science-Fiction,4807,2024-08-06 22:25:52
U00974,F002,Le Seigneur des Anneaux,Fantasy,8389,2024-08-06 22:42:42
U00313,F003,Parasite,Thriller,768,2024-08-07 00:34:38
U00166,F010,Breaking Bad,Thriller,96,2024-08-07 01:07:32
U00199,F003,Parasite,Thriller,497,2024-08-07 02:05:06
U01179,F005,Intouchables,Comédie dramatique,3568,2024-08-07 06:43:22
U01047,F001,Inception,Science-Fiction,5907,2024-08-07 06:55:35
U00302,F007,Avengers Endgame,Action,8236,2024-08-07 09:41:12
U01118,F001,Inception,Science-Fiction,5286,2024-08-07 10:35:55
U00078,F008,Joker,Drame,1415,2024-08-07 10:36:47
U00697,F001,Inception,Science-Fiction,4790,2024-08-07 10:45:47
U01352,F010,Breaking Bad,Thriller,2584,2024-08-07 11:29:19
U00409,F008,Joker,Drame,6274,2024-08-07 12:11:30
U00765,F012,Squid Game,Thriller,2406,2024-08-07 13:14:09
U01957,F001,Inception,Science-Fiction,6279,2024-08-07 13:55:55
U00405,F001,Inception,Science-Fiction,274,2024-08-07 14:36:07
U00989,F004,Interstellar,Science-Fiction,7130,2024-08-07 14:47:01
U01263,F009,The Office,Comédie,816,2024-08-07 15:19:36
U00487,F013,Stranger Things,Fantastique,55,2024-08-07 16:56:05
U01053,F002,Le Seigneur des Anneaux,Fantasy,4939,2024-08-07 17:45:18
U00351,F001,Inception,Science-Fiction,7153,2024-08-07 18:09:57
U01182,F009,The Office,Comédie,1143,2024-08-07 18:12:00
U00467,F004,Interstellar,Science-Fiction,6851,2024-08-07 19:38:29
U01239,F002,Le Seigneur des Anneaux,Fantasy,10647,2024-08-07 20:08:37
U00700,F007,Avengers Endgame,Action,6165,2024-08-07 21:15:59
U00877,F015,Notre-Dame en Flammes,Documentaire,617,2024-08-07 21:36:46
U00696,F005,Intouchables,Comédie dramatique,886,2024-08-07 22:29:42
U00006,F012,Squid Game,Thriller,693,2024-08-07 22:50:38
U00192,F001,Inception,Science-Fiction,7558,2024-08-07 22:57:58
U01090,F007,Avengers Endgame,Action,597,2024-08-07 23:10:52
U01185,F001,Inception,Science-Fiction,851,2024-08-07 23:29:39
U00909,F012,Squid Game,Thriller,1548,2024-08-07 23:57:38
U00624,F005,Intouchables,Comédie dramatique,144,2024-08-08 00:50:53
U00702,F001,Inception,Science-Fiction,7137,2024-08-08 00:51:42
U00507,F001,Inception,Science-Fiction,127,2024-08-08 01:45:09
U00428,F015,Notre-Dame en Flammes,Documentaire,3324,2024-08-08 03:53:56
U01276,F001,Inception,Science-Fiction,1936,2024-08-08 06:08:48
U00404,F004,Interstellar,Science-Fiction,6496,2024-08-08 06:10:13
U01667,F010,Breaking Bad,Thriller,1191,2024-08-08 06:47:29
U00601,F003,Parasite,Thriller,7226,2024-08-08 09:21:43
U00628,F008,Joker,Drame,1220,2024-08-08 09:58:34
U01595,F010,Breaking Bad,Thriller,347,2024-08-08 10:12:18
U00323,F005,Intouchables,Comédie dramatique,6541,2024-08-08 10:21:19
U00356,F001,Inception,Science-Fiction,7609,2024-08-08 10:32:39
U01872,F008,Joker,Drame,5250,2024-08-08 10:53:39
U00884,F004,Interstellar,Science-Fiction,6891,2024-08-08 10:57:22
U00741,F012,Squid Game,Thriller,286,2024-08-08 11:18:57
U01467,F015,Notre-Dame en Flammes,Documentaire,3951,2024-08-08 11:57:39
U01296,F003,Parasite,Thriller,5113,2024-08-08 12:57:02
U01155,F008,Joker,Drame,4665,2024-08-08 14:24:33
U01417,F015,Notre-Dame en Flammes,Documentaire,2092,2024-08-08 15:26:16
U01119,F008,Joker,Drame,49,2024-08-08 15:32:16
U01609,F001,Inception,Science-Fiction,199,2024-08-08 15:55:22
U01152,F015,Notre-Dame en Flammes,Documentaire,3846,2024-08-08 16:33:36
U01998,F010,Breaking Bad,Thriller,80,2024-08-08 17:35:39
U01660,F011,Dark,Science-Fiction,187,2024-08-08 18:15:17
U00782,F012,Squid Game,Thriller,75,2024-08-08 19:42:39
U01945,F012,Squid Game,Thriller,1401,2024-08-08 20:46:24
U01691,F013,Stranger Things,Fantastique,2512,2024-08-09 00:06:02
U01777,F006,La La Land,Romance,411,2024-08-09 01:30:19
U01111,F008,Joker,Drame,5038,2024-08-09 02:32:00
U01240,F003,Parasite,Thriller,4901,2024-08-09 02:39:15
U00449,F007,Avengers Endgame,Action,1793,2024-08-09 02:54:09
U01812,F004,Interstellar,Science-Fiction,6934,2024-08-09 03:08:13
U00917,F013,Stranger Things,Fantastique,2269,2024-08-09 03:29:20
U00835,F012,Squid Game,Thriller,1877,2024-08-09 03:55:58
U01095,F005,Intouchables,Comédie dramatique,1646,2024-08-09 04:15:52
U01243,F008,Joker,Drame,3824,2024-08-09 05:41:19
U00333,F003,Parasite,Thriller,1477,2024-08-09 06:17:00
U00708,F012,Squid Game,Thriller,1326,2024-08-09 07:00:38
U00940,F005,Intouchables,Comédie dramatique,166,2024-08-09 07:37:52
U01611,F012,Squid Game,Thriller,2191,2024-08-09 07:56:06
U01809,F010,Breaking Bad,Thriller,1797,2024-08-09 08:38:54
U01968,F007,Avengers Endgame,Action,10470,2024-08-09 09:10:47
U00383,F001,Inception,Science-Fiction,8306,2024-08-09 10:02:15
U00503,F008,Joker,Drame,5134,2024-08-09 10:58:23
U00254,F009,The Office,Comédie,57,2024-08-09 11:03:46
U01249,F008,Joker,Drame,6265,2024-08-09 14:14:05
U01640,F012,Squid Game,Thriller,1721,2024-08-09 14:44:27
U00800,F003,Parasite,Thriller,76,2024-08-09 15:00:42
U01285,F001,Inception,Science-Fiction,7624,2024-08-09 15:20:32
U01896,F003,Parasite,Thriller,7114,2024-08-09 15:36:58
U00887,F007,Avengers Endgame,Action,2492,2024-08-09 17:12:50
U01782,F005,Intouchables,Comédie dramatique,201,2024-08-09 17:29:22
U00120,F011,Dark,Science-Fiction,1445,2024-08-09 17:52:34
U01738,F001,Inception,Science-Fiction,6919,2024-08-09 18:07:17
U00029,F008,Joker,Drame,5546,2024-08-09 18:17:29
U00331,F012,Squid Game,Thriller,340,2024-08-09 18:30:47
U00201,F005,Intouchables,Comédie dramatique,3087,2024-08-09 19:31:30
U00481,F004,Interstellar,Science-Fiction,4029,2024-08-09 20:12:00
U01916,F010,Breaking Bad,Thriller,245,2024-08-09 21:31:29
U00811,F003,Parasite,Thriller,1844,2024-08-09 21:33:28
U01630,F001,Inception,Science-Fiction,3768,2024-08-09 21:42:38
U00992,F015,Notre-Dame en Flammes,Documentaire,3922,2024-08-09 22:02:57
U00077,F002,Le Seigneur des Anneaux,Fantasy,7250,2024-08-09 22:17:03
U00104,F004,Interstellar,Science-Fiction,77,2024-08-10 00:09:22
U01243,F015,Notre-Dame en Flammes,Documentaire,3049,2024-08-10 00:11:49
U01426,F002,Le Seigneur des Anneaux,Fantasy,10478,2024-08-10 00:40:10
U00057,F008,Joker,Drame,4132,2024-08-10 01:30:17
U00837,F006,La La Land,Romance,5573,2024-08-10 02:13:24
U00848,F005,Intouchables,Comédie dramatique,154,2024-08-10 03:03:27
U00569,F009,The Office,Comédie,685,2024-08-10 03:22:40
U01405,F013,Stranger Things,Fantastique,2804,2024-08-10 03:24:03
U00399,F013,Stranger Things,Fantastique,2735,2024-08-10 05:59:21
U01377,F004,Interstellar,Science-Fiction,9763,2024-08-10 06:03:37
U00107,F007,Avengers Endgame,Action,4154,2024-08-10 07:02:29
U01927,F003,Parasite,Thriller,7743,2024-08-10 08:58:02
U00127,F012,Squid Game,Thriller,2064,2024-08-10 09:57:59
U01583,F011,Dark,Science-Fiction,1581,2024-08-10 10:04:54
U01792,F007,Avengers Endgame,Action,32,2024-08-10 10:07:27
U00345,F004,Interstellar,Science-Fiction,7260,2024-08-10 10:16:57
U01517,F008,Joker,Drame,775,2024-08-10 11:14:47
U01354,F004,Interstellar,Science-Fiction,8022,2024-08-10 11:56:19
U01941,F004,Interstellar,Science-Fiction,4861,2024-08-10 14:40:44
U01057,F002,Le Seigneur des Anneaux,Fantasy,4709,2024-08-10 14:56:00
U01895,F010,Breaking Bad,Thriller,2628,2024-08-10 16:20:27
U01707,F006,La La Land,Romance,823,2024-08-10 17:16:54
U00529,F002,Le Seigneur des Anneaux,Fantasy,9433,2024-08-10 20:16:51
U00984,F004,Interstellar,Science-Fiction,7981,2024-08-10 21:13:49
U00922,F014,The Crown,Drame,457,2024-08-10 21:20:19
U01149,F004,Interstellar,Science-Fiction,5502,2024-08-10 21:35:12
U01209,F015,Notre-Dame en Flammes,Documentaire,2093,2024-08-10 22:56:48
U01874,F002,Le Seigneur des Anneaux,Fantasy,8370,2024-08-11 00:14:31
U00477,F010,Breaking Bad,Thriller,122,2024-08-11 00:24:44
U00800,F004,Interstellar,Science-Fiction,8095,2024-08-11 04:02:07
U00788,F011,Dark,Science-Fiction,2074,2024-08-11 05:01:20
U01635,F004,Interstellar,Science-Fiction,7205,2024-08-11 05:40:06
U00458,F012,Squid Game,Thriller,812,2024-08-11 06:06:38
U01242,F014,The Crown,Drame,1127,2024-08-11 06:31:08
U01686,F012,Squid Game,Thriller,2338,2024-08-11 07:03:15
U00467,F001,Inception,Science-Fiction,1681,2024-08-11 08:12:11
U01542,F004,Interstellar,Science-Fiction,9333,2024-08-11 09:31:34
U00335,F010,Breaking Bad,Thriller,797,2024-08-11 10:25:44
U01785,F002,Le Seigneur des Anneaux,Fantasy,4677,2024-08-11 10:42:19
U01573,F006,La La Land,Romance,850,2024-08-11 12:21:35
U01857,F010,Breaking Bad,Thriller,1731,2024-08-11 13:06:23
U01240,F010,Breaking Bad,Thriller,1797,2024-08-11 13:09:45
U01558,F005,Intouchables,Comédie dramatique,220,2024-08-11 14:04:02
U00141,F009,The Office,Comédie,568,2024-08-11 14:24:49
U00565,F011,Dark,Science-Fiction,1431,2024-08-11 15:59:47
U00523,F004,Interstellar,Science-Fiction,8394,2024-08-11 17:26:00
U01704,F002,Le Seigneur des Anneaux,Fantasy,277,2024-08-11 17:55:26
U01105,F002,Le Seigneur des Anneaux,Fantasy,10017,2024-08-11 18:40:54
U00835,F003,Parasite,Thriller,3408,2024-08-11 18:44:28
U00916,F011,Dark,Science-Fiction,226,2024-08-11 18:50:12
U01948,F001,Inception,Science-Fiction,6647,2024-08-11 19:00:40
U00635,F007,Avengers Endgame,Action,6882,2024-08-11 19:17:35
U00010,F007,Avengers Endgame,Action,1681,2024-08-11 19:18:31
U01573,F004,Interstellar,Science-Fiction,6386,2024-08-11 20:32:35
U00351,F008,Joker,Drame,4778,2024-08-11 20:33:58
U01075,F002,Le Seigneur des Anneaux,Fantasy,371,2024-08-11 20:42:46
U01104,F001,Inception,Science-Fiction,7197,2024-08-11 20:47:21
U00212,F012,Squid Game,Thriller,1347,2024-08-11 21:54:42
U00382,F013,Stranger Things,Fantastique,708,2024-08-11 22:28:06
U00836,F001,Inception,Science-Fiction,6678,2024-08-11 23:08:50
U00608,F004,Interstellar,Science-Fiction,6779,2024-08-11 23:30:56
U00886,F012,Squid Game,Thriller,327,2024-08-11 23:47:57
U00101,F005,Intouchables,Comédie dramatique,6575,2024-08-12 00:24:01
U01805,F001,Inception,Science-Fiction,5968,2024-08-12 00:34:09
U00123,F002,Le Seigneur des Anneaux,Fantasy,1667,2024-08-12 00:46:06
U00754,F002,Le Seigneur des Anneaux,Fantasy,3414,2024-08-12 01:15:16
U01455,F012,Squid Game,Thriller,2943,2024-08-12 01:24:44
U01704,F008,Joker,Drame,6977,2024-08-12 03:36:40
U01715,F007,Avengers Endgame,Action,9385,2024-08-12 04:58:33
U01796,F008,Joker,Drame,7123,2024-08-12 05:09:53
U00551,F003,Parasite,Thriller,4048,2024-08-12 07:47:14
U01223,F007,Avengers Endgame,Action,10198,2024-08-12 07:56:34
U01548,F005,Intouchables,Comédie dramatique,358,2024-08-12 09:42:19
U01586,F013,Stranger Things,Fantastique,2788,2024-08-12 10:07:35
U00916,F009,The Office,Comédie,906,2024-08-12 10:16:33
U00388,F001,Inception,Science-Fiction,4498,2024-08-12 11:13:50
U01059,F012,Squid Game,Thriller,3107,2024-08-12 12:02:26
U00416,F010,Breaking Bad,Thriller,2456,2024-08-12 12:07:53
U01628,F008,Joker,Drame,4506,2024-08-12 12:28:56
U01608,F007,Avengers Endgame,Action,272,2024-08-12 12:39:55
U01139,F007,Avengers Endgame,Action,6035,2024-08-12 15:02:18
U00757,F004,Interstellar,Science-Fiction,6917,2024-08-12 16:02:00
U01984,F007,Avengers Endgame,Action,7617,2024-08-12 17:14:09
U01598,F013,Stranger Things,Fantastique,538,2024-08-12 17:28:36
U01593,F012,Squid Game,Thriller,1871,2024-08-12 17:43:57
U01103,F007,Avengers Endgame,Action,9544,2024-08-12 18:14:16
U01421,F007,Avengers Endgame,Action,9468,2024-08-12 18:37:01
U00039,F012,Squid Game,Thriller,2841,2024-08-12 19:44:47
U00386,F005,Intouchables,Comédie dramatique,89,2024-08-12 22:17:15
U01821,F007,Avengers Endgame,Action,217,2024-08-12 23:16:37
U00862,F007,Avengers Endgame,Action,1124,2024-08-12 23:30:57
U01843,F002,Le Seigneur des Anneaux,Fantasy,1489,2024-08-13 00:06:22
U01784,F008,Joker,Drame,2129,2024-08-13 02:00:07
U00517,F002,Le Seigneur des Anneaux,Fantasy,5529,2024-08-13 02:41:00
U00186,F002,Le Seigneur des Anneaux,Fantasy,7612,2024-08-13 03:40:27
U00079,F003,Parasite,Thriller,5763,2024-08-13 04:58:23
U01932,F015,Notre-Dame en Flammes,Documentaire,134,2024-08-13 05:42:44
U01396,F004,Interstellar,Science-Fiction,5106,2024-08-13 05:58:15
U01904,F010,Breaking Bad,Thriller,2123,2024-08-13 06:02:38
U01029,F012,Squid Game,Thriller,1527,2024-08-13 07:01:21
U00628,F011,Dark,Science-Fiction,2367,2024-08-13 07:38:04
U01548,F002,Le Seigneur des Anneaux,Fantasy,7327,2024-08-13 08:59:49
U00716,F007,Avengers Endgame,Action,7880,2024-08-13 09:31:20
U00760,F002,Le Seigneur des Anneaux,Fantasy,5676,2024-08-13 10:31:48
U01441,F005,Intouchables,Comédie dramatique,4136,2024-08-13 10:32:17
U00530,F003,Parasite,Thriller,6245,2024-08-13 10:49:21
U00123,F007,Avengers Endgame,Action,5313,2024-08-13 10:55:37
U01707,F011,Dark,Science-Fiction,1029,2024-08-13 11:24:24
U00774,F001,Inception,Science-Fiction,7037,2024-08-13 11:35:12
U00466,F012,Squid Game,Thriller,3258,2024-08-13 11:50:56
U00526,F005,Intouchables,Comédie dramatique,1693,2024-08-13 11:53:07
U01702,F013,Stranger Things,Fantastique,1547,2024-08-13 12:37:56
U01835,F005,Intouchables,Comédie dramatique,3707,2024-08-13 13:10:28
U01096,F005,Intouchables,Comédie dramatique,3586,2024-08-13 14:39:29
U01542,F010,Breaking Bad,Thriller,1829,2024-08-13 14:39:39
U00683,F010,Breaking Bad,Thriller,1242,2024-08-13 15:37:37
U00246,F005,Intouchables,Comédie dramatique,472,2024-08-13 16:01:49
U00990,F010,Breaking Bad,Thriller,849,2024-08-13 17:03:09
U01647,F005,Intouchables,Comédie dramatique,1541,2024-08-13 17:18:09
U01178,F009,The Office,Comédie,574,2024-08-13 19:26:02
U01194,F007,Avengers Endgame,Action,960,2024-08-13 20:44:54
U00517,F012,Squid Game,Thriller,883,2024-08-13 21:14:01
U00579,F001,Inception,Science-Fiction,7788,2024-08-13 21:18:15
U01112,F007,Avengers Endgame,Action,4090,2024-08-13 22:17:38
U01103,F008,Joker,Drame,6672,2024-08-13 22:29:08
U00671,F008,Joker,Drame,694,2024-08-13 23:05:44
U00612,F005,Intouchables,Comédie dramatique,4011,2024-08-14 01:00:31
U00902,F007,Avengers Endgame,Action,2915,2024-08-14 03:53:07
U01377,F010,Breaking Bad,Thriller,2005,2024-08-14 04:49:49
U00522,F005,Intouchables,Comédie dramatique,3782,2024-08-14 05:30:47
U01371,F012,Squid Game,Thriller,2719,2024-08-14 06:34:10
U00450,F012,Squid Game,Thriller,3277,2024-08-14 06:39:20
U00376,F004,Interstellar,Science-Fiction,6841,2024-08-14 08:18:44
U00483,F008,Joker,Drame,5324,2024-08-14 09:03:01
U01015,F002,Le Seigneur des Anneaux,Fantasy,6140,2024-08-14 09:38:38
U00532,F013,Stranger Things,Fantastique,372,2024-08-14 10:10:29
U01558,F012,Squid Game,Thriller,2620,2024-08-14 11:26:04
U00702,F010,Breaking Bad,Thriller,1946,2024-08-14 12:46:24
U00169,F002,Le Seigneur des Anneaux,Fantasy,5479,2024-08-14 13:07:57
U00602,F011,Dark,Science-Fiction,368,2024-08-14 16:30:29
U00454,F003,Parasite,Thriller,1762,2024-08-14 16:37:55
U00997,F010,Breaking Bad,Thriller,268,2024-08-14 16:56:22
U00006,F007,Avengers Endgame,Action,8637,2024-08-14 18:02:46
U00142,F003,Parasite,Thriller,4009,2024-08-14 18:10:21
U00857,F010,Breaking Bad,Thriller,2642,2024-08-14 18:19:57
U01358,F007,Avengers Endgame,Action,9005,2024-08-14 19:16:17
U00474,F005,Intouchables,Comédie dramatique,449,2024-08-14 19:35:06
U00128,F003,Parasite,Thriller,3453,2024-08-14 20:00:52
U01290,F012,Squid Game,Thriller,2690,2024-08-14 20:02:27
U01435,F012,Squid Game,Thriller,2537,2024-08-14 21:31:50
U00029,F013,Stranger Things,Fantastique,1172,2024-08-14 23:38:24
U01430,F004,Interstellar,Science-Fiction,7741,2024-08-14 23:52:18
U00534,F008,Joker,Drame,3746,2024-08-15 00:16:23
U01540,F002,Le Seigneur des Anneaux,Fantasy,4949,2024-08-15 00:27:41
U00851,F011,Dark,Science-Fiction,1842,2024-08-15 01:22:23
U01297,F006,La La Land,Romance,171,2024-08-15 01:46:11
U01410,F015,Notre-Dame en Flammes,Documentaire,2106,2024-08-15 03:34:52
U01826,F004,Interstellar,Science-Fiction,8379,2024-08-15 04:23:43
U00807,F006,La La Land,Romance,210,2024-08-15 05:58:01
U01501,F006,La La Land,Romance,3797,2024-08-15 06:14:33
U00303,F007,Avengers Endgame,Action,3764,2024-08-15 06:28:11
U01689,F010,Breaking Bad,Thriller,876,2024-08-15 06:29:34
U00555,F002,Le Seigneur des Anneaux,Fantasy,8879,2024-08-15 06:41:26
U00586,F004,Interstellar,Science-Fiction,6925,2024-08-15 09:35:33
U01476,F007,Avengers Endgame,Action,2387,2024-08-15 09:53:17
U00862,F011,Dark,Science-Fiction,833,2024-08-15 09:54:52
U01045,F011,Dark,Science-Fiction,166,2024-08-15 09:56:04
U01776,F002,Le Seigneur des Anneaux,Fantasy,1186,2024-08-15 10:00:33
U01274,F004,Interstellar,Science-Fiction,4535,2024-08-15 10:23:05
U01721,F012,Squid Game,Thriller,3039,2024-08-15 10:28:11
U00027,F001,Inception,Science-Fiction,6428,2024-08-15 11:54:13
U00661,F002,Le Seigneur des Anneaux,Fantasy,10558,2024-08-15 12:25:46
U01847,F007,Avengers Endgame,Action,6261,2024-08-15 13:30:49
U01417,F004,Interstellar,Science-Fiction,8025,2024-08-15 14:39:33
U01597,F005,Intouchables,Comédie dramatique,5020,2024-08-15 14:39:47
U01511,F013,Stranger Things,Fantastique,1726,2024-08-15 14:59:33
U00374,F004,Interstellar,Science-Fiction,2948,2024-08-15 15:31:56
U00781,F007,Avengers Endgame,Action,463,2024-08-15 15:33:01
U01566,F006,La La Land,Romance,4923,2024-08-15 15:42:31
U01944,F008,Joker,Drame,100,2024-08-15 17:06:58
U00703,F004,Interstellar,Science-Fiction,9130,2024-08-15 18:00:58
U01514,F005,Intouchables,Comédie dramatique,60,2024-08-15 18:15:02
U00363,F006,La La Land,Romance,63,2024-08-15 18:25:52
U00130,F001,Inception,Science-Fiction,87,2024-08-15 18:33:25
U00474,F005,Intouchables,Comédie dramatique,408,2024-08-15 19:06:29
U00367,F010,Breaking Bad,Thriller,1917,2024-08-15 20:18:51
U01376,F007,Avengers Endgame,Action,9688,2024-08-15 20:32:52
U00343,F013,Stranger Things,Fantastique,1958,2024-08-15 22:01:04
U01002,F008,Joker,Drame,2243,2024-08-15 22:07:13
U00469,F014,The Crown,Drame,2978,2024-08-16 00:22:56
U01844,F002,Le Seigneur des Anneaux,Fantasy,1576,2024-08-16 00:29:55
U01131,F004,Interstellar,Science-Fiction,9426,2024-08-16 00:44:13
U00539,F007,Avengers Endgame,Action,297,2024-08-16 02:11:30
U01538,F004,Interstellar,Science-Fiction,5120,2024-08-16 02:47:39
U00445,F013,Stranger Things,Fantastique,1323,2024-08-16 03:17:45
U00014,F015,Notre-Dame en Flammes,Documentaire,213,2024-08-16 03:24:33
U01676,F010,Breaking Bad,Thriller,935,2024-08-16 03:49:18
U01253,F004,Interstellar,Science-Fiction,8663,2024-08-16 07:45:25
U01199,F003,Parasite,Thriller,4985,2024-08-16 08:11:57
U01847,F006,La La Land,Romance,270,2024-08-16 08:27:24
U01260,F007,Avengers Endgame,Action,8788,2024-08-16 09:44:44
U01305,F006,La La Land,Romance,4322,2024-08-16 11:25:00
U00248,F004,Interstellar,Science-Fiction,40,2024-08-16 11:26:04
U00426,F009,The Office,Comédie,618,2024-08-16 11:55:04
U00365,F001,Inception,Science-Fiction,6152,2024-08-16 13:50:09
U00929,F013,Stranger Things,Fantastique,1969,2024-08-16 14:59:30
U00284,F003,Parasite,Thriller,3848,2024-08-16 15:05:47
U00253,F003,Parasite,Thriller,5215,2024-08-16 16:15:57
U01650,F004,Interstellar,Science-Fiction,6477,2024-08-16 17:26:31
U01227,F013,Stranger Things,Fantastique,1510,2024-08-16 20:27:45
U00027,F001,Inception,Science-Fiction,49,2024-08-16 20:58:50
U00445,F001,Inception,Science-Fiction,93,2024-08-16 23:13:37
U00220,F011,Dark,Science-Fiction,502,2024-08-17 00:20:47
U01437,F014,The Crown,Drame,3197,2024-08-17 00:48:14
U01588,F010,Breaking Bad,Thriller,1658,2024-08-17 01:24:43
U01194,F003,Parasite,Thriller,101,2024-08-17 05:21:15
U01100,F003,Parasite,Thriller,2670,2024-08-17 05:34:20
U01309,F003,Parasite,Thriller,267,2024-08-17 06:09:16
U01240,F007,Avengers Endgame,Action,8782,2024-08-17 10:04:16
U01690,F007,Avengers Endgame,Action,3613,2024-08-17 10:22:36
U01274,F010,Breaking Bad,Thriller,1495,2024-08-17 10:31:38
U00558,F007,Avengers Endgame,Action,120,2024-08-17 10:56:36
U01604,F007,Avengers Endgame,Action,10355,2024-08-17 12:37:58
U00319,F007,Avengers Endgame,Action,5264,2024-08-17 13:02:03
U00772,F010,Breaking Bad,Thriller,1883,2024-08-17 13:28:32
U00540,F007,Avengers Endgame,Action,8682,2024-08-17 15:31:06
U00961,F007,Avengers Endgame,Action,2550,2024-08-17 16:25:54
U01459,F004,Interstellar,Science-Fiction,3057,2024-08-17 16:58:28
U00922,F004,Interstellar,Science-Fiction,5942,2024-08-17 17:05:55
U01727,F008,Joker,Drame,5783,2024-08-17 19:25:28
U00329,F004,Interstellar,Science-Fiction,1011,2024-08-17 20:46:46
U00236,F005,Intouchables,Comédie dramatique,4434,2024-08-17 20:53:58
U00776,F007,Avengers Endgame,Action,6346,2024-08-17 20:55:57
U00860,F010,Breaking Bad,Thriller,2321,2024-08-17 22:19:50
U01446,F004,Interstellar,Science-Fiction,3780,2024-08-17 23:08:45
U00060,F010,Breaking Bad,Thriller,2270,2024-08-17 23:44:00
U01130,F008,Joker,Drame,5763,2024-08-18 00:43:49
U00026,F004,Interstellar,Science-Fiction,1127,2024-08-18 01:57:28
U01281,F001,Inception,Science-Fiction,496,2024-08-18 02:47:13
U00895,F010,Breaking Bad,Thriller,2439,2024-08-18 03:31:55
U01055,F002,Le Seigneur des Anneaux,Fantasy,8983,2024-08-18 04:25:35
U01638,F004,Interstellar,Science-Fiction,6112,2024-08-18 07:10:17
U00892,F007,Avengers Endgame,Action,3968,2024-08-18 07:57:39
U00801,F012,Squid Game,Thriller,847,2024-08-18 10:36:38
U01149,F002,Le Seigneur des Anneaux,Fantasy,9352,2024-08-18 10:58:39
U01257,F006,La La Land,Romance,95,2024-08-18 11:09:35
U00305,F005,Intouchables,Comédie dramatique,3635,2024-08-18 11:26:16
U01680,F013,Stranger Things,Fantastique,33,2024-08-18 12:19:03
U01541,F001,Inception,Science-Fiction,8179,2024-08-18 12:31:03
U01652,F005,Intouchables,Comédie dramatique,2194,2024-08-18 13:37:03
U01980,F012,Squid Game,Thriller,1625,2024-08-18 14:21:40
U00641,F005,Intouchables,Comédie dramatique,5702,2024-08-18 14:40:16
U00516,F013,Stranger Things,Fantastique,2455,2024-08-18 14:40:36
U01052,F007,Avengers Endgame,Action,9866,2024-08-18 15:31:10
U01935,F007,Avengers Endgame,Action,3840,2024-08-18 17:36:33
U00244,F004,Interstellar,Science-Fiction,2450,2024-08-18 18:40:35
U01833,F008,Joker,Drame,218,2024-08-18 19:37:50
U01613,F007,Avengers Endgame,Action,2555,2024-08-18 20:28:18
U00869,F013,Stranger Things,Fantastique,2158,2024-08-18 21:24:09
U01759,F005,Intouchables,Comédie dramatique,3195,2024-08-19 00:55:19
U01982,F009,The Office,Comédie,792,2024-08-19 02:11:10
U00292,F001,Inception,Science-Fiction,2819,2024-08-19 02:12:44
U01591,F003,Parasite,Thriller,2436,2024-08-19 02:51:08
U01692,F013,Stranger Things,Fantastique,1635,2024-08-19 03:57:24
U00328,F001,Inception,Science-Fiction,123,2024-08-19 04:34:31
U00274,F012,Squid Game,Thriller,2794,2024-08-19 06:01:04
U00068,F004,Interstellar,Science-Fiction,104,2024-08-19 06:52:23
U01394,F006,La La Land,Romance,225,2024-08-19 10:04:57
U00821,F003,Parasite,Thriller,6802,2024-08-19 10:50:38
U01082,F010,Breaking Bad,Thriller,1179,2024-08-19 12:36:59
U01650,F013,Stranger Things,Fantastique,2605,2024-08-19 13:00:44
U00514,F013,Stranger Things,Fantastique,2264,2024-08-19 13:33:29
U00490,F013,Stranger Things,Fantastique,1517,2024-08-19 13:39:27
U01578,F006,La La Land,Romance,273,2024-08-19 14:37:59
U01222,F008,Joker,Drame,7565,2024-08-19 15:32:41
U00344,F010,Breaking Bad,Thriller,1228,2024-08-19 16:05:38
U01532,F010,Breaking Bad,Thriller,1403,2024-08-19 17:11:03
U00333,F009,The Office,Comédie,508,2024-08-19 17:22:28
U00355,F013,Stranger Things,Fantastique,1113,2024-08-19 17:39:46
U00158,F006,La La Land,Romance,4180,2024-08-19 18:49:53
U01454,F013,Stranger Things,Fantastique,195,2024-08-19 19:19:40
U00212,F001,Inception,Science-Fiction,1062,2024-08-19 19:44:24
U00580,F012,Squid Game,Thriller,2519,2024-08-19 19:52:24
U01261,F005,Intouchables,Comédie dramatique,5170,2024-08-19 20:27:25
U00978,F004,Interstellar,Science-Fiction,7289,2024-08-19 20:28:41
U00516,F004,Interstellar,Science-Fiction,8417,2024-08-19 21:01:49
U00677,F005,Intouchables,Comédie dramatique,987,2024-08-19 21:32:34
U01595,F006,La La Land,Romance,7240,2024-08-19 22:16:34
U00755,F005,Intouchables,Comédie dramatique,4166,2024-08-19 22:28:06
U01985,F001,Inception,Science-Fiction,3905,2024-08-19 22:42:00
U01195,F005,Intouchables,Comédie dramatique,283,2024-08-20 01:16:42
U01758,F012,Squid Game,Thriller,2655,2024-08-20 03:09:58
U00768,F007,Avengers Endgame,Action,1042,2024-08-20 03:18:59
U00423,F001,Inception,Science-Fiction,8097,2024-08-20 03:45:32
U01699,F010,Breaking Bad,Thriller,577,2024-08-20 03:55:31
U00580,F005,Intouchables,Comédie dramatique,6140,2024-08-20 04:42:00
U01465,F006,La La Land,Romance,2139,2024-08-20 05:08:50
U00323,F012,Squid Game,Thriller,2397,2024-08-20 06:42:14
U00912,F003,Parasite,Thriller,4245,2024-08-20 08:10:47
U01881,F007,Avengers Endgame,Action,2051,2024-08-20 09:23:40
U00553,F011,Dark,Science-Fiction,1141,2024-08-20 11:51:04
U00397,F011,Dark,Science-Fiction,493,2024-08-20 12:52:15
U00088,F004,Interstellar,Science-Fiction,6078,2024-08-20 13:09:03
U01719,F004,Interstellar,Science-Fiction,7519,2024-08-20 13:23:27
U00934,F002,Le Seigneur des Anneaux,Fantasy,581,2024-08-20 13:58:08
U01735,F014,The Crown,Drame,3185,2024-08-20 17:23:28
U00189,F001,Inception,Science-Fiction,6216,2024-08-20 18:40:22
U01985,F001,Inception,Science-Fiction,1262,2024-08-20 19:36:25
U00815,F001,Inception,Science-Fiction,2743,2024-08-20 19:42:05
U01984,F004,Interstellar,Science-Fiction,6065,2024-08-20 20:37:52
U01921,F007,Avengers Endgame,Action,8161,2024-08-20 21:36:42
U01399,F004,Interstellar,Science-Fiction,139,2024-08-20 21:37:16
U01009,F001,Inception,Science-Fiction,7339,2024-08-20 21:37:43
U01793,F009,The Office,Comédie,471,2024-08-20 22:20:32
U01456,F004,Interstellar,Science-Fiction,3283,2024-08-20 22:57:52
U00823,F007,Avengers Endgame,Action,9833,2024-08-20 23:37:11
U00782,F006,La La Land,Romance,5544,2024-08-20 23:55:27
U01935,F010,Breaking Bad,Thriller,1601,2024-08-21 00:27:34
U00236,F011,Dark,Science-Fiction,2048,2024-08-21 00:42:43
U01264,F005,Intouchables,Comédie dramatique,770,2024-08-21 00:46:35
U01529,F007,Avengers Endgame,Action,135,2024-08-21 01:10:37
U01462,F003,Parasite,Thriller,665,2024-08-21 01:33:06
U01922,F010,Breaking Bad,Thriller,2129,2024-08-21 02:34:26
U00574,F005,Intouchables,Comédie dramatique,6414,2024-08-21 02:43:31
U00678,F004,Interstellar,Science-Fiction,8153,2024-08-21 03:41:30
U00094,F010,Breaking Bad,Thriller,813,2024-08-21 03:42:20
U00128,F014,The Crown,Drame,2810,2024-08-21 05:01:23
U01807,F007,Avengers Endgame,Action,9467,2024-08-21 10:16:26
U01261,F007,Avengers Endgame,Action,4851,2024-08-21 10:34:18
U00926,F004,Interstellar,Science-Fiction,2678,2024-08-21 10:50:51
U00848,F010,Breaking Bad,Thriller,1859,2024-08-21 14:37:25
U01117,F004,Interstellar,Science-Fiction,761,2024-08-21 15:10:36
U00041,F001,Inception,Science-Fiction,7011,2024-08-21 15:18:57
U01529,F002,Le Seigneur des Anneaux,Fantasy,6312,2024-08-21 15:19:13
U00801,F004,Interstellar,Science-Fiction,2231,2024-08-21 15:33:24
U00233,F005,Intouchables,Comédie dramatique,5685,2024-08-21 15:36:58
U01537,F005,Intouchables,Comédie dramatique,5546,2024-08-21 16:37:40
U00654,F007,Avengers Endgame,Action,3691,2024-08-21 16:39:08
U00963,F001,Inception,Science-Fiction,3660,2024-08-21 20:00:07
U01111,F006,La La Land,Romance,4164,2024-08-21 20:27:44
U00864,F015,Notre-Dame en Flammes,Documentaire,5064,2024-08-21 23:10:48
U01706,F011,Dark,Science-Fiction,1311,2024-08-21 23:24:25
U00298,F008,Joker,Drame,2952,2024-08-22 00:01:52
U01967,F009,The Office,Comédie,200,2024-08-22 01:20:42
U00268,F007,Avengers Endgame,Action,268,2024-08-22 01:21:54
U01180,F013,Stranger Things,Fantastique,244,2024-08-22 01:58:13
U01096,F012,Squid Game,Thriller,2623,2024-08-22 02:11:57
U00379,F010,Breaking Bad,Thriller,2425,2024-08-22 03:29:42
U00199,F003,Parasite,Thriller,5498,2024-08-22 04:13:34
U00900,F010,Breaking Bad,Thriller,2132,2024-08-22 04:14:45
U00399,F004,Interstellar,Science-Fiction,215,2024-08-22 06:08:23
U01484,F007,Avengers Endgame,Action,5556,2024-08-22 07:06:11
U01109,F011,Dark,Science-Fiction,188,2024-08-22 07:26:18
U00245,F009,The Office,Comédie,528,2024-08-22 07:47:45
U01466,F010,Breaking Bad,Thriller,1215,2024-08-22 10:01:44
U00701,F004,Interstellar,Science-Fiction,9159,2024-08-22 10:15:01
U00112,F004,Interstellar,Science-Fiction,1249,2024-08-22 10:17:44
U01268,F003,Parasite,Thriller,4307,2024-08-22 10:55:05
U01513,F004,Interstellar,Science-Fiction,1202,2024-08-22 11:06:33
U00190,F005,Intouchables,Comédie dramatique,1708,2024-08-22 11:08:04
U00228,F002,Le Seigneur des Anneaux,Fantasy,5603,2024-08-22 15:18:21
U01735,F013,Stranger Things,Fantastique,43,2024-08-22 15:41:41
U00384,F001,Inception,Science-Fiction,208,2024-08-22 17:22:17
U01229,F015,Notre-Dame en Flammes,Documentaire,3173,2024-08-22 17:22:36
U00849,F010,Breaking Bad,Thriller,927,2024-08-22 18:19:11
U00487,F009,The Office,Comédie,34,2024-08-22 19:09:32
U00460,F003,Parasite,Thriller,2707,2024-08-22 19:17:30
U01766,F008,Joker,Drame,1130,2024-08-22 19:50:32
U00858,F014,The Crown,Drame,3440,2024-08-22 19:52:18
U00016,F015,Notre-Dame en Flammes,Documentaire,1935,2024-08-22 21:35:51
U01477,F006,La La Land,Romance,1077,2024-08-22 22:05:22
U01195,F001,Inception,Science-Fiction,4197,2024-08-22 22:13:05
U00302,F010,Breaking Bad,Thriller,269,2024-08-22 22:36:16
U01819,F008,Joker,Drame,1365,2024-08-22 23:08:00
U00665,F001,Inception,Science-Fiction,5613,2024-08-23 00:04:12
U01828,F013,Stranger Things,Fantastique,1509,2024-08-23 00:33:39
U01282,F001,Inception,Science-Fiction,2089,2024-08-23 01:17:05
U01175,F003,Parasite,Thriller,36,2024-08-23 03:31:29
U01863,F006,La La Land,Romance,4375,2024-08-23 04:05:40
U00041,F006,La La Land,Romance,3083,2024-08-23 04:22:39
U01367,F005,Intouchables,Comédie dramatique,3433,2024-08-23 05:21:57
U01508,F008,Joker,Drame,3705,2024-08-23 05:27:16
U00956,F011,Dark,Science-Fiction,88,2024-08-23 06:48:46
U00333,F006,La La Land,Romance,5916,2024-08-23 08:41:48
U01308,F011,Dark,Science-Fiction,689,2024-08-23 09:21:44
U00899,F003,Parasite,Thriller,1362,2024-08-23 09:54:56
U01031,F005,Intouchables,Comédie dramatique,3224,2024-08-23 12:18:23
U00984,F007,Avengers Endgame,Action,139,2024-08-23 12:43:25
U01318,F011,Dark,Science-Fiction,2366,2024-08-23 12:50:12
U01735,F011,Dark,Science-Fiction,1066,2024-08-23 13:18:00
U01414,F007,Avengers Endgame,Action,8516,2024-08-23 13:20:11
U01030,F001,Inception,Science-Fiction,6908,2024-08-23 13:36:12
U00744,F013,Stranger Things,Fantastique,2215,2024-08-23 13:41:40
U00018,F012,Squid Game,Thriller,2168,2024-08-23 13:49:29
U00177,F002,Le Seigneur des Anneaux,Fantasy,9437,2024-08-23 14:30:55
U01151,F013,Stranger Things,Fantastique,2504,2024-08-23 15:08:36
U01463,F001,Inception,Science-Fiction,4991,2024-08-23 15:13:53
U01707,F013,Stranger Things,Fantastique,96,2024-08-23 18:07:55
U01502,F002,Le Seigneur des Anneaux,Fantasy,5761,2024-08-23 18:36:03
U00921,F013,Stranger Things,Fantastique,1223,2024-08-23 19:38:00
U01636,F011,Dark,Science-Fiction,1611,2024-08-23 19:40:03
U00326,F005,Intouchables,Comédie dramatique,1191,2024-08-23 20:49:06
U01830,F007,Avengers Endgame,Action,9352,2024-08-23 21:12:20
U00212,F008,Joker,Drame,1463,2024-08-23 22:54:54
U00748,F002,Le Seigneur des Anneaux,Fantasy,232,2024-08-24 00:10:42
U01970,F001,Inception,Science-Fiction,8345,2024-08-24 01:16:16
U01743,F013,Stranger Things,Fantastique,2051,2024-08-24 01:37:41
U01433,F008,Joker,Drame,6281,2024-08-24 02:15:35
U00802,F008,Joker,Drame,3438,2024-08-24 02:50:18
U00111,F012,Squid Game,Thriller,2807,2024-08-24 03:54:57
U00145,F008,Joker,Drame,7453,2024-08-24 03:58:35
U01159,F007,Avengers Endgame,Action,10505,2024-08-24 06:52:17
U00922,F001,Inception,Science-Fiction,6462,2024-08-24 07:14:42
U00461,F004,Interstellar,Science-Fiction,2579,2024-08-24 08:56:50
U01724,F011,Dark,Science-Fiction,2128,2024-08-24 09:42:06
U01851,F013,Stranger Things,Fantastique,2204,2024-08-24 10:13:40
U01749,F011,Dark,Science-Fiction,823,2024-08-24 10:53:43
U00674,F010,Breaking Bad,Thriller,1091,2024-08-24 11:10:48
U00636,F004,Interstellar,Science-Fiction,4805,2024-08-24 11:40:25
U01373,F004,Interstellar,Science-Fiction,5474,2024-08-24 13:30:44
U01674,F004,Interstellar,Science-Fiction,4705,2024-08-24 14:07:11
U00147,F007,Avengers Endgame,Action,9873,2024-08-24 14:10:50
U00774,F002,Le Seigneur des Anneaux,Fantasy,4439,2024-08-24 15:57:56
U01139,F015,Notre-Dame en Flammes,Documentaire,2354,2024-08-24 16:08:53
U00057,F001,Inception,Science-Fiction,144,2024-08-24 19:39:02
U01052,F012,Squid Game,Thriller,269,2024-08-24 21:54:19
U01092,F004,Interstellar,Science-Fiction,2465,2024-08-24 22:19:33
U00565,F004,Interstellar,Science-Fiction,8704,2024-08-24 22:29:59
U00903,F001,Inception,Science-Fiction,6083,2024-08-25 00:25:33
U01387,F002,Le Seigneur des Anneaux,Fantasy,5409,2024-08-25 00:35:15
U00419,F004,Interstellar,Science-Fiction,3314,2024-08-25 04:06:06
U01251,F012,Squid Game,Thriller,975,2024-08-25 05:14:59
U00090,F002,Le Seigneur des Anneaux,Fantasy,570,2024-08-25 07:45:50
U01604,F012,Squid Game,Thriller,2678,2024-08-25 07:52:08
U00942,F005,Intouchables,Comédie dramatique,3753,2024-08-25 07:54:49
U00689,F001,Inception,Science-Fiction,4325,2024-08-25 07:57:46
U00012,F007,Avengers Endgame,Action,4594,2024-08-25 08:15:03
U00682,F004,Interstellar,Science-Fiction,4380,2024-08-25 08:54:59
U01736,F002,Le Seigneur des Anneaux,Fantasy,6036,2024-08-25 08:55:08
U01466,F010,Breaking Bad,Thriller,1985,2024-08-25 09:10:23
U01972,F006,La La Land,Romance,2507,2024-08-25 09:38:26
U00325,F004,Interstellar,Science-Fiction,3814,2024-08-25 12:46:28
U01741,F007,Avengers Endgame,Action,8207,2024-08-25 13:40:53
U00744,F001,Inception,Science-Fiction,8631,2024-08-25 16:55:46
U00254,F006,La La Land,Romance,5556,2024-08-25 18:16:10
U00501,F001,Inception,Science-Fiction,4014,2024-08-25 19:01:11
U01741,F012,Squid Game,Thriller,566,2024-08-25 19:03:24
U00085,F008,Joker,Drame,7226,2024-08-25 19:40:41
U01088,F005,Intouchables,Comédie dramatique,5778,2024-08-25 20:34:34
U00762,F012,Squid Game,Thriller,1054,2024-08-25 21:12:50
U00910,F003,Parasite,Thriller,3327,2024-08-25 21:46:28
U00921,F013,Stranger Things,Fantastique,1304,2024-08-25 21:55:30
U00558,F005,Intouchables,Comédie dramatique,1649,2024-08-25 22:01:41
U00597,F008,Joker,Drame,7217,2024-08-25 23:07:20
U00432,F005,Intouchables,Comédie dramatique,215,2024-08-25 23:30:20
U01260,F006,La La Land,Romance,2711,2024-08-26 00:24:11
U01401,F008,Joker,Drame,5089,2024-08-26 01:56:19
U01345,F007,Avengers Endgame,Action,2888,2024-08-26 04:07:11
U01667,F007,Avengers Endgame,Action,8526,2024-08-26 04:08:38
U01772,F004,Interstellar,Science-Fiction,9450,2024-08-26 05:12:48
U00273,F013,Stranger Things,Fantastique,180,2024-08-26 05:29:20
U00453,F012,Squid Game,Thriller,2794,2024-08-26 05:34:00
U01302,F012,Squid Game,Thriller,263,2024-08-26 07:15:06
U01587,F010,Breaking Bad,Thriller,2130,2024-08-26 07:45:39
U01476,F003,Parasite,Thriller,1139,2024-08-26 10:52:21
U01261,F007,Avengers Endgame,Action,938,2024-08-26 11:07:13
U01708,F005,Intouchables,Comédie dramatique,6260,2024-08-26 11:55:15
U01655,F007,Avengers Endgame,Action,3567,2024-08-26 11:59:57
U00911,F007,Avengers Endgame,Action,9633,2024-08-26 13:15:17
U00433,F007,Avengers Endgame,Action,786,2024-08-26 13:35:18
U00080,F015,Notre-Dame en Flammes,Documentaire,50,2024-08-26 14:16:53
U00629,F014,The Crown,Drame,1920,2024-08-26 15:19:33
U01450,F008,Joker,Drame,3629,2024-08-26 15:44:33
U00584,F009,The Office,Comédie,148,2024-08-26 15:46:18
U00241,F008,Joker,Drame,5315,2024-08-26 16:43:27
U01100,F001,Inception,Science-Fiction,6268,2024-08-26 17:38:38
U00479,F011,Dark,Science-Fiction,383,2024-08-26 18:16:27
U00720,F007,Avengers Endgame,Action,8348,2024-08-26 18:49:52
U00019,F008,Joker,Drame,7087,2024-08-26 19:04:06
U00502,F007,Avengers Endgame,Action,6428,2024-08-26 19:38:40
U01075,F012,Squid Game,Thriller,2961,2024-08-26 19:46:27
U00988,F005,Intouchables,Comédie dramatique,959,2024-08-26 20:28:02
U01189,F001,Inception,Science-Fiction,1589,2024-08-26 21:02:08
U00009,F007,Avengers Endgame,Action,2631,2024-08-27 00:39:25
U01112,F004,Interstellar,Science-Fiction,5206,2024-08-27 01:18:58
U01626,F003,Parasite,Thriller,1541,2024-08-27 01:38:06
U00824,F001,Inception,Science-Fiction,8580,2024-08-27 01:49:58
U00747,F003,Parasite,Thriller,5797,2024-08-27 02:37:08
U01438,F005,Intouchables,Comédie dramatique,5562,2024-08-27 05:58:29
U01345,F012,Squid Game,Thriller,1008,2024-08-27 07:23:48
U01651,F014,The Crown,Drame,1409,2024-08-27 08:18:03
U01204,F010,Breaking Bad,Thriller,40,2024-08-27 08:47:09
U00843,F013,Stranger Things,Fantastique,810,2024-08-27 09:07:23
U01969,F004,Interstellar,Science-Fiction,5450,2024-08-27 09:55:13
U00056,F009,The Office,Comédie,463,2024-08-27 10:13:24
U01627,F010,Breaking Bad,Thriller,282,2024-08-27 10:29:07
U00867,F002,Le Seigneur des Anneaux,Fantasy,6631,2024-08-27 12:52:53
U00746,F004,Interstellar,Science-Fiction,3038,2024-08-27 13:10:22
U00515,F010,Breaking Bad,Thriller,246,2024-08-27 13:26:02
U00746,F001,Inception,Science-Fiction,288,2024-08-27 13:52:50
U00055,F015,Notre-Dame en Flammes,Documentaire,2960,2024-08-27 14:12:23
U01683,F008,Joker,Drame,2995,2024-08-27 16:20:03
U01240,F006,La La Land,Romance,3126,2024-08-27 17:03:44
U01203,F002,Le Seigneur des Anneaux,Fantasy,4050,2024-08-27 18:14:14
U01389,F007,Avengers Endgame,Action,3590,2024-08-27 19:43:19
U01143,F007,Avengers Endgame,Action,2061,2024-08-27 20:02:15
U01010,F014,The Crown,Drame,3207,2024-08-27 21:22:27
U01393,F012,Squid Game,Thriller,3070,2024-08-27 23:24:25
U01884,F001,Inception,Science-Fiction,2967,2024-08-28 03:54:28
U01527,F012,Squid Game,Thriller,2626,2024-08-28 04:27:53
U00229,F010,Breaking Bad,Thriller,335,2024-08-28 05:38:29
U00424,F003,Parasite,Thriller,7385,2024-08-28 05:44:27
U01393,F008,Joker,Drame,3462,2024-08-28 05:55:04
U01164,F003,Parasite,Thriller,3570,2024-08-28 06:32:01
U00483,F003,Parasite,Thriller,4351,2024-08-28 08:45:40
U00089,F008,Joker,Drame,1606,2024-08-28 09:12:54
U01062,F007,Avengers Endgame,Action,8614,2024-08-28 09:41:21
U00918,F007,Avengers Endgame,Action,98,2024-08-28 10:14:20
U00575,F011,Dark,Science-Fiction,1749,2024-08-28 10:37:30
U00787,F007,Avengers Endgame,Action,5380,2024-08-28 11:38:49
U00238,F011,Dark,Science-Fiction,638,2024-08-28 11:47:21
U01508,F013,Stranger Things,Fantastique,2049,2024-08-28 11:51:28
U01263,F001,Inception,Science-Fiction,45,2024-08-28 12:04:39
U00923,F004,Interstellar,Science-Fiction,56,2024-08-28 12:06:22
U01929,F013,Stranger Things,Fantastique,381,2024-08-28 13:03:14
U01486,F004,Interstellar,Science-Fiction,494,2024-08-28 13:12:02
U01029,F007,Avengers Endgame,Action,6864,2024-08-28 13:13:06
U00263,F009,The Office,Comédie,445,2024-08-28 14:18:20
U01157,F001,Inception,Science-Fiction,179,2024-08-28 16:07:38
U00931,F001,Inception,Science-Fiction,1606,2024-08-28 16:32:05
U01881,F001,Inception,Science-Fiction,128,2024-08-28 16:46:34
U00422,F010,Breaking Bad,Thriller,864,2024-08-28 18:00:12
U01738,F003,Parasite,Thriller,4420,2024-08-28 18:50:41
U00583,F004,Interstellar,Science-Fiction,8033,2024-08-28 20:53:22
U01170,F013,Stranger Things,Fantastique,2827,2024-08-28 21:21:52
U01402,F003,Parasite,Thriller,2313,2024-08-28 22:55:29
U00458,F008,Joker,Drame,3678,2024-08-29 00:54:02
U01748,F004,Interstellar,Science-Fiction,4596,2024-08-29 01:56:54
U01429,F002,Le Seigneur des Anneaux,Fantasy,8039,2024-08-29 04:55:45
U01803,F012,Squid Game,Thriller,805,2024-08-29 06:47:41
U00064,F014,The Crown,Drame,341,2024-08-29 07:16:05
U01862,F008,Joker,Drame,248,2024-08-29 09:34:30
U01041,F001,Inception,Science-Fiction,6207,2024-08-29 10:39:52
U01174,F007,Avengers Endgame,Action,6912,2024-08-29 11:52:47
U01336,F005,Intouchables,Comédie dramatique,4564,2024-08-29 12:40:50
U00652,F007,Avengers Endgame,Action,137,2024-08-29 13:28:02
U00524,F012,Squid Game,Thriller,3296,2024-08-29 14:22:55
U01678,F003,Parasite,Thriller,7539,2024-08-29 17:10:47
U00609,F001,Inception,Science-Fiction,5875,2024-08-29 18:00:56
U00515,F001,Inception,Science-Fiction,4542,2024-08-29 19:52:44
U01088,F002,Le Seigneur des Anneaux,Fantasy,281,2024-08-29 20:04:00
U00891,F015,Notre-Dame en Flammes,Documentaire,2991,2024-08-29 20:26:40
U00749,F015,Notre-Dame en Flammes,Documentaire,110,2024-08-29 21:47:50
U01095,F011,Dark,Science-Fiction,694,2024-08-29 23:15:29
U01161,F004,Interstellar,Science-Fiction,113,2024-08-29 23:19:22
U00036,F004,Interstellar,Science-Fiction,6872,2024-08-30 00:06:06
U00625,F002,Le Seigneur des Anneaux,Fantasy,3922,2024-08-30 00:28:43
U01247,F012,Squid Game,Thriller,1477,2024-08-30 01:03:23
U00872,F010,Breaking Bad,Thriller,2606,2024-08-30 02:53:05
U00917,F011,Dark,Science-Fiction,1037,2024-08-30 03:10:07
U01415,F011,Dark,Science-Fiction,2647,2024-08-30 03:17:50
U01392,F004,Interstellar,Science-Fiction,3935,2024-08-30 03:44:26
U01529,F003,Parasite,Thriller,1030,2024-08-30 04:22:12
U00198,F003,Parasite,Thriller,2653,2024-08-30 04:34:31
U00008,F008,Joker,Drame,5720,2024-08-30 07:21:21
U00346,F011,Dark,Science-Fiction,839,2024-08-30 08:42:35
U01647,F006,La La Land,Romance,287,2024-08-30 10:23:31
U00828,F007,Avengers Endgame,Action,4759,2024-08-30 11:27:14
U01778,F004,Interstellar,Science-Fiction,5431,2024-08-30 11:56:41
U00296,F003,Parasite,Thriller,2144,2024-08-30 14:22:54
U01382,F007,Avengers Endgame,Action,8976,2024-08-30 16:29:08
U00068,F007,Avengers Endgame,Action,7426,2024-08-30 16:29:39
U01236,F005,Intouchables,Comédie dramatique,200,2024-08-30 16:52:11
U01950,F004,Interstellar,Science-Fiction,1772,2024-08-30 17:21:35
U01461,F012,Squid Game,Thriller,1568,2024-08-30 17:22:15
U00769,F010,Breaking Bad,Thriller,1430,2024-08-30 17:34:47
U00008,F006,La La Land,Romance,3011,2024-08-30 18:16:11
U01561,F003,Parasite,Thriller,7525,2024-08-30 20:13:12
U00206,F001,Inception,Science-Fiction,232,2024-08-30 20:40:10
U00385,F007,Avengers Endgame,Action,9543,2024-08-30 21:13:55
U01380,F002,Le Seigneur des Anneaux,Fantasy,8883,2024-08-30 21:18:25
U00753,F012,Squid Game,Thriller,238,2024-08-30 21:50:34
U00966,F007,Avengers Endgame,Action,6225,2024-08-31 00:23:12
U00847,F004,Interstellar,Science-Fiction,119,2024-08-31 02:40:44
U00512,F003,Parasite,Thriller,557,2024-08-31 02:41:36
U01127,F003,Parasite,Thriller,5948,2024-08-31 06:16:07
U01762,F003,Parasite,Thriller,6589,2024-08-31 06:38:23
U01821,F007,Avengers Endgame,Action,5867,2024-08-31 07:01:27
U00391,F013,Stranger Things,Fantastique,2813,2024-08-31 07:56:48
U00464,F012,Squid Game,Thriller,2457,2024-08-31 08:14:34
U01441,F006,La La Land,Romance,5327,2024-08-31 10:18:05
U01243,F002,Le Seigneur des Anneaux,Fantasy,5398,2024-08-31 11:14:34
U01027,F011,Dark,Science-Fiction,312,2024-08-31 13:46:08
U00369,F010,Breaking Bad,Thriller,1530,2024-08-31 13:50:59
U00845,F003,Parasite,Thriller,5596,2024-08-31 14:26:28
U00534,F009,The Office,Comédie,373,2024-08-31 16:08:46
U01134,F004,Interstellar,Science-Fiction,4457,2024-08-31 16:28:21
U00397,F001,Inception,Science-Fiction,4491,2024-08-31 16:49:40
U01257,F007,Avengers Endgame,Action,6958,2024-08-31 16:54:14
U01522,F003,Parasite,Thriller,6626,2024-08-31 16:57:12
U00439,F014,The Crown,Drame,3566,2024-08-31 18:10:42
U01688,F004,Interstellar,Science-Fiction,9331,2024-08-31 18:28:13
U00862,F013,Stranger Things,Fantastique,209,2024-08-31 18:41:09
U00941,F007,Avengers Endgame,Action,800,2024-08-31 18:55:36
U00562,F002,Le Seigneur des Anneaux,Fantasy,7255,2024-08-31 19:12:56
U00821,F007,Avengers Endgame,Action,2956,2024-08-31 19:22:56
U00426,F003,Parasite,Thriller,4326,2024-08-31 21:25:21
U01613,F013,Stranger Things,Fantastique,1977,2024-08-31 22:02:06
U01332,F002,Le Seigneur des Anneaux,Fantasy,2045,2024-08-31 22:07:48
U01400,F004,Interstellar,Science-Fiction,7628,2024-08-31 22:07:48
U01163,F006,La La Land,Romance,2051,2024-08-31 22:26:05
U01821,F013,Stranger Things,Fantastique,801,2024-08-31 22:35:33
U01260,F010,Breaking Bad,Thriller,1402,2024-08-31 23:05:12
U01681,F008,Joker,Drame,4229,2024-08-31 23:51:36
U00668,F003,Parasite,Thriller,2082,2024-08-31 23:56:36
U01941,F007,Avengers Endgame,Action,115,2024-08-31 23:58:52
U00679,F004,Interstellar,Science-Fiction,176,2024-09-01 04:00:33
U00718,F008,Joker,Drame,5222,2024-09-01 05:02:36
U01100,F012,Squid Game,Thriller,1260,2024-09-01 05:58:50
U01092,F007,Avengers Endgame,Action,7521,2024-09-01 07:50:10
U01256,F010,Breaking Bad,Thriller,1778,2024-09-01 08:51:16
U01406,F010,Breaking Bad,Thriller,2429,2024-09-01 11:55:14
U01807,F011,Dark,Science-Fiction,1627,2024-09-01 12:38:57
U00947,F003,Parasite,Thriller,6085,2024-09-01 15:13:18
U01495,F007,Avengers Endgame,Action,3634,2024-09-01 17:19:55
U00605,F009,The Office,Comédie,439,2024-09-01 17:33:31
U00552,F003,Parasite,Thriller,5522,2024-09-01 18:01:15
U00467,F013,Stranger Things,Fantastique,1223,2024-09-01 18:03:02
U00898,F003,Parasite,Thriller,5320,2024-09-01 19:25:25
U00835,F013,Stranger Things,Fantastique,217,2024-09-01 20:28:49
U01533,F013,Stranger Things,Fantastique,2645,2024-09-01 21:42:12
U00675,F003,Parasite,Thriller,38,2024-09-01 21:49:13
U01513,F013,Stranger Things,Fantastique,2277,2024-09-01 23:46:49
U01194,F008,Joker,Drame,5697,2024-09-02 01:22:24
U00431,F012,Squid Game,Thriller,1198,2024-09-02 04:38:01
U00067,F009,The Office,Comédie,740,2024-09-02 04:55:33
U00444,F006,La La Land,Romance,187,2024-09-02 06:05:12
U01414,F011,Dark,Science-Fiction,1365,2024-09-02 06:23:06
U00947,F012,Squid Game,Thriller,2247,2024-09-02 07:14:23
U00740,F007,Avengers Endgame,Action,9162,2024-09-02 07:18:32
U01816,F009,The Office,Comédie,341,2024-09-02 07:45:46
U00726,F007,Avengers Endgame,Action,9656,2024-09-02 08:02:32
U00322,F002,Le Seigneur des Anneaux,Fantasy,2981,2024-09-02 09:08:30
U01983,F001,Inception,Science-Fiction,138,2024-09-02 09:11:58
U01509,F013,Stranger Things,Fantastique,227,2024-09-02 09:33:02
U01558,F007,Avengers Endgame,Action,9521,2024-09-02 10:21:11
U01396,F001,Inception,Science-Fiction,44,2024-09-02 10:59:29
U01177,F001,Inception,Science-Fiction,4959,2024-09-02 11:46:09
U01802,F003,Parasite,Thriller,1693,2024-09-02 11:50:16
U01370,F013,Stranger Things,Fantastique,616,2024-09-02 13:13:02
U00802,F003,Parasite,Thriller,162,2024-09-02 14:27:32
U00010,F001,Inception,Science-Fiction,5431,2024-09-02 15:32:30
U01727,F010,Breaking Bad,Thriller,2483,2024-09-02 16:06:12
U01482,F012,Squid Game,Thriller,2091,2024-09-02 16:12:56
U00431,F007,Avengers Endgame,Action,207,2024-09-02 17:01:54
U00697,F007,Avengers Endgame,Action,10648,2024-09-02 20:02:07
U00823,F003,Parasite,Thriller,2951,2024-09-02 20:03:21
U00294,F007,Avengers Endgame,Action,167,2024-09-02 21:06:16
U01671,F001,Inception,Science-Fiction,228,2024-09-02 22:27:56
U01247,F014,The Crown,Drame,54,2024-09-02 22:41:49
U01165,F003,Parasite,Thriller,6557,2024-09-02 23:16:20
U01536,F011,Dark,Science-Fiction,1554,2024-09-03 00:52:56
U00821,F012,Squid Game,Thriller,2560,2024-09-03 01:33:58
U01766,F004,Interstellar,Science-Fiction,9472,2024-09-03 01:35:40
U01341,F010,Breaking Bad,Thriller,2251,2024-09-03 02:39:57
U00541,F012,Squid Game,Thriller,2277,2024-09-03 03:38:10
U00797,F001,Inception,Science-Fiction,5817,2024-09-03 03:52:19
U00334,F013,Stranger Things,Fantastique,513,2024-09-03 03:57:19
U01670,F008,Joker,Drame,1310,2024-09-03 04:49:59
U00029,F004,Interstellar,Science-Fiction,7533,2024-09-03 05:17:39
U01502,F002,Le Seigneur des Anneaux,Fantasy,260,2024-09-03 05:58:59
U00807,F013,Stranger Things,Fantastique,130,2024-09-03 07:23:04
U01067,F010,Breaking Bad,Thriller,1607,2024-09-03 08:02:23
U00784,F001,Inception,Science-Fiction,8156,2024-09-03 09:37:30
U00372,F003,Parasite,Thriller,6536,2024-09-03 09:45:21
U00086,F010,Breaking Bad,Thriller,72,2024-09-03 10:34:05
U00918,F010,Breaking Bad,Thriller,1980,2024-09-03 12:01:07
U00043,F010,Breaking Bad,Thriller,2104,2024-09-03 13:03:47
U00291,F012,Squid Game,Thriller,2202,2024-09-03 14:02:04
U01871,F011,Dark,Science-Fiction,1300,2024-09-03 14:26:24
U01570,F010,Breaking Bad,Thriller,205,2024-09-03 16:36:17
U01106,F006,La La Land,Romance,7487,2024-09-03 17:13:48
U00659,F011,Dark,Science-Fiction,1108,2024-09-03 17:23:47
U00889,F001,Inception,Science-Fiction,1957,2024-09-03 21:31:31
U00014,F013,Stranger Things,Fantastique,207,2024-09-03 23:24:27
U01317,F009,The Office,Comédie,631,2024-09-04 00:25:47
U00389,F010,Breaking Bad,Thriller,210,2024-09-04 00:59:02
U01544,F013,Stranger Things,Fantastique,2518,2024-09-04 04:07:39
U01637,F003,Parasite,Thriller,4857,2024-09-04 05:42:31
U01565,F014,The Crown,Drame,3146,2024-09-04 06:01:42
U01961,F005,Intouchables,Comédie dramatique,6170,2024-09-04 07:36:05
U01748,F001,Inception,Science-Fiction,86,2024-09-04 08:16:13
U01015,F003,Parasite,Thriller,5383,2024-09-04 08:19:51
U00304,F011,Dark,Science-Fiction,2196,2024-09-04 08:22:20
U00264,F002,Le Seigneur des Anneaux,Fantasy,8332,2024-09-04 08:43:38
U00253,F001,Inception,Science-Fiction,1194,2024-09-04 09:09:13
U00150,F013,Stranger Things,Fantastique,1108,2024-09-04 10:45:32
U00279,F007,Avengers Endgame,Action,8396,2024-09-04 10:53:14
U01727,F005,Intouchables,Comédie dramatique,1349,2024-09-04 13:15:21
U01285,F002,Le Seigneur des Anneaux,Fantasy,7146,2024-09-04 13:57:27
U01858,F007,Avengers Endgame,Action,9878,2024-09-04 14:29:25
U01578,F005,Intouchables,Comédie dramatique,6333,2024-09-04 14:37:35
U01340,F001,Inception,Science-Fiction,3750,2024-09-04 16:00:11
U01704,F004,Interstellar,Science-Fiction,3476,2024-09-04 16:46:54
U00624,F001,Inception,Science-Fiction,7245,2024-09-04 17:30:00
U00680,F001,Inception,Science-Fiction,3616,2024-09-04 17:37:33
U01548,F006,La La Land,Romance,6029,2024-09-04 20:54:29
U00297,F013,Stranger Things,Fantastique,1654,2024-09-04 21:38:51
U00695,F001,Inception,Science-Fiction,4423,2024-09-05 00:18:06
U00423,F010,Breaking Bad,Thriller,1073,2024-09-05 01:25:48
U00519,F004,Interstellar,Science-Fiction,5510,2024-09-05 01:51:57
U01617,F015,Notre-Dame en Flammes,Documentaire,3629,2024-09-05 02:42:57
U00545,F012,Squid Game,Thriller,2502,2024-09-05 03:33:32
U01393,F005,Intouchables,Comédie dramatique,3157,2024-09-05 04:00:50
U01214,F002,Le Seigneur des Anneaux,Fantasy,2243,2024-09-05 04:47:34
U00645,F004,Interstellar,Science-Fiction,5940,2024-09-05 07:35:21
U00201,F010,Breaking Bad,Thriller,1652,2024-09-05 08:17:33
U01354,F009,The Office,Comédie,1165,2024-09-05 11:17:27
U00825,F003,Parasite,Thriller,7334,2024-09-05 11:42:20
U00900,F003,Parasite,Thriller,6626,2024-09-05 12:01:29
U01462,F004,Interstellar,Science-Fiction,133,2024-09-05 12:21:47
U01419,F009,The Office,Comédie,1001,2024-09-05 13:16:00
U00137,F002,Le Seigneur des Anneaux,Fantasy,5561,2024-09-05 13:57:24
U00642,F008,Joker,Drame,6716,2024-09-05 14:33:10
U00981,F010,Breaking Bad,Thriller,1679,2024-09-05 14:36:33
U00226,F010,Breaking Bad,Thriller,974,2024-09-05 14:53:12
U00595,F006,La La Land,Romance,7273,2024-09-05 15:18:24
U01458,F014,The Crown,Drame,119,2024-09-05 15:56:51
U00836,F010,Breaking Bad,Thriller,1812,2024-09-05 17:36:25
U00587,F007,Avengers Endgame,Action,6832,2024-09-05 18:38:39
U01713,F008,Joker,Drame,5885,2024-09-05 18:46:40
U00064,F007,Avengers Endgame,Action,9700,2024-09-05 19:01:43
U00464,F004,Interstellar,Science-Fiction,5043,2024-09-05 19:49:33
U01991,F001,Inception,Science-Fiction,7572,2024-09-05 19:54:38
U01874,F002,Le Seigneur des Anneaux,Fantasy,2772,2024-09-05 20:07:14
U01130,F002,Le Seigneur des Anneaux,Fantasy,3657,2024-09-05 21:39:27
U01204,F011,Dark,Science-Fiction,1705,2024-09-05 21:55:23
U00810,F009,The Office,Comédie,1128,2024-09-05 23:32:41
U01133,F004,Interstellar,Science-Fiction,2298,2024-09-05 23:58:54
U01602,F007,Avengers Endgame,Action,8951,2024-09-06 00:38:23
U01019,F013,Stranger Things,Fantastique,1230,2024-09-06 00:47:53
U01603,F008,Joker,Drame,1321,2024-09-06 02:25:32
U00989,F004,Interstellar,Science-Fiction,9398,2024-09-06 03:20:55
U01288,F002,Le Seigneur des Anneaux,Fantasy,73,2024-09-06 03:46:01
U01805,F004,Interstellar,Science-Fiction,1390,2024-09-06 03:55:23
U01888,F001,Inception,Science-Fiction,2552,2024-09-06 04:50:08
U01009,F001,Inception,Science-Fiction,35,2024-09-06 07:58:14
U01470,F010,Breaking Bad,Thriller,2689,2024-09-06 08:49:34
U01590,F014,The Crown,Drame,2775,2024-09-06 09:40:25
U00895,F015,Notre-Dame en Flammes,Documentaire,100,2024-09-06 10:08:15
U01064,F004,Interstellar,Science-Fiction,8384,2024-09-06 10:36:06
U01733,F007,Avengers Endgame,Action,995,2024-09-06 11:42:14
U00790,F003,Parasite,Thriller,2590,2024-09-06 12:18:17
U00808,F001,Inception,Science-Fiction,4375,2024-09-06 12:26:18
U01014,F002,Le Seigneur des Anneaux,Fantasy,9731,2024-09-06 12:53:19
U01799,F003,Parasite,Thriller,4497,2024-09-06 13:56:12
U00087,F008,Joker,Drame,7060,2024-09-06 14:11:27
U00024,F013,Stranger Things,Fantastique,874,2024-09-06 17:22:24
U00920,F013,Stranger Things,Fantastique,2039,2024-09-06 18:33:05
U00032,F010,Breaking Bad,Thriller,50,2024-09-06 18:36:07
U01202,F008,Joker,Drame,6599,2024-09-06 18:38:06
U01987,F008,Joker,Drame,5994,2024-09-06 19:32:18
U01391,F006,La La Land,Romance,1710,2024-09-06 20:08:25
U01452,F013,Stranger Things,Fantastique,1071,2024-09-06 21:47:30
U01744,F001,Inception,Science-Fiction,7828,2024-09-06 22:07:24
U01902,F007,Avengers Endgame,Action,9744,2024-09-06 22:33:27
U01206,F003,Parasite,Thriller,5137,2024-09-06 22:37:47
U00365,F004,Interstellar,Science-Fiction,5172,2024-09-06 22:58:56
U01742,F001,Inception,Science-Fiction,3250,2024-09-07 01:05:19
U00069,F001,Inception,Science-Fiction,4546,2024-09-07 03:40:59
U01362,F002,Le Seigneur des Anneaux,Fantasy,126,2024-09-07 04:37:58
U01048,F001,Inception,Science-Fiction,6536,2024-09-07 05:39:15
U01077,F007,Avengers Endgame,Action,6809,2024-09-07 05:43:32
U00496,F007,Avengers Endgame,Action,5348,2024-09-07 06:33:48
U01043,F003,Parasite,Thriller,277,2024-09-07 08:13:13
U00649,F009,The Office,Comédie,1279,2024-09-07 08:31:13
U01000,F003,Parasite,Thriller,7189,2024-09-07 08:32:09
U00078,F001,Inception,Science-Fiction,5068,2024-09-07 08:43:37
U00129,F001,Inception,Science-Fiction,8696,2024-09-07 08:46:43
U01539,F013,Stranger Things,Fantastique,2384,2024-09-07 08:48:07
U01835,F007,Avengers Endgame,Action,8223,2024-09-07 09:44:41
U01947,F004,Interstellar,Science-Fiction,8536,2024-09-07 10:23:17
U00362,F002,Le Seigneur des Anneaux,Fantasy,5782,2024-09-07 10:32:19
U00307,F003,Parasite,Thriller,6297,2024-09-07 11:07:51
U00533,F007,Avengers Endgame,Action,5096,2024-09-07 11:55:08
U01557,F010,Breaking Bad,Thriller,212,2024-09-07 12:17:43
U00105,F010,Breaking Bad,Thriller,1367,2024-09-07 12:18:02
U01291,F012,Squid Game,Thriller,2799,2024-09-07 13:19:26
U01634,F007,Avengers Endgame,Action,9445,2024-09-07 13:26:51
U00961,F006,La La Land,Romance,99,2024-09-07 15:34:36
U00036,F004,Interstellar,Science-Fiction,3477,2024-09-07 15:37:40
U00519,F013,Stranger Things,Fantastique,1034,2024-09-07 16:09:42
U00003,F004,Interstellar,Science-Fiction,5500,2024-09-07 16:15:05
U00641,F005,Intouchables,Comédie dramatique,288,2024-09-07 17:29:37
U01070,F008,Joker,Drame,293,2024-09-07 18:36:16
U01701,F006,La La Land,Romance,1918,2024-09-07 20:03:12
U00409,F011,Dark,Science-Fiction,884,2024-09-07 20:12:17
U00948,F008,Joker,Drame,4989,2024-09-07 23:56:40
U01245,F007,Avengers Endgame,Action,708,2024-09-08 00:22:14
U01543,F008,Joker,Drame,75,2024-09-08 03:03:28
U00837,F001,Inception,Science-Fiction,4599,2024-09-08 03:58:57
U00530,F003,Parasite,Thriller,133,2024-09-08 05:30:53
U00265,F010,Breaking Bad,Thriller,1529,2024-09-08 06:17:04
U01575,F004,Interstellar,Science-Fiction,6252,2024-09-08 06:28:32
U01467,F007,Avengers Endgame,Action,10432,2024-09-08 07:18:35
U01383,F007,Avengers Endgame,Action,1620,2024-09-08 08:53:35
U01507,F008,Joker,Drame,4080,2024-09-08 09:00:02
U01035,F012,Squid Game,Thriller,426,2024-09-08 09:33:54
U01642,F004,Interstellar,Science-Fiction,9693,2024-09-08 09:38:47
U01545,F005,Intouchables,Comédie dramatique,6682,2024-09-08 09:43:47
U00747,F003,Parasite,Thriller,2759,2024-09-08 10:42:13
U01092,F006,La La Land,Romance,2372,2024-09-08 11:32:26
U01470,F001,Inception,Science-Fiction,8352,2024-09-08 12:01:04
U00083,F007,Avengers Endgame,Action,7296,2024-09-08 12:10:06
U01724,F013,Stranger Things,Fantastique,540,2024-09-08 13:05:30
U00398,F005,Intouchables,Comédie dramatique,5524,2024-09-08 13:23:53
U01749,F007,Avengers Endgame,Action,2919,2024-09-08 13:41:44
U01215,F012,Squid Game,Thriller,411,2024-09-08 14:12:50
U00026,F007,Avengers Endgame,Action,7968,2024-09-08 15:56:50
U00720,F001,Inception,Science-Fiction,2222,2024-09-08 16:34:11
U01500,F007,Avengers Endgame,Action,1542,2024-09-08 16:53:07
U01642,F001,Inception,Science-Fiction,5097,2024-09-08 18:28:27
U01754,F013,Stranger Things,Fantastique,1962,2024-09-08 18:56:40
U00337,F010,Breaking Bad,Thriller,2532,2024-09-08 19:22:02
U01627,F004,Interstellar,Science-Fiction,1816,2024-09-08 20:19:31
U01723,F001,Inception,Science-Fiction,5144,2024-09-08 20:34:39
U01184,F005,Intouchables,Comédie dramatique,2800,2024-09-08 20:39:52
U00405,F005,Intouchables,Comédie dramatique,6691,2024-09-08 23:02:48
U01647,F008,Joker,Drame,3696,2024-09-08 23:30:51
U01588,F008,Joker,Drame,101,2024-09-09 01:46:59
U01939,F010,Breaking Bad,Thriller,1069,2024-09-09 05:48:00
U00745,F005,Intouchables,Comédie dramatique,5937,2024-09-09 06:59:19
U00849,F011,Dark,Science-Fiction,1417,2024-09-09 07:19:51
U00962,F011,Dark,Science-Fiction,1114,2024-09-09 08:54:59
U01035,F008,Joker,Drame,6742,2024-09-09 09:21:43
U00658,F013,Stranger Things,Fantastique,2099,2024-09-09 10:32:56
U00368,F013,Stranger Things,Fantastique,293,2024-09-09 11:21:02
U00650,F001,Inception,Science-Fiction,1936,2024-09-09 11:59:41
U00452,F004,Interstellar,Science-Fiction,7853,2024-09-09 12:12:22
U00537,F002,Le Seigneur des Anneaux,Fantasy,192,2024-09-09 13:06:09
U00970,F015,Notre-Dame en Flammes,Documentaire,4510,2024-09-09 13:09:41
U00498,F004,Interstellar,Science-Fiction,1880,2024-09-09 13:55:32
U01668,F008,Joker,Drame,82,2024-09-09 14:15:33
U00568,F007,Avengers Endgame,Action,6706,2024-09-09 14:34:28
U01449,F002,Le Seigneur des Anneaux,Fantasy,4574,2024-09-09 14:42:09
U01293,F015,Notre-Dame en Flammes,Documentaire,4678,2024-09-09 14:47:27
U01338,F013,Stranger Things,Fantastique,2417,2024-09-09 15:27:36
U01451,F007,Avengers Endgame,Action,191,2024-09-09 15:38:27
U00346,F010,Breaking Bad,Thriller,601,2024-09-09 16:43:03
U01016,F003,Parasite,Thriller,121,2024-09-09 17:01:43
U01397,F008,Joker,Drame,631,2024-09-09 17:54:06
U00025,F004,Interstellar,Science-Fiction,4667,2024-09-09 19:37:59
U00094,F014,The Crown,Drame,2342,2024-09-09 20:58:16
U00890,F006,La La Land,Romance,3514,2024-09-09 21:40:10
U00962,F001,Inception,Science-Fiction,7262,2024-09-09 23:58:38
U00454,F009,The Office,Comédie,935,2024-09-10 01:14:02
U01063,F012,Squid Game,Thriller,3268,2024-09-10 02:17:25
U00667,F010,Breaking Bad,Thriller,1117,2024-09-10 02:31:40
U01508,F008,Joker,Drame,2869,2024-09-10 04:25:14
U01099,F002,Le Seigneur des Anneaux,Fantasy,8620,2024-09-10 05:06:51
U01605,F007,Avengers Endgame,Action,2196,2024-09-10 05:21:03
U01211,F003,Parasite,Thriller,3951,2024-09-10 05:35:24
U01655,F012,Squid Game,Thriller,1753,2024-09-10 06:25:51
U00078,F001,Inception,Science-Fiction,8334,2024-09-10 07:00:58
U01587,F012,Squid Game,Thriller,2771,2024-09-10 08:24:36
U00288,F004,Interstellar,Science-Fiction,8828,2024-09-10 09:29:28
U01102,F013,Stranger Things,Fantastique,601,2024-09-10 10:14:03
U01640,F004,Interstellar,Science-Fiction,135,2024-09-10 11:03:01
U00189,F003,Parasite,Thriller,5994,2024-09-10 11:41:50
U00065,F010,Breaking Bad,Thriller,925,2024-09-10 12:44:06
U01057,F006,La La Land,Romance,4068,2024-09-10 12:52:53
U00562,F005,Intouchables,Comédie dramatique,6564,2024-09-10 14:41:27
U01875,F012,Squid Game,Thriller,3054,2024-09-10 16:01:20
U01755,F007,Avengers Endgame,Action,1299,2024-09-10 16:16:33
U01194,F007,Avengers Endgame,Action,7614,2024-09-10 16:33:48
U01691,F003,Parasite,Thriller,525,2024-09-10 16:58:54
U00322,F004,Interstellar,Science-Fiction,8771,2024-09-10 18:58:26
U00463,F004,Interstellar,Science-Fiction,5550,2024-09-10 21:15:30
U00534,F007,Avengers Endgame,Action,9327,2024-09-10 22:51:56
U00433,F004,Interstellar,Science-Fiction,226,2024-09-11 00:08:26
U01684,F008,Joker,Drame,5743,2024-09-11 00:34:13
U00197,F002,Le Seigneur des Anneaux,Fantasy,39,2024-09-11 01:33:26
U00465,F010,Breaking Bad,Thriller,206,2024-09-11 03:07:53
U01870,F003,Parasite,Thriller,5334,2024-09-11 03:46:22
U00144,F011,Dark,Science-Fiction,1153,2024-09-11 04:34:46
U01785,F008,Joker,Drame,88,2024-09-11 05:19:19
U00840,F005,Intouchables,Comédie dramatique,1600,2024-09-11 05:49:05
U00595,F010,Breaking Bad,Thriller,983,2024-09-11 06:11:29
U00300,F015,Notre-Dame en Flammes,Documentaire,2017,2024-09-11 06:12:03
U00258,F013,Stranger Things,Fantastique,1958,2024-09-11 06:40:31
U01151,F010,Breaking Bad,Thriller,1023,2024-09-11 08:14:31
U01203,F010,Breaking Bad,Thriller,1149,2024-09-11 08:18:52
U00085,F010,Breaking Bad,Thriller,454,2024-09-11 09:50:37
U00782,F010,Breaking Bad,Thriller,1975,2024-09-11 09:53:45
U00200,F012,Squid Game,Thriller,697,2024-09-11 10:01:23
U00342,F014,The Crown,Drame,1938,2024-09-11 10:59:18
U00558,F011,Dark,Science-Fiction,2123,2024-09-11 11:36:52
U00521,F004,Interstellar,Science-Fiction,224,2024-09-11 11:59:29
U00908,F011,Dark,Science-Fiction,2506,2024-09-11 12:44:03
U01939,F012,Squid Game,Thriller,1462,2024-09-11 13:48:54
U01743,F014,The Crown,Drame,2688,2024-09-11 16:30:09
U00037,F001,Inception,Science-Fiction,117,2024-09-11 16:30:29
U00005,F012,Squid Game,Thriller,3242,2024-09-11 17:00:12
U01652,F001,Inception,Science-Fiction,5270,2024-09-11 17:08:18
U01447,F007,Avengers Endgame,Action,6889,2024-09-11 17:36:37
U00590,F014,The Crown,Drame,256,2024-09-11 18:06:09
U00588,F011,Dark,Science-Fiction,1965,2024-09-11 18:36:56
U01256,F010,Breaking Bad,Thriller,2416,2024-09-11 19:56:14
U00307,F013,Stranger Things,Fantastique,1925,2024-09-11 20:22:09
U00425,F001,Inception,Science-Fiction,7640,2024-09-11 22:29:53
U00721,F001,Inception,Science-Fiction,5707,2024-09-12 01:13:33
U00068,F012,Squid Game,Thriller,151,2024-09-12 01:42:54
U01607,F004,Interstellar,Science-Fiction,4179,2024-09-12 02:17:41
U01547,F012,Squid Game,Thriller,1917,2024-09-12 03:05:34
U01620,F003,Parasite,Thriller,1181,2024-09-12 03:15:38
U00518,F007,Avengers Endgame,Action,2121,2024-09-12 04:13:33
U00705,F013,Stranger Things,Fantastique,366,2024-09-12 04:14:12
U01732,F012,Squid Game,Thriller,2748,2024-09-12 04:55:28
U00559,F001,Inception,Science-Fiction,3694,2024-09-12 05:40:01
U01250,F015,Notre-Dame en Flammes,Documentaire,5160,2024-09-12 06:31:11
U01428,F009,The Office,Comédie,1237,2024-09-12 06:38:53
U00566,F004,Interstellar,Science-Fiction,5327,2024-09-12 07:00:25
U00266,F013,Stranger Things,Fantastique,1786,2024-09-12 07:56:41
U00262,F004,Interstellar,Science-Fiction,6163,2024-09-12 08:55:50
U01129,F004,Interstellar,Science-Fiction,4851,2024-09-12 08:56:36
U00054,F011,Dark,Science-Fiction,2643,2024-09-12 09:43:25
U00412,F002,Le Seigneur des Anneaux,Fantasy,4336,2024-09-12 11:38:00
U00220,F007,Avengers Endgame,Action,228,2024-09-12 12:16:14
U00147,F009,The Office,Comédie,279,2024-09-12 12:19:16
U00492,F010,Breaking Bad,Thriller,1523,2024-09-12 13:08:39
U01015,F007,Avengers Endgame,Action,6486,2024-09-12 14:53:15
U01627,F001,Inception,Science-Fiction,4200,2024-09-12 16:09:51
U00914,F010,Breaking Bad,Thriller,84,2024-09-12 16:26:48
U01206,F002,Le Seigneur des Anneaux,Fantasy,9086,2024-09-12 17:15:40
U01150,F013,Stranger Things,Fantastique,2009,2024-09-12 19:25:33
U01458,F006,La La Land,Romance,120,2024-09-12 20:46:21
U00906,F010,Breaking Bad,Thriller,1697,2024-09-12 20:56:02
U00499,F012,Squid Game,Thriller,1281,2024-09-12 20:57:20
U01094,F002,Le Seigneur des Anneaux,Fantasy,272,2024-09-12 21:13:23
U01423,F007,Avengers Endgame,Action,1583,2024-09-12 21:56:02
U00784,F013,Stranger Things,Fantastique,1826,2024-09-12 22:26:02
U01976,F007,Avengers Endgame,Action,4321,2024-09-12 23:21:31
U00095,F013,Stranger Things,Fantastique,2040,2024-09-12 23:47:38
U00692,F001,Inception,Science-Fiction,8192,2024-09-13 02:09:05
U00170,F005,Intouchables,Comédie dramatique,4352,2024-09-13 02:48:22
U01776,F008,Joker,Drame,1625,2024-09-13 04:49:55
U00601,F002,Le Seigneur des Anneaux,Fantasy,9392,2024-09-13 06:10:54
U00854,F001,Inception,Science-Fiction,6744,2024-09-13 06:40:28
U00697,F008,Joker,Drame,7101,2024-09-13 06:46:31
U00910,F001,Inception,Science-Fiction,1810,2024-09-13 06:57:11
U00948,F003,Parasite,Thriller,5305,2024-09-13 07:01:55
U01412,F002,Le Seigneur des Anneaux,Fantasy,1700,2024-09-13 07:30:13
U00697,F004,Interstellar,Science-Fiction,4143,2024-09-13 08:22:02
U01297,F010,Breaking Bad,Thriller,1570,2024-09-13 09:02:50
U01091,F006,La La Land,Romance,7066,2024-09-13 10:06:33
U01045,F001,Inception,Science-Fiction,5139,2024-09-13 11:01:09
U00953,F009,The Office,Comédie,228,2024-09-13 11:07:15
U00211,F011,Dark,Science-Fiction,1825,2024-09-13 11:34:26
U01941,F011,Dark,Science-Fiction,1891,2024-09-13 11:38:11
U01983,F002,Le Seigneur des Anneaux,Fantasy,8044,2024-09-13 13:23:23
U01541,F007,Avengers Endgame,Action,7521,2024-09-13 13:29:41
U01961,F010,Breaking Bad,Thriller,1954,2024-09-13 14:38:40
U00221,F007,Avengers Endgame,Action,4106,2024-09-13 15:37:02
U01152,F015,Notre-Dame en Flammes,Documentaire,3744,2024-09-13 16:03:29
U00302,F007,Avengers Endgame,Action,9658,2024-09-13 17:37:24
U00621,F008,Joker,Drame,69,2024-09-13 17:43:04
U00383,F002,Le Seigneur des Anneaux,Fantasy,6309,2024-09-13 17:59:18
U01836,F011,Dark,Science-Fiction,2082,2024-09-13 18:39:17
U00715,F012,Squid Game,Thriller,974,2024-09-13 19:20:02
U01655,F007,Avengers Endgame,Action,6457,2024-09-13 19:39:09
U01956,F010,Breaking Bad,Thriller,1582,2024-09-13 19:57:18
U00552,F007,Avengers Endgame,Action,8487,2024-09-13 19:59:08
U01405,F006,La La Land,Romance,5964,2024-09-13 20:32:23
U00071,F008,Joker,Drame,3628,2024-09-13 21:00:04
U00520,F007,Avengers Endgame,Action,213,2024-09-13 22:25:10
U01424,F010,Breaking Bad,Thriller,245,2024-09-13 23:09:39
U01265,F010,Breaking Bad,Thriller,1002,2024-09-13 23:39:20
U01566,F013,Stranger Things,Fantastique,1880,2024-09-14 00:25:50
U01684,F002,Le Seigneur des Anneaux,Fantasy,6475,2024-09-14 00:34:57
U01281,F013,Stranger Things,Fantastique,2006,2024-09-14 01:05:05
U01427,F014,The Crown,Drame,2938,2024-09-14 01:05:15
U01266,F001,Inception,Science-Fiction,256,2024-09-14 01:42:56
U00958,F001,Inception,Science-Fiction,4462,2024-09-14 02:37:59
U00197,F007,Avengers Endgame,Action,77,2024-09-14 03:42:41
U00547,F010,Breaking Bad,Thriller,141,2024-09-14 04:15:59
U01201,F015,Notre-Dame en Flammes,Documentaire,980,2024-09-14 04:41:12
U01278,F005,Intouchables,Comédie dramatique,291,2024-09-14 05:36:00
U01278,F004,Interstellar,Science-Fiction,959,2024-09-14 05:56:09
U00098,F012,Squid Game,Thriller,2962,2024-09-14 07:19:11
U00263,F001,Inception,Science-Fiction,4093,2024-09-14 07:34:55
U00812,F011,Dark,Science-Fiction,2599,2024-09-14 07:47:36
U01613,F004,Interstellar,Science-Fiction,6307,2024-09-14 07:59:37
U01977,F006,La La Land,Romance,84,2024-09-14 09:15:09
U01243,F013,Stranger Things,Fantastique,1347,2024-09-14 09:18:41
U00594,F004,Interstellar,Science-Fiction,6255,2024-09-14 10:30:06
U00038,F013,Stranger Things,Fantastique,1640,2024-09-14 12:24:55
U00772,F013,Stranger Things,Fantastique,2702,2024-09-14 13:10:23
U00463,F006,La La Land,Romance,6930,2024-09-14 13:51:11
U00763,F005,Intouchables,Comédie dramatique,3751,2024-09-14 13:59:00
U00120,F003,Parasite,Thriller,5553,2024-09-14 14:25:27
U01900,F001,Inception,Science-Fiction,6660,2024-09-14 14:37:29
U01005,F010,Breaking Bad,Thriller,1877,2024-09-14 15:24:56
U01825,F002,Le Seigneur des Anneaux,Fantasy,9721,2024-09-14 16:43:53
U01327,F004,Interstellar,Science-Fiction,8498,2024-09-14 16:52:28
U00887,F009,The Office,Comédie,477,2024-09-14 18:13:53
U01433,F005,Intouchables,Comédie dramatique,37,2024-09-14 19:03:54
U00223,F001,Inception,Science-Fiction,109,2024-09-14 19:17:17
U00910,F006,La La Land,Romance,5523,2024-09-14 19:49:48
U00415,F013,Stranger Things,Fantastique,343,2024-09-14 20:25:58
U00730,F008,Joker,Drame,4637,2024-09-14 20:53:14
U01759,F001,Inception,Science-Fiction,5538,2024-09-14 21:22:05
U01481,F009,The Office,Comédie,991,2024-09-14 21:30:54
U01973,F001,Inception,Science-Fiction,4530,2024-09-14 22:43:42
U01228,F004,Interstellar,Science-Fiction,5755,2024-09-14 23:06:53
U00949,F010,Breaking Bad,Thriller,1277,2024-09-15 02:21:59
U01020,F002,Le Seigneur des Anneaux,Fantasy,5649,2024-09-15 02:34:31
U00885,F011,Dark,Science-Fiction,492,2024-09-15 04:53:06
U01822,F013,Stranger Things,Fantastique,2733,2024-09-15 05:42:14
U00860,F009,The Office,Comédie,715,2024-09-15 05:58:20
U00459,F010,Breaking Bad,Thriller,203,2024-09-15 06:19:45
U01500,F007,Avengers Endgame,Action,10878,2024-09-15 06:21:44
U00852,F010,Breaking Bad,Thriller,940,2024-09-15 07:15:16
U00339,F011,Dark,Science-Fiction,478,2024-09-15 07:42:55
U01308,F008,Joker,Drame,6687,2024-09-15 08:30:29
U00515,F002,Le Seigneur des Anneaux,Fantasy,9452,2024-09-15 09:17:15
U00183,F006,La La Land,Romance,6516,2024-09-15 09:35:09
U01038,F006,La La Land,Romance,2344,2024-09-15 10:59:59
U01528,F015,Notre-Dame en Flammes,Documentaire,5271,2024-09-15 11:06:03
U00903,F004,Interstellar,Science-Fiction,584,2024-09-15 11:24:22
U00646,F002,Le Seigneur des Anneaux,Fantasy,3149,2024-09-15 11:47:13
U00081,F001,Inception,Science-Fiction,4931,2024-09-15 11:51:19
U01507,F003,Parasite,Thriller,3386,2024-09-15 12:32:21
U01704,F010,Breaking Bad,Thriller,280,2024-09-15 12:39:35
U01067,F001,Inception,Science-Fiction,8800,2024-09-15 13:04:43
U00606,F008,Joker,Drame,48,2024-09-15 13:46:48
U01653,F013,Stranger Things,Fantastique,2073,2024-09-15 17:57:00
U00858,F005,Intouchables,Comédie dramatique,4173,2024-09-15 17:57:58
U00931,F008,Joker,Drame,5701,2024-09-15 18:25:43
U01714,F012,Squid Game,Thriller,2154,2024-09-15 19:22:21
U00672,F009,The Office,Comédie,1237,2024-09-15 19:23:25
U00139,F012,Squid Game,Thriller,278,2024-09-15 20:34:14
U00489,F005,Intouchables,Comédie dramatique,5911,2024-09-15 21:47:38
U01364,F012,Squid Game,Thriller,924,2024-09-15 22:37:42
U00484,F006,La La Land,Romance,6533,2024-09-15 22:43:49
U01148,F010,Breaking Bad,Thriller,1848,2024-09-15 23:15:34
U01398,F003,Parasite,Thriller,72,2024-09-15 23:35:55
U01561,F002,Le Seigneur des Anneaux,Fantasy,9025,2024-09-16 02:56:53
U01449,F004,Interstellar,Science-Fiction,6770,2024-09-16 02:57:01
U00099,F009,The Office,Comédie,773,2024-09-16 02:57:46
U01703,F009,The Office,Comédie,784,2024-09-16 02:59:30
U01229,F003,Parasite,Thriller,3958,2024-09-16 03:26:19
U01073,F002,Le Seigneur des Anneaux,Fantasy,170,2024-09-16 03:40:36
U00432,F010,Breaking Bad,Thriller,2112,2024-09-16 04:07:59
U00244,F013,Stranger Things,Fantastique,184,2024-09-16 06:21:23
U01569,F014,The Crown,Drame,1156,2024-09-16 07:09:12
U01368,F001,Inception,Science-Fiction,7449,2024-09-16 07:24:42
U00249,F003,Parasite,Thriller,3951,2024-09-16 09:03:24
U01798,F004,Interstellar,Science-Fiction,2693,2024-09-16 09:59:08
U00310,F011,Dark,Science-Fiction,1525,2024-09-16 11:31:37
U00924,F003,Parasite,Thriller,2799,2024-09-16 11:58:04
U00103,F012,Squid Game,Thriller,2101,2024-09-16 12:21:28
U01388,F006,La La Land,Romance,6078,2024-09-16 13:07:10
U01564,F005,Intouchables,Comédie dramatique,632,2024-09-16 13:08:51
U01496,F009,The Office,Comédie,536,2024-09-16 13:31:58
U01155,F002,Le Seigneur des Anneaux,Fantasy,8293,2024-09-16 14:12:29
U00130,F006,La La Land,Romance,3680,2024-09-16 16:08:37
U00393,F014,The Crown,Drame,1847,2024-09-16 16:24:13
U00605,F005,Intouchables,Comédie dramatique,4863,2024-09-16 16:25:25
U01427,F007,Avengers Endgame,Action,5384,2024-09-16 16:53:46
U00871,F004,Interstellar,Science-Fiction,3176,2024-09-16 17:59:48
U00086,F015,Notre-Dame en Flammes,Documentaire,302,2024-09-16 18:59:04
U01557,F002,Le Seigneur des Anneaux,Fantasy,2412,2024-09-16 19:03:25
U00490,F009,The Office,Comédie,275,2024-09-16 19:51:49
U00206,F012,Squid Game,Thriller,1608,2024-09-16 20:21:39
U01447,F013,Stranger Things,Fantastique,2880,2024-09-16 22:53:13
U00340,F013,Stranger Things,Fantastique,463,2024-09-16 23:25:11
U01468,F001,Inception,Science-Fiction,8476,2024-09-16 23:38:31
U01385,F006,La La Land,Romance,2036,2024-09-17 01:54:47
U01545,F005,Intouchables,Comédie dramatique,1387,2024-09-17 02:45:10
U01758,F013,Stranger Things,Fantastique,2460,2024-09-17 03:05:12
U00052,F012,Squid Game,Thriller,3228,2024-09-17 05:13:01
U01527,F012,Squid Game,Thriller,1792,2024-09-17 05:35:52
U00338,F004,Interstellar,Science-Fiction,4193,2024-09-17 05:56:48
U01936,F007,Avengers Endgame,Action,10254,2024-09-17 09:56:34
U01317,F012,Squid Game,Thriller,1857,2024-09-17 10:15:51
U00992,F015,Notre-Dame en Flammes,Documentaire,5224,2024-09-17 13:11:50
U00944,F007,Avengers Endgame,Action,1039,2024-09-17 13:50:22
U00021,F004,Interstellar,Science-Fiction,9108,2024-09-17 16:04:02
U00096,F007,Avengers Endgame,Action,286,2024-09-17 16:10:13
U01034,F008,Joker,Drame,1916,2024-09-17 16:36:55
U00851,F005,Intouchables,Comédie dramatique,4700,2024-09-17 17:28:47
U00287,F010,Breaking Bad,Thriller,2193,2024-09-17 17:50:25
U01530,F010,Breaking Bad,Thriller,1327,2024-09-17 18:16:15
U01784,F004,Interstellar,Science-Fiction,1877,2024-09-17 20:17:14
U01172,F003,Parasite,Thriller,5974,2024-09-17 21:16:23
U01797,F005,Intouchables,Comédie dramatique,78,2024-09-17 22:01:48
U00687,F004,Interstellar,Science-Fiction,9091,2024-09-18 00:15:12
U01865,F008,Joker,Drame,6582,2024-09-18 00:42:28
U01551,F006,La La Land,Romance,7240,2024-09-18 00:48:55
U01226,F009,The Office,Comédie,964,2024-09-18 01:05:40
U01162,F007,Avengers Endgame,Action,9158,2024-09-18 01:41:01
U00064,F013,Stranger Things,Fantastique,2351,2024-09-18 01:47:09
U01141,F010,Breaking Bad,Thriller,1064,2024-09-18 01:50:11
U01829,F005,Intouchables,Comédie dramatique,5759,2024-09-18 02:27:05
U00951,F008,Joker,Drame,6622,2024-09-18 02:37:20
U00360,F003,Parasite,Thriller,7737,2024-09-18 03:54:08
U01412,F008,Joker,Drame,273,2024-09-18 04:40:13
U01220,F011,Dark,Science-Fiction,1484,2024-09-18 04:44:14
U01016,F002,Le Seigneur des Anneaux,Fantasy,251,2024-09-18 08:35:33
U01000,F002,Le Seigneur des Anneaux,Fantasy,87,2024-09-18 10:57:15
U01692,F001,Inception,Science-Fiction,4412,2024-09-18 11:51:01
U01571,F004,Interstellar,Science-Fiction,7015,2024-09-18 11:54:36
U00371,F001,Inception,Science-Fiction,7892,2024-09-18 11:59:17
U01329,F004,Interstellar,Science-Fiction,2094,2024-09-18 15:59:19
U00759,F013,Stranger Things,Fantastique,1304,2024-09-18 16:01:51
U01062,F007,Avengers Endgame,Action,5556,2024-09-18 19:05:45
U00568,F013,Stranger Things,Fantastique,2114,2024-09-18 20:04:41
U00722,F007,Avengers Endgame,Action,8879,2024-09-18 20:24:17
U01572,F003,Parasite,Thriller,632,2024-09-18 20:40:17
U01279,F011,Dark,Science-Fiction,1243,2024-09-18 22:13:34
U01139,F006,La La Land,Romance,5914,2024-09-18 22:27:53
U01248,F001,Inception,Science-Fiction,1680,2024-09-18 23:00:08
U00385,F004,Interstellar,Science-Fiction,2756,2024-09-18 23:13:21
U00645,F004,Interstellar,Science-Fiction,3201,2024-09-18 23:25:18
U01399,F008,Joker,Drame,36,2024-09-18 23:33:11
U00397,F007,Avengers Endgame,Action,2132,2024-09-18 23:58:37
U00068,F005,Intouchables,Comédie dramatique,68,2024-09-19 02:29:39
U01149,F015,Notre-Dame en Flammes,Documentaire,5213,2024-09-19 03:14:20
U01466,F005,Intouchables,Comédie dramatique,5690,2024-09-19 03:41:06
U01075,F012,Squid Game,Thriller,1726,2024-09-19 04:43:17
U00369,F006,La La Land,Romance,1884,2024-09-19 05:59:59
U01644,F012,Squid Game,Thriller,174,2024-09-19 06:21:54
U01298,F012,Squid Game,Thriller,588,2024-09-19 06:31:17
U01143,F011,Dark,Science-Fiction,228,2024-09-19 08:01:20
U00437,F003,Parasite,Thriller,203,2024-09-19 09:34:30
U00420,F015,Notre-Dame en Flammes,Documentaire,2148,2024-09-19 09:56:04
U00599,F002,Le Seigneur des Anneaux,Fantasy,9391,2024-09-19 10:04:48
U01728,F001,Inception,Science-Fiction,7359,2024-09-19 10:48:22
U00730,F002,Le Seigneur des Anneaux,Fantasy,70,2024-09-19 11:01:31
U00504,F010,Breaking Bad,Thriller,2681,2024-09-19 11:14:37
U00088,F010,Breaking Bad,Thriller,2251,2024-09-19 13:53:13
U00541,F009,The Office,Comédie,1165,2024-09-19 15:17:03
U00829,F003,Parasite,Thriller,3865,2024-09-19 16:09:08
U00540,F007,Avengers Endgame,Action,10513,2024-09-19 17:19:23
U00128,F007,Avengers Endgame,Action,3062,2024-09-19 17:45:33
U01067,F010,Breaking Bad,Thriller,2413,2024-09-19 18:36:45
U01786,F001,Inception,Science-Fiction,8668,2024-09-19 19:27:44
U01312,F008,Joker,Drame,1328,2024-09-19 20:31:05
U00382,F013,Stranger Things,Fantastique,2118,2024-09-19 21:05:06
U00529,F001,Inception,Science-Fiction,6245,2024-09-19 21:17:10
U01846,F004,Interstellar,Science-Fiction,2686,2024-09-19 23:32:18
U01370,F006,La La Land,Romance,1681,2024-09-19 23:39:54
U01136,F002,Le Seigneur des Anneaux,Fantasy,3405,2024-09-20 01:03:38
U00758,F001,Inception,Science-Fiction,183,2024-09-20 01:34:31
U01519,F005,Intouchables,Comédie dramatique,35,2024-09-20 01:40:06
U01555,F013,Stranger Things,Fantastique,2655,2024-09-20 03:02:45
U00803,F003,Parasite,Thriller,6532,2024-09-20 03:08:17
U00015,F002,Le Seigneur des Anneaux,Fantasy,7865,2024-09-20 05:49:25
U00542,F012,Squid Game,Thriller,863,2024-09-20 05:57:01
U01298,F005,Intouchables,Comédie dramatique,196,2024-09-20 06:45:36
U00204,F010,Breaking Bad,Thriller,2370,2024-09-20 08:25:10
U00038,F004,Interstellar,Science-Fiction,8743,2024-09-20 08:32:30
U01881,F010,Breaking Bad,Thriller,1860,2024-09-20 09:25:26
U01079,F012,Squid Game,Thriller,1389,2024-09-20 10:17:29
U01334,F001,Inception,Science-Fiction,5275,2024-09-20 10:22:48
U00393,F008,Joker,Drame,4886,2024-09-20 10:54:20
U00364,F001,Inception,Science-Fiction,3304,2024-09-20 14:18:45
U00847,F015,Notre-Dame en Flammes,Documentaire,1461,2024-09-20 14:40:32
U00619,F008,Joker,Drame,2085,2024-09-20 16:01:22
U00785,F014,The Crown,Drame,108,2024-09-20 17:19:01
U01895,F001,Inception,Science-Fiction,101,2024-09-20 18:00:33
U01236,F002,Le Seigneur des Anneaux,Fantasy,2691,2024-09-20 18:19:55
U00364,F015,Notre-Dame en Flammes,Documentaire,3399,2024-09-20 18:37:48
U01263,F011,Dark,Science-Fiction,744,2024-09-20 19:22:24
U01609,F015,Notre-Dame en Flammes,Documentaire,248,2024-09-20 20:53:19
U00267,F003,Parasite,Thriller,4013,2024-09-20 22:06:55
U01526,F003,Parasite,Thriller,5983,2024-09-20 22:38:27
U00869,F003,Parasite,Thriller,1515,2024-09-21 01:50:33
U01672,F013,Stranger Things,Fantastique,2463,2024-09-21 01:52:53
U00977,F001,Inception,Science-Fiction,8695,2024-09-21 01:53:54
U01409,F007,Avengers Endgame,Action,339,2024-09-21 02:07:38
U00033,F008,Joker,Drame,6976,2024-09-21 03:01:12
U00985,F001,Inception,Science-Fiction,8878,2024-09-21 03:55:26
U00893,F005,Intouchables,Comédie dramatique,6180,2024-09-21 04:41:10
U00959,F007,Avengers Endgame,Action,5554,2024-09-21 04:42:03
U00756,F004,Interstellar,Science-Fiction,4550,2024-09-21 04:59:27
U01334,F003,Parasite,Thriller,2437,2024-09-21 06:24:37
U00947,F001,Inception,Science-Fiction,2871,2024-09-21 06:35:02
U00163,F007,Avengers Endgame,Action,3000,2024-09-21 06:39:00
U01071,F013,Stranger Things,Fantastique,1428,2024-09-21 08:13:46
U01697,F012,Squid Game,Thriller,208,2024-09-21 10:16:03
U00376,F007,Avengers Endgame,Action,2401,2024-09-21 10:30:00
U01182,F008,Joker,Drame,6088,2024-09-21 10:34:26
U00456,F004,Interstellar,Science-Fiction,6502,2024-09-21 10:34:39
U01877,F002,Le Seigneur des Anneaux,Fantasy,8179,2024-09-21 11:31:20
U00273,F012,Squid Game,Thriller,260,2024-09-21 11:36:04
U01486,F003,Parasite,Thriller,177,2024-09-21 11:52:59
U01364,F009,The Office,Comédie,533,2024-09-21 11:59:59
U00951,F011,Dark,Science-Fiction,2269,2024-09-21 12:37:26
U00991,F011,Dark,Science-Fiction,2289,2024-09-21 16:55:22
U00244,F006,La La Land,Romance,7086,2024-09-21 18:14:40
U01162,F007,Avengers Endgame,Action,8191,2024-09-21 19:10:10
U01551,F004,Interstellar,Science-Fiction,3337,2024-09-21 19:23:44
U00040,F002,Le Seigneur des Anneaux,Fantasy,8986,2024-09-21 20:29:16
U00554,F011,Dark,Science-Fiction,394,2024-09-21 20:30:18
U01935,F012,Squid Game,Thriller,3169,2024-09-21 20:36:40
U00712,F007,Avengers Endgame,Action,5982,2024-09-21 20:45:57
U01479,F014,The Crown,Drame,46,2024-09-21 20:55:14
U00602,F002,Le Seigneur des Anneaux,Fantasy,8690,2024-09-21 21:25:18
U01204,F008,Joker,Drame,200,2024-09-21 21:47:58
U01101,F008,Joker,Drame,5822,2024-09-21 22:18:17
U01691,F007,Avengers Endgame,Action,4123,2024-09-21 22:19:41
U01724,F013,Stranger Things,Fantastique,301,2024-09-22 00:21:55
U00097,F004,Interstellar,Science-Fiction,3372,2024-09-22 00:30:26
U00381,F001,Inception,Science-Fiction,7381,2024-09-22 00:48:57
U00473,F011,Dark,Science-Fiction,1743,2024-09-22 00:49:45
U01447,F008,Joker,Drame,3520,2024-09-22 02:24:29
U01335,F002,Le Seigneur des Anneaux,Fantasy,8745,2024-09-22 02:37:50
U01485,F014,The Crown,Drame,663,2024-09-22 02:50:30
U00042,F012,Squid Game,Thriller,60,2024-09-22 03:19:09
U00715,F006,La La Land,Romance,7600,2024-09-22 04:09:38
U00006,F010,Breaking Bad,Thriller,856,2024-09-22 04:11:01
U01914,F004,Interstellar,Science-Fiction,3159,2024-09-22 06:19:12
U00544,F010,Breaking Bad,Thriller,1634,2024-09-22 08:16:06
U00551,F006,La La Land,Romance,171,2024-09-22 08:17:16
U01700,F004,Interstellar,Science-Fiction,1711,2024-09-22 09:18:00
U01032,F007,Avengers Endgame,Action,8321,2024-09-22 11:35:19
U01900,F002,Le Seigneur des Anneaux,Fantasy,8246,2024-09-22 12:56:44
U00461,F008,Joker,Drame,1246,2024-09-22 14:30:08
U01914,F007,Avengers Endgame,Action,7317,2024-09-22 15:26:30
U01514,F009,The Office,Comédie,1200,2024-09-22 16:04:12
U00227,F001,Inception,Science-Fiction,1092,2024-09-22 17:11:08
U01858,F012,Squid Game,Thriller,561,2024-09-22 18:16:05
U01520,F004,Interstellar,Science-Fiction,1609,2024-09-22 18:44:00
U00034,F003,Parasite,Thriller,6025,2024-09-22 18:46:13
U01304,F002,Le Seigneur des Anneaux,Fantasy,6104,2024-09-22 18:51:28
U00661,F005,Intouchables,Comédie dramatique,2141,2024-09-22 18:55:10
U00344,F004,Interstellar,Science-Fiction,1877,2024-09-22 19:10:18
U00016,F002,Le Seigneur des Anneaux,Fantasy,119,2024-09-22 19:26:23
U00622,F002,Le Seigneur des Anneaux,Fantasy,6542,2024-09-22 21:14:15
U00497,F001,Inception,Science-Fiction,7089,2024-09-22 22:13:13
U01600,F010,Breaking Bad,Thriller,1135,2024-09-22 23:12:34
U00075,F007,Avengers Endgame,Action,1908,2024-09-22 23:20:14
U01722,F008,Joker,Drame,2884,2024-09-23 00:04:58
U01631,F003,Parasite,Thriller,130,2024-09-23 01:58:47
U00421,F010,Breaking Bad,Thriller,1873,2024-09-23 02:19:47
U00421,F007,Avengers Endgame,Action,5598,2024-09-23 02:58:22
U00896,F007,Avengers Endgame,Action,2352,2024-09-23 04:05:20
U01880,F009,The Office,Comédie,870,2024-09-23 06:43:54
U01300,F013,Stranger Things,Fantastique,2592,2024-09-23 06:44:39
U01802,F006,La La Land,Romance,1146,2024-09-23 07:46:05
U01579,F001,Inception,Science-Fiction,1048,2024-09-23 09:28:02
U00595,F012,Squid Game,Thriller,2944,2024-09-23 09:50:57
U00736,F004,Interstellar,Science-Fiction,7952,2024-09-23 10:12:48
U00963,F003,Parasite,Thriller,1357,2024-09-23 10:26:37
U00668,F013,Stranger Things,Fantastique,1553,2024-09-23 11:04:58
U01019,F010,Breaking Bad,Thriller,2549,2024-09-23 11:09:18
U01993,F010,Breaking Bad,Thriller,1405,2024-09-23 12:29:15
U00136,F015,Notre-Dame en Flammes,Documentaire,2313,2024-09-23 12:57:31
U01874,F005,Intouchables,Comédie dramatique,1835,2024-09-23 14:05:31
U00446,F003,Parasite,Thriller,5150,2024-09-23 15:40:52
U01042,F007,Avengers Endgame,Action,10709,2024-09-23 16:12:06
U01596,F007,Avengers Endgame,Action,5223,2024-09-23 16:18:12
U01978,F003,Parasite,Thriller,3973,2024-09-23 16:48:33
U00771,F012,Squid Game,Thriller,846,2024-09-23 19:12:06
U01772,F007,Avengers Endgame,Action,52,2024-09-23 19:47:30
U01715,F006,La La Land,Romance,7409,2024-09-23 20:23:11
U00783,F013,Stranger Things,Fantastique,337,2024-09-23 20:41:49
U00340,F012,Squid Game,Thriller,35,2024-09-23 23:15:47
U00980,F012,Squid Game,Thriller,118,2024-09-23 23:39:20
U00395,F004,Interstellar,Science-Fiction,5702,2024-09-24 00:21:30
U00940,F002,Le Seigneur des Anneaux,Fantasy,5532,2024-09-24 00:28:08
U01071,F002,Le Seigneur des Anneaux,Fantasy,135,2024-09-24 02:27:02
U00411,F010,Breaking Bad,Thriller,1332,2024-09-24 02:48:55
U00657,F007,Avengers Endgame,Action,36,2024-09-24 03:02:01
U00099,F013,Stranger Things,Fantastique,198,2024-09-24 03:53:38
U01813,F001,Inception,Science-Fiction,6926,2024-09-24 10:32:56
U01698,F005,Intouchables,Comédie dramatique,4260,2024-09-24 10:34:09
U00172,F003,Parasite,Thriller,131,2024-09-24 11:18:17
U00286,F010,Breaking Bad,Thriller,1537,2024-09-24 11:19:12
U01663,F003,Parasite,Thriller,6368,2024-09-24 15:11:26
U00264,F004,Interstellar,Science-Fiction,47,2024-09-24 15:51:59
U00279,F004,Interstellar,Science-Fiction,7816,2024-09-24 17:06:43
U01990,F013,Stranger Things,Fantastique,44,2024-09-24 18:32:50
U01836,F012,Squid Game,Thriller,275,2024-09-24 20:02:09
U01375,F004,Interstellar,Science-Fiction,6813,2024-09-24 20:14:19
U00153,F007,Avengers Endgame,Action,6774,2024-09-24 20:16:20
U00820,F014,The Crown,Drame,1089,2024-09-24 22:21:24
U01132,F008,Joker,Drame,4961,2024-09-24 22:55:40
U00496,F003,Parasite,Thriller,4548,2024-09-25 01:09:37
U01179,F010,Breaking Bad,Thriller,32,2024-09-25 01:42:11
U00060,F002,Le Seigneur des Anneaux,Fantasy,1253,2024-09-25 01:51:23
U00831,F010,Breaking Bad,Thriller,1986,2024-09-25 01:58:21
U00101,F012,Squid Game,Thriller,2673,2024-09-25 02:00:46
U01231,F008,Joker,Drame,7000,2024-09-25 03:42:12
U00990,F010,Breaking Bad,Thriller,276,2024-09-25 03:54:03
U00039,F007,Avengers Endgame,Action,3682,2024-09-25 03:55:44
U00823,F001,Inception,Science-Fiction,7155,2024-09-25 04:03:16
U01152,F012,Squid Game,Thriller,80,2024-09-25 04:19:44
U01218,F001,Inception,Science-Fiction,4244,2024-09-25 04:47:32
U01672,F003,Parasite,Thriller,5707,2024-09-25 05:06:10
U01249,F008,Joker,Drame,6166,2024-09-25 05:22:05
U00997,F004,Interstellar,Science-Fiction,7845,2024-09-25 05:26:20
U00015,F007,Avengers Endgame,Action,7102,2024-09-25 05:37:41
U01989,F012,Squid Game,Thriller,2228,2024-09-25 05:46:03
U00992,F001,Inception,Science-Fiction,6223,2024-09-25 06:33:07
U00298,F003,Parasite,Thriller,4847,2024-09-25 07:12:15
U00826,F005,Intouchables,Comédie dramatique,603,2024-09-25 08:52:56
U00357,F001,Inception,Science-Fiction,4180,2024-09-25 10:21:24
U00809,F007,Avengers Endgame,Action,7642,2024-09-25 14:42:35
U01199,F007,Avengers Endgame,Action,6911,2024-09-25 16:12:30
U00462,F004,Interstellar,Science-Fiction,32,2024-09-25 16:18:22
U00929,F013,Stranger Things,Fantastique,1174,2024-09-25 19:58:18
U00520,F006,La La Land,Romance,3306,2024-09-25 20:18:44
U00310,F005,Intouchables,Comédie dramatique,433,2024-09-25 20:23:24
U01861,F013,Stranger Things,Fantastique,97,2024-09-25 20:48:16
U00342,F001,Inception,Science-Fiction,215,2024-09-25 21:05:30
U01797,F001,Inception,Science-Fiction,2067,2024-09-26 00:42:54
U01193,F010,Breaking Bad,Thriller,214,2024-09-26 01:04:16
U01326,F007,Avengers Endgame,Action,2656,2024-09-26 02:37:56
U01603,F004,Interstellar,Science-Fiction,5079,2024-09-26 03:05:45
U01785,F008,Joker,Drame,7236,2024-09-26 04:22:37
U01015,F003,Parasite,Thriller,4010,2024-09-26 04:43:04
U01546,F005,Intouchables,Comédie dramatique,5393,2024-09-26 04:58:17
U01327,F010,Breaking Bad,Thriller,250,2024-09-26 05:06:37
U01278,F010,Breaking Bad,Thriller,1041,2024-09-26 05:49:58
U00173,F003,Parasite,Thriller,5442,2024-09-26 06:39:09
U01136,F005,Intouchables,Comédie dramatique,5933,2024-09-26 06:42:22
U01061,F012,Squid Game,Thriller,1814,2024-09-26 06:49:25
U01386,F001,Inception,Science-Fiction,6293,2024-09-26 08:07:08
U01752,F001,Inception,Science-Fiction,6826,2024-09-26 08:41:22
U00565,F005,Intouchables,Comédie dramatique,6148,2024-09-26 09:23:29
U01215,F003,Parasite,Thriller,529,2024-09-26 09:25:16
U01397,F003,Parasite,Thriller,5560,2024-09-26 09:47:47
U01761,F014,The Crown,Drame,1859,2024-09-26 10:46:09
U01411,F004,Interstellar,Science-Fiction,9460,2024-09-26 11:44:23
U01973,F011,Dark,Science-Fiction,1279,2024-09-26 12:04:45
U01582,F003,Parasite,Thriller,3355,2024-09-26 13:09:15
U00031,F002,Le Seigneur des Anneaux,Fantasy,7466,2024-09-26 13:17:30
U01359,F001,Inception,Science-Fiction,6589,2024-09-26 14:44:00
U01687,F006,La La Land,Romance,121,2024-09-26 15:10:01
U01499,F010,Breaking Bad,Thriller,955,2024-09-26 16:14:43
U00722,F001,Inception,Science-Fiction,6502,2024-09-26 16:41:45
U01970,F007,Avengers Endgame,Action,3802,2024-09-26 16:56:06
U00951,F003,Parasite,Thriller,6112,2024-09-26 17:17:57
U00935,F001,Inception,Science-Fiction,3784,2024-09-26 17:21:08
U01128,F001,Inception,Science-Fiction,1299,2024-09-26 18:19:20
U01952,F003,Parasite,Thriller,162,2024-09-26 20:32:10
U00741,F007,Avengers Endgame,Action,4115,2024-09-26 20:43:18
U01719,F001,Inception,Science-Fiction,5360,2024-09-26 20:44:01
U00160,F004,Interstellar,Science-Fiction,5092,2024-09-26 20:57:57
U01943,F007,Avengers Endgame,Action,5129,2024-09-27 00:11:44
U00938,F014,The Crown,Drame,1873,2024-09-27 00:28:57
U01986,F008,Joker,Drame,5095,2024-09-27 00:53:01
U01317,F003,Parasite,Thriller,5863,2024-09-27 01:29:51
U01651,F006,La La Land,Romance,3531,2024-09-27 01:30:33
U00857,F001,Inception,Science-Fiction,598,2024-09-27 01:45:25
U01698,F010,Breaking Bad,Thriller,2486,2024-09-27 01:50:35
U01132,F007,Avengers Endgame,Action,3390,2024-09-27 01:58:32
U01712,F012,Squid Game,Thriller,1714,2024-09-27 02:03:53
U01530,F015,Notre-Dame en Flammes,Documentaire,1293,2024-09-27 03:42:24
U01446,F005,Intouchables,Comédie dramatique,1362,2024-09-27 04:58:50
U01230,F001,Inception,Science-Fiction,4782,2024-09-27 07:12:23
U00936,F005,Intouchables,Comédie dramatique,3859,2024-09-27 07:55:31
U01971,F010,Breaking Bad,Thriller,43,2024-09-27 08:19:56
U00658,F005,Intouchables,Comédie dramatique,6704,2024-09-27 08:57:51
U00841,F012,Squid Game,Thriller,2015,2024-09-27 09:59:33
U00516,F014,The Crown,Drame,3092,2024-09-27 10:07:46
U01242,F004,Interstellar,Science-Fiction,8137,2024-09-27 10:16:43
U01681,F010,Breaking Bad,Thriller,2642,2024-09-27 11:16:23
U00987,F007,Avengers Endgame,Action,6776,2024-09-27 13:37:20
U00071,F013,Stranger Things,Fantastique,2345,2024-09-27 14:06:34
U01550,F002,Le Seigneur des Anneaux,Fantasy,2359,2024-09-27 15:39:18
U00895,F008,Joker,Drame,216,2024-09-27 16:20:16
U00074,F012,Squid Game,Thriller,1776,2024-09-27 16:46:28
U00765,F014,The Crown,Drame,798,2024-09-27 18:42:48
U01959,F004,Interstellar,Science-Fiction,5697,2024-09-27 20:04:07
U00020,F014,The Crown,Drame,475,2024-09-27 20:18:35
U01666,F005,Intouchables,Comédie dramatique,3475,2024-09-27 20:54:17
U01014,F008,Joker,Drame,5646,2024-09-27 21:18:20
U00336,F007,Avengers Endgame,Action,10349,2024-09-27 22:23:48
U00174,F004,Interstellar,Science-Fiction,5988,2024-09-27 22:40:06
U01199,F001,Inception,Science-Fiction,5805,2024-09-27 23:01:46
U01055,F010,Breaking Bad,Thriller,2440,2024-09-28 00:43:52
U00757,F003,Parasite,Thriller,2682,2024-09-28 01:32:39
U01181,F012,Squid Game,Thriller,829,2024-09-28 01:57:27
U01808,F008,Joker,Drame,573,2024-09-28 02:14:29
U01382,F001,Inception,Science-Fiction,7401,2024-09-28 02:32:22
U01658,F012,Squid Game,Thriller,1976,2024-09-28 03:07:50
U00733,F003,Parasite,Thriller,3333,2024-09-28 03:34:22
U01406,F011,Dark,Science-Fiction,546,2024-09-28 04:06:39
U01647,F008,Joker,Drame,6407,2024-09-28 04:17:46
U00373,F010,Breaking Bad,Thriller,431,2024-09-28 04:34:24
U00575,F007,Avengers Endgame,Action,8172,2024-09-28 04:54:11
U01672,F011,Dark,Science-Fiction,150,2024-09-28 05:01:07
U01796,F013,Stranger Things,Fantastique,112,2024-09-28 06:19:33
U00644,F007,Avengers Endgame,Action,266,2024-09-28 08:08:15
U01543,F014,The Crown,Drame,986,2024-09-28 08:21:55
U00327,F004,Interstellar,Science-Fiction,3528,2024-09-28 09:05:57
U00109,F015,Notre-Dame en Flammes,Documentaire,555,2024-09-28 09:54:57
U00397,F007,Avengers Endgame,Action,5059,2024-09-28 10:07:12
U01079,F009,The Office,Comédie,1003,2024-09-28 11:20:29
U01033,F007,Avengers Endgame,Action,2980,2024-09-28 12:20:04
U01055,F012,Squid Game,Thriller,2817,2024-09-28 13:21:39
U00486,F005,Intouchables,Comédie dramatique,1511,2024-09-28 13:45:12
U00788,F013,Stranger Things,Fantastique,2597,2024-09-28 13:45:53
U00764,F012,Squid Game,Thriller,2640,2024-09-28 14:27:55
U01221,F013,Stranger Things,Fantastique,2853,2024-09-28 14:33:32
U01514,F007,Avengers Endgame,Action,8086,2024-09-28 15:32:23
U00150,F002,Le Seigneur des Anneaux,Fantasy,147,2024-09-28 17:33:37
U00693,F003,Parasite,Thriller,6783,2024-09-28 17:46:02
U00411,F001,Inception,Science-Fiction,5587,2024-09-28 18:27:11
U00295,F012,Squid Game,Thriller,2037,2024-09-28 20:09:55
U00378,F012,Squid Game,Thriller,875,2024-09-28 20:36:07
U00922,F010,Breaking Bad,Thriller,1277,2024-09-28 21:31:57
U01771,F001,Inception,Science-Fiction,2810,2024-09-28 21:57:12
U00033,F001,Inception,Science-Fiction,8586,2024-09-28 22:36:02
U01694,F004,Interstellar,Science-Fiction,6093,2024-09-28 23:13:23
U01696,F010,Breaking Bad,Thriller,1810,2024-09-29 00:16:12
U01677,F004,Interstellar,Science-Fiction,7522,2024-09-29 00:18:45
U01683,F012,Squid Game,Thriller,208,2024-09-29 00:43:07
U00264,F001,Inception,Science-Fiction,6026,2024-09-29 02:18:17
U00065,F007,Avengers Endgame,Action,2395,2024-09-29 02:21:32
U00598,F004,Interstellar,Science-Fiction,3519,2024-09-29 03:14:09
U00207,F009,The Office,Comédie,610,2024-09-29 03:14:34
U01887,F003,Parasite,Thriller,5651,2024-09-29 04:21:59
U00383,F004,Interstellar,Science-Fiction,7048,2024-09-29 05:22:52
U00774,F009,The Office,Comédie,990,2024-09-29 08:28:50
U01315,F008,Joker,Drame,972,2024-09-29 09:22:09
U00122,F015,Notre-Dame en Flammes,Documentaire,3219,2024-09-29 09:46:08
U01505,F010,Breaking Bad,Thriller,1658,2024-09-29 10:24:33
U01429,F008,Joker,Drame,1737,2024-09-29 10:56:09
U01782,F010,Breaking Bad,Thriller,2086,2024-09-29 11:42:19
U00789,F009,The Office,Comédie,432,2024-09-29 12:46:29
U00373,F004,Interstellar,Science-Fiction,245,2024-09-29 15:13:01
U00964,F010,Breaking Bad,Thriller,1303,2024-09-29 18:10:04
U00485,F013,Stranger Things,Fantastique,1044,2024-09-29 19:29:50
U00569,F013,Stranger Things,Fantastique,120,2024-09-29 20:52:34
U01555,F012,Squid Game,Thriller,433,2024-09-29 22:47:09
U00773,F007,Avengers Endgame,Action,34,2024-09-29 22:59:29
U00366,F007,Avengers Endgame,Action,7214,2024-09-30 00:52:41
U00627,F015,Notre-Dame en Flammes,Documentaire,2670,2024-09-30 01:09:28
U00150,F012,Squid Game,Thriller,2899,2024-09-30 01:16:53
U00864,F007,Avengers Endgame,Action,7256,2024-09-30 01:18:16
U01041,F013,Stranger Things,Fantastique,574,2024-09-30 01:43:26
U01863,F003,Parasite,Thriller,6135,2024-09-30 02:17:23
U00878,F007,Avengers Endgame,Action,3216,2024-09-30 02:35:15
U01659,F007,Avengers Endgame,Action,2945,2024-09-30 02:55:22
U01838,F008,Joker,Drame,6455,2024-09-30 03:05:02
U00335,F010,Breaking Bad,Thriller,1820,2024-09-30 03:30:21
U01557,F002,Le Seigneur des Anneaux,Fantasy,5742,2024-09-30 04:42:53
U00679,F011,Dark,Science-Fiction,1261,2024-09-30 05:08:59
U00928,F015,Notre-Dame en Flammes,Documentaire,4413,2024-09-30 05:57:22
U00096,F001,Inception,Science-Fiction,5285,2024-09-30 07:17:50
U01982,F012,Squid Game,Thriller,1620,2024-09-30 08:13:02
U00313,F009,The Office,Comédie,917,2024-09-30 09:27:46
U01472,F008,Joker,Drame,2734,2024-09-30 09:48:41
U00793,F013,Stranger Things,Fantastique,163,2024-09-30 10:06:28
U00760,F004,Interstellar,Science-Fiction,76,2024-09-30 10:29:52
U01958,F012,Squid Game,Thriller,256,2024-09-30 11:28:30
U01491,F001,Inception,Science-Fiction,7969,2024-09-30 11:47:08
U01907,F010,Breaking Bad,Thriller,494,2024-09-30 12:17:18
U00559,F007,Avengers Endgame,Action,7298,2024-09-30 13:13:38
U01229,F001,Inception,Science-Fiction,73,2024-09-30 14:10:37
U00191,F004,Interstellar,Science-Fiction,8844,2024-09-30 14:27:33
U00511,F001,Inception,Science-Fiction,214,2024-09-30 15:39:51
U00786,F001,Inception,Science-Fiction,1766,2024-09-30 16:04:16
U00955,F001,Inception,Science-Fiction,214,2024-09-30 16:34:05
U00461,F013,Stranger Things,Fantastique,2031,2024-09-30 18:09:10
U01249,F014,The Crown,Drame,1473,2024-09-30 19:48:50
U00032,F003,Parasite,Thriller,88,2024-09-30 20:38:16
U01754,F011,Dark,Science-Fiction,272,2024-09-30 21:12:00
U01368,F007,Avengers Endgame,Action,5939,2024-09-30 21:15:06
U00157,F004,Interstellar,Science-Fiction,8944,2024-09-30 21:27:17
U01609,F013,Stranger Things,Fantastique,1908,2024-09-30 22:14:13
U00213,F001,Inception,Science-Fiction,108,2024-10-01 01:02:15
U00682,F001,Inception,Science-Fiction,6178,2024-10-01 01:32:00
U01773,F010,Breaking Bad,Thriller,524,2024-10-01 02:10:32
U01548,F010,Breaking Bad,Thriller,1076,2024-10-01 03:35:42
U00754,F003,Parasite,Thriller,4212,2024-10-01 05:51:45
U00436,F013,Stranger Things,Fantastique,2389,2024-10-01 06:29:08
U00840,F001,Inception,Science-Fiction,5817,2024-10-01 06:32:39
U00906,F008,Joker,Drame,743,2024-10-01 06:51:18
U01414,F012,Squid Game,Thriller,1863,2024-10-01 08:10:15
U00284,F002,Le Seigneur des Anneaux,Fantasy,1551,2024-10-01 08:18:13
U00507,F009,The Office,Comédie,542,2024-10-01 08:41:34
U01049,F013,Stranger Things,Fantastique,1487,2024-10-01 09:01:46
U00178,F007,Avengers Endgame,Action,5075,2024-10-01 09:22:17
U01419,F002,Le Seigneur des Anneaux,Fantasy,2154,2024-10-01 10:06:18
U01179,F013,Stranger Things,Fantastique,1975,2024-10-01 11:20:58
U01107,F007,Avengers Endgame,Action,2929,2024-10-01 11:34:00
U00108,F003,Parasite,Thriller,2290,2024-10-01 13:44:29
U00895,F004,Interstellar,Science-Fiction,578,2024-10-01 14:01:59
U01535,F001,Inception,Science-Fiction,7589,2024-10-01 14:27:53
U00782,F005,Intouchables,Comédie dramatique,3728,2024-10-01 14:41:31
U01050,F008,Joker,Drame,3622,2024-10-01 14:57:24
U00638,F008,Joker,Drame,134,2024-10-01 14:58:44
U01310,F014,The Crown,Drame,2156,2024-10-01 15:25:21
U01728,F014,The Crown,Drame,1899,2024-10-01 15:32:45
U00704,F003,Parasite,Thriller,1026,2024-10-01 16:10:06
U00980,F007,Avengers Endgame,Action,5960,2024-10-01 17:27:54
U01632,F015,Notre-Dame en Flammes,Documentaire,2991,2024-10-01 17:51:13
U01837,F010,Breaking Bad,Thriller,1891,2024-10-01 18:46:09
U01451,F003,Parasite,Thriller,4932,2024-10-01 19:26:54
U01738,F014,The Crown,Drame,829,2024-10-01 20:24:33
U01135,F003,Parasite,Thriller,590,2024-10-01 21:33:20
U01491,F012,Squid Game,Thriller,3270,2024-10-01 23:35:32
U01392,F007,Avengers Endgame,Action,9897,2024-10-01 23:40:01
U00561,F007,Avengers Endgame,Action,8315,2024-10-01 23:49:02
U00338,F004,Interstellar,Science-Fiction,7249,2024-10-02 00:30:32
U00421,F013,Stranger Things,Fantastique,898,2024-10-02 00:33:39
U00269,F002,Le Seigneur des Anneaux,Fantasy,150,2024-10-02 00:51:53
U00963,F010,Breaking Bad,Thriller,1189,2024-10-02 01:38:54
U01186,F002,Le Seigneur des Anneaux,Fantasy,9497,2024-10-02 02:20:13
U01397,F011,Dark,Science-Fiction,266,2024-10-02 02:27:34
U01972,F007,Avengers Endgame,Action,10178,2024-10-02 03:42:01
U01063,F010,Breaking Bad,Thriller,2576,2024-10-02 05:26:52
U00542,F001,Inception,Science-Fiction,4879,2024-10-02 05:40:36
U00127,F001,Inception,Science-Fiction,5945,2024-10-02 05:52:19
U01156,F007,Avengers Endgame,Action,8415,2024-10-02 06:03:43
U00099,F003,Parasite,Thriller,183,2024-10-02 07:02:53
U00425,F004,Interstellar,Science-Fiction,8747,2024-10-02 08:32:09
U00365,F014,The Crown,Drame,2499,2024-10-02 08:48:49
U01989,F013,Stranger Things,Fantastique,1195,2024-10-02 11:05:56
U01699,F004,Interstellar,Science-Fiction,7397,2024-10-02 11:38:50
U00809,F003,Parasite,Thriller,1982,2024-10-02 11:40:58
U00517,F008,Joker,Drame,6729,2024-10-02 11:47:26
U01029,F011,Dark,Science-Fiction,380,2024-10-02 11:48:29
U01753,F002,Le Seigneur des Anneaux,Fantasy,768,2024-10-02 14:01:20
U01771,F011,Dark,Science-Fiction,944,2024-10-02 16:11:18
U01224,F007,Avengers Endgame,Action,6870,2024-10-02 16:41:59
U01838,F001,Inception,Science-Fiction,173,2024-10-02 16:45:49
U01338,F007,Avengers Endgame,Action,8864,2024-10-02 19:00:23
U01432,F004,Interstellar,Science-Fiction,3648,2024-10-02 19:10:37
U01355,F001,Inception,Science-Fiction,824,2024-10-02 19:16:23
U01730,F012,Squid Game,Thriller,300,2024-10-02 20:32:15
U01255,F004,Interstellar,Science-Fiction,154,2024-10-02 21:02:45
U01493,F015,Notre-Dame en Flammes,Documentaire,4261,2024-10-02 22:05:04
U00975,F005,Intouchables,Comédie dramatique,1408,2024-10-02 22:15:58
U00614,F012,Squid Game,Thriller,904,2024-10-02 22:38:35
U01252,F007,Avengers Endgame,Action,10676,2024-10-02 23:37:49
U00168,F001,Inception,Science-Fiction,2194,2024-10-02 23:55:37
U00175,F007,Avengers Endgame,Action,6088,2024-10-03 00:52:59
U00864,F011,Dark,Science-Fiction,2205,2024-10-03 02:38:43
U00972,F008,Joker,Drame,5780,2024-10-03 02:41:35
U01814,F004,Interstellar,Science-Fiction,4038,2024-10-03 02:46:13
U01299,F014,The Crown,Drame,1082,2024-10-03 04:09:55
U00015,F007,Avengers Endgame,Action,8436,2024-10-03 04:34:02
U01497,F007,Avengers Endgame,Action,181,2024-10-03 06:33:18
U00868,F010,Breaking Bad,Thriller,2484,2024-10-03 06:47:29
U01696,F013,Stranger Things,Fantastique,2680,2024-10-03 08:38:03
U00708,F004,Interstellar,Science-Fiction,4419,2024-10-03 08:52:38
U00724,F004,Interstellar,Science-Fiction,6207,2024-10-03 10:34:13
U01138,F011,Dark,Science-Fiction,2672,2024-10-03 10:51:07
U00196,F009,The Office,Comédie,181,2024-10-03 11:07:52
U00448,F010,Breaking Bad,Thriller,82,2024-10-03 11:22:26
U00921,F005,Intouchables,Comédie dramatique,1431,2024-10-03 11:27:35
U01410,F011,Dark,Science-Fiction,270,2024-10-03 12:29:57
U00248,F004,Interstellar,Science-Fiction,2615,2024-10-03 16:02:02
U00232,F007,Avengers Endgame,Action,5056,2024-10-03 16:30:20
U01413,F012,Squid Game,Thriller,2739,2024-10-03 17:25:14
U01643,F011,Dark,Science-Fiction,1040,2024-10-03 18:06:34
U00837,F007,Avengers Endgame,Action,4084,2024-10-03 18:06:41
U01466,F011,Dark,Science-Fiction,2540,2024-10-03 20:09:09
U00437,F007,Avengers Endgame,Action,9325,2024-10-03 21:05:57
U01154,F003,Parasite,Thriller,5812,2024-10-03 22:17:27
U01964,F011,Dark,Science-Fiction,476,2024-10-03 23:28:43
U00323,F006,La La Land,Romance,135,2024-10-04 00:19:49
U01785,F004,Interstellar,Science-Fiction,6628,2024-10-04 00:46:22
U01114,F012,Squid Game,Thriller,3251,2024-10-04 01:05:47
U00948,F003,Parasite,Thriller,750,2024-10-04 01:38:48
U00253,F007,Avengers Endgame,Action,2940,2024-10-04 02:08:39
U00272,F003,Parasite,Thriller,228,2024-10-04 03:57:19
U00206,F006,La La Land,Romance,6202,2024-10-04 05:01:24
U01344,F001,Inception,Science-Fiction,3992,2024-10-04 08:52:43
U01366,F011,Dark,Science-Fiction,1636,2024-10-04 10:14:01
U01896,F007,Avengers Endgame,Action,7671,2024-10-04 10:24:12
U01511,F010,Breaking Bad,Thriller,407,2024-10-04 10:40:38
U00560,F002,Le Seigneur des Anneaux,Fantasy,2074,2024-10-04 10:48:18
U01074,F001,Inception,Science-Fiction,1578,2024-10-04 11:57:18
U00650,F001,Inception,Science-Fiction,4938,2024-10-04 12:05:04
U01721,F007,Avengers Endgame,Action,277,2024-10-04 12:26:00
U00593,F004,Interstellar,Science-Fiction,429,2024-10-04 13:02:47
U00607,F009,The Office,Comédie,102,2024-10-04 14:58:08
U00745,F007,Avengers Endgame,Action,9998,2024-10-04 15:27:58
U01920,F002,Le Seigneur des Anneaux,Fantasy,8271,2024-10-04 15:31:37
U01099,F012,Squid Game,Thriller,1489,2024-10-04 15:32:49
U01807,F007,Avengers Endgame,Action,1637,2024-10-04 15:42:17
U01906,F015,Notre-Dame en Flammes,Documentaire,4222,2024-10-04 17:28:53
U01822,F013,Stranger Things,Fantastique,1114,2024-10-04 17:31:02
U00381,F015,Notre-Dame en Flammes,Documentaire,812,2024-10-04 18:06:33
U01363,F007,Avengers Endgame,Action,6776,2024-10-04 18:40:26
U01309,F015,Notre-Dame en Flammes,Documentaire,845,2024-10-04 20:29:31
U01934,F009,The Office,Comédie,252,2024-10-04 23:24:53
U00981,F008,Joker,Drame,4068,2024-10-05 02:01:25
U01319,F007,Avengers Endgame,Action,7002,2024-10-05 03:29:07
U00259,F012,Squid Game,Thriller,524,2024-10-05 03:56:32
U00669,F013,Stranger Things,Fantastique,1371,2024-10-05 04:05:41
U00744,F007,Avengers Endgame,Action,1565,2024-10-05 04:50:50
U00880,F001,Inception,Science-Fiction,7526,2024-10-05 05:37:32
U01129,F014,The Crown,Drame,31,2024-10-05 07:23:30
U01282,F007,Avengers Endgame,Action,2062,2024-10-05 08:53:56
U00104,F004,Interstellar,Science-Fiction,4993,2024-10-05 09:17:18
U01036,F012,Squid Game,Thriller,762,2024-10-05 09:57:26
U00381,F012,Squid Game,Thriller,637,2024-10-05 10:01:51
U01254,F013,Stranger Things,Fantastique,233,2024-10-05 10:18:19
U01880,F008,Joker,Drame,5205,2024-10-05 10:20:35
U01514,F010,Breaking Bad,Thriller,2479,2024-10-05 10:22:33
U00026,F001,Inception,Science-Fiction,7533,2024-10-05 11:22:39
U01965,F002,Le Seigneur des Anneaux,Fantasy,137,2024-10-05 13:07:43
U01134,F002,Le Seigneur des Anneaux,Fantasy,2025,2024-10-05 16:37:49
U00880,F007,Avengers Endgame,Action,7254,2024-10-05 17:53:39
U00845,F011,Dark,Science-Fiction,473,2024-10-05 18:40:58
U01669,F002,Le Seigneur des Anneaux,Fantasy,2791,2024-10-05 18:45:15
U00830,F008,Joker,Drame,1144,2024-10-05 19:54:10
U01304,F004,Interstellar,Science-Fiction,4608,2024-10-05 21:48:10
U00956,F003,Parasite,Thriller,4411,2024-10-05 23:22:21
U00513,F004,Interstellar,Science-Fiction,6233,2024-10-05 23:44:15
U00279,F010,Breaking Bad,Thriller,2439,2024-10-06 00:31:07
U00331,F002,Le Seigneur des Anneaux,Fantasy,1064,2024-10-06 00:33:28
U00891,F014,The Crown,Drame,3535,2024-10-06 00:57:02
U01278,F007,Avengers Endgame,Action,4373,2024-10-06 01:16:32
U01568,F012,Squid Game,Thriller,2738,2024-10-06 01:46:15
U01830,F005,Intouchables,Comédie dramatique,110,2024-10-06 01:50:49
U01855,F003,Parasite,Thriller,65,2024-10-06 02:09:03
U01578,F004,Interstellar,Science-Fiction,2259,2024-10-06 02:12:53
U00281,F006,La La Land,Romance,5905,2024-10-06 03:23:12
U01370,F007,Avengers Endgame,Action,3362,2024-10-06 03:24:11
U00829,F001,Inception,Science-Fiction,5258,2024-10-06 05:57:49
U00834,F010,Breaking Bad,Thriller,207,2024-10-06 06:39:26
U00927,F005,Intouchables,Comédie dramatique,2116,2024-10-06 07:12:23
U00047,F007,Avengers Endgame,Action,9921,2024-10-06 07:16:14
U00155,F006,La La Land,Romance,87,2024-10-06 07:43:52
U00408,F002,Le Seigneur des Anneaux,Fantasy,51,2024-10-06 09:27:14
U01540,F012,Squid Game,Thriller,2620,2024-10-06 10:56:26
U00521,F008,Joker,Drame,7233,2024-10-06 13:05:46
U01507,F005,Intouchables,Comédie dramatique,4199,2024-10-06 13:10:31
U00177,F007,Avengers Endgame,Action,250,2024-10-06 13:41:51
U01727,F006,La La Land,Romance,6691,2024-10-06 13:42:49
U00799,F007,Avengers Endgame,Action,189,2024-10-06 13:52:07
U00392,F004,Interstellar,Science-Fiction,4130,2024-10-06 14:05:34
U00371,F012,Squid Game,Thriller,1095,2024-10-06 14:36:00
U00020,F008,Joker,Drame,4266,2024-10-06 14:42:48
U00975,F007,Avengers Endgame,Action,146,2024-10-06 15:52:36
U00164,F007,Avengers Endgame,Action,86,2024-10-06 16:14:59
U01147,F004,Interstellar,Science-Fiction,1397,2024-10-06 16:25:41
U00830,F011,Dark,Science-Fiction,2129,2024-10-06 16:45:32
U01792,F010,Breaking Bad,Thriller,2539,2024-10-06 20:52:56
U01520,F012,Squid Game,Thriller,1072,2024-10-06 23:01:14
U00003,F007,Avengers Endgame,Action,2809,2024-10-06 23:05:44
U00035,F007,Avengers Endgame,Action,10180,2024-10-06 23:14:33
U01564,F010,Breaking Bad,Thriller,2060,2024-10-07 01:13:18
U00371,F012,Squid Game,Thriller,1989,2024-10-07 01:54:45
U01044,F009,The Office,Comédie,167,2024-10-07 02:28:08
U00194,F010,Breaking Bad,Thriller,1255,2024-10-07 02:33:11
U01623,F003,Parasite,Thriller,5656,2024-10-07 04:19:26
U01665,F004,Interstellar,Science-Fiction,9117,2024-10-07 05:37:27
U00821,F001,Inception,Science-Fiction,6544,2024-10-07 05:44:35
U01631,F007,Avengers Endgame,Action,7657,2024-10-07 07:09:26
U01465,F008,Joker,Drame,4018,2024-10-07 07:16:37
U01410,F008,Joker,Drame,7248,2024-10-07 08:04:28
U00538,F011,Dark,Science-Fiction,1578,2024-10-07 09:28:25
U00483,F004,Interstellar,Science-Fiction,99,2024-10-07 09:56:05
U01402,F010,Breaking Bad,Thriller,991,2024-10-07 13:27:00
U01860,F011,Dark,Science-Fiction,1983,2024-10-07 13:31:45
U00158,F004,Interstellar,Science-Fiction,7652,2024-10-07 13:53:02
U00694,F008,Joker,Drame,6378,2024-10-07 14:39:28
U00176,F012,Squid Game,Thriller,2307,2024-10-07 15:37:53
U01024,F001,Inception,Science-Fiction,6551,2024-10-07 15:53:27
U00316,F009,The Office,Comédie,618,2024-10-07 16:14:14
U01632,F005,Intouchables,Comédie dramatique,6700,2024-10-07 20:01:32
U00255,F011,Dark,Science-Fiction,2105,2024-10-07 20:47:30
U01364,F003,Parasite,Thriller,5819,2024-10-07 20:50:02
U00034,F001,Inception,Science-Fiction,242,2024-10-07 21:12:46
U01226,F004,Interstellar,Science-Fiction,2003,2024-10-07 21:54:16
U00194,F007,Avengers Endgame,Action,2364,2024-10-08 01:41:11
U00198,F012,Squid Game,Thriller,1993,2024-10-08 04:16:34
U00995,F001,Inception,Science-Fiction,3612,2024-10-08 05:51:34
U01539,F013,Stranger Things,Fantastique,2699,2024-10-08 06:00:23
U01355,F002,Le Seigneur des Anneaux,Fantasy,6151,2024-10-08 06:57:08
U00539,F003,Parasite,Thriller,49,2024-10-08 08:46:48
U00350,F001,Inception,Science-Fiction,1147,2024-10-08 09:07:10
U00076,F007,Avengers Endgame,Action,5141,2024-10-08 09:53:37
U00846,F012,Squid Game,Thriller,2299,2024-10-08 10:07:41
U01245,F012,Squid Game,Thriller,1587,2024-10-08 11:11:28
U00250,F008,Joker,Drame,5207,2024-10-08 11:13:21
U00625,F010,Breaking Bad,Thriller,1062,2024-10-08 12:39:28
U00861,F013,Stranger Things,Fantastique,1242,2024-10-08 12:51:45
U00633,F003,Parasite,Thriller,6712,2024-10-08 14:14:48
U00655,F003,Parasite,Thriller,7116,2024-10-08 14:19:51
U00618,F001,Inception,Science-Fiction,7634,2024-10-08 14:24:34
U00677,F012,Squid Game,Thriller,235,2024-10-08 15:32:31
U00051,F013,Stranger Things,Fantastique,2306,2024-10-08 19:21:16
U00978,F007,Avengers Endgame,Action,5230,2024-10-08 21:59:04
U01117,F004,Interstellar,Science-Fiction,702,2024-10-08 22:41:09
U00290,F010,Breaking Bad,Thriller,1954,2024-10-08 22:42:49
U01520,F013,Stranger Things,Fantastique,1100,2024-10-08 23:51:49
U01970,F007,Avengers Endgame,Action,5461,2024-10-09 01:43:49
U01451,F015,Notre-Dame en Flammes,Documentaire,4105,2024-10-09 03:56:08
U01282,F014,The Crown,Drame,240,2024-10-09 04:30:32
U00073,F010,Breaking Bad,Thriller,1972,2024-10-09 07:52:02
U00900,F009,The Office,Comédie,221,2024-10-09 08:23:02
U01881,F012,Squid Game,Thriller,144,2024-10-09 09:42:16
U01216,F001,Inception,Science-Fiction,4795,2024-10-09 10:23:45
U01045,F003,Parasite,Thriller,5398,2024-10-09 11:39:52
U01840,F007,Avengers Endgame,Action,4684,2024-10-09 12:43:37
U00017,F012,Squid Game,Thriller,841,2024-10-09 12:51:59
U00296,F013,Stranger Things,Fantastique,1212,2024-10-09 14:09:37
U00537,F004,Interstellar,Science-Fiction,3545,2024-10-09 15:02:30
U01269,F013,Stranger Things,Fantastique,2414,2024-10-09 15:58:33
U00757,F012,Squid Game,Thriller,919,2024-10-09 16:34:46
U00110,F013,Stranger Things,Fantastique,246,2024-10-09 16:48:25
U01832,F002,Le Seigneur des Anneaux,Fantasy,123,2024-10-09 18:31:53
U00050,F012,Squid Game,Thriller,3181,2024-10-09 19:51:09
U01154,F007,Avengers Endgame,Action,6185,2024-10-09 20:54:15
U01850,F012,Squid Game,Thriller,2235,2024-10-09 21:10:59
U00713,F005,Intouchables,Comédie dramatique,6558,2024-10-09 22:36:58
U00852,F012,Squid Game,Thriller,1168,2024-10-09 23:05:44
U01889,F004,Interstellar,Science-Fiction,8150,2024-10-09 23:16:54
U01057,F013,Stranger Things,Fantastique,228,2024-10-09 23:22:40
U00372,F004,Interstellar,Science-Fiction,597,2024-10-09 23:57:24
U00629,F010,Breaking Bad,Thriller,663,2024-10-10 01:11:48
U00532,F013,Stranger Things,Fantastique,2511,2024-10-10 01:49:47
U00203,F004,Interstellar,Science-Fiction,532,2024-10-10 03:18:25
U00535,F007,Avengers Endgame,Action,5232,2024-10-10 04:55:51
U01508,F013,Stranger Things,Fantastique,955,2024-10-10 05:31:22
U01491,F012,Squid Game,Thriller,2549,2024-10-10 06:00:40
U00015,F005,Intouchables,Comédie dramatique,4173,2024-10-10 06:28:27
U01531,F004,Interstellar,Science-Fiction,6248,2024-10-10 06:51:38
U01671,F012,Squid Game,Thriller,1304,2024-10-10 07:14:46
U01886,F002,Le Seigneur des Anneaux,Fantasy,6799,2024-10-10 07:19:23
U01439,F004,Interstellar,Science-Fiction,5222,2024-10-10 08:39:20
U01703,F004,Interstellar,Science-Fiction,8679,2024-10-10 08:48:21
U01068,F008,Joker,Drame,5131,2024-10-10 10:43:11
U00641,F012,Squid Game,Thriller,1807,2024-10-10 11:39:19
U00478,F009,The Office,Comédie,1238,2024-10-10 15:55:34
U00337,F008,Joker,Drame,903,2024-10-10 16:15:29
U00800,F013,Stranger Things,Fantastique,1944,2024-10-10 16:57:51
U01166,F013,Stranger Things,Fantastique,2018,2024-10-10 17:45:02
U01947,F007,Avengers Endgame,Action,6223,2024-10-10 20:46:45
U00155,F007,Avengers Endgame,Action,8342,2024-10-10 21:30:14
U01247,F002,Le Seigneur des Anneaux,Fantasy,9502,2024-10-10 22:15:03
U00559,F003,Parasite,Thriller,113,2024-10-10 22:31:30
U00959,F002,Le Seigneur des Anneaux,Fantasy,3201,2024-10-10 22:42:32
U00571,F007,Avengers Endgame,Action,2031,2024-10-10 22:44:23
U00456,F007,Avengers Endgame,Action,5855,2024-10-10 22:55:00
U00136,F004,Interstellar,Science-Fiction,3396,2024-10-10 23:25:06
U01457,F001,Inception,Science-Fiction,4821,2024-10-10 23:46:01
U00795,F007,Avengers Endgame,Action,931,2024-10-11 00:05:29
U01221,F008,Joker,Drame,3752,2024-10-11 00:36:14
U00784,F005,Intouchables,Comédie dramatique,3324,2024-10-11 01:00:06
U00539,F001,Inception,Science-Fiction,172,2024-10-11 03:19:14
U01304,F006,La La Land,Romance,2305,2024-10-11 04:05:46
U01554,F004,Interstellar,Science-Fiction,5615,2024-10-11 04:29:27
U01454,F011,Dark,Science-Fiction,966,2024-10-11 05:22:48
U01473,F010,Breaking Bad,Thriller,1769,2024-10-11 05:41:59
U00610,F008,Joker,Drame,5273,2024-10-11 05:50:33
U00332,F015,Notre-Dame en Flammes,Documentaire,251,2024-10-11 06:45:54
U01025,F002,Le Seigneur des Anneaux,Fantasy,4260,2024-10-11 10:50:43
U01212,F007,Avengers Endgame,Action,10416,2024-10-11 11:24:41
U01804,F006,La La Land,Romance,4979,2024-10-11 11:27:30
U00762,F002,Le Seigneur des Anneaux,Fantasy,7541,2024-10-11 15:27:25
U01197,F006,La La Land,Romance,4532,2024-10-11 15:50:08
U01832,F006,La La Land,Romance,7408,2024-10-11 16:41:18
U01047,F007,Avengers Endgame,Action,266,2024-10-11 16:46:44
U01588,F002,Le Seigneur des Anneaux,Fantasy,5130,2024-10-11 18:10:09
U01721,F010,Breaking Bad,Thriller,1756,2024-10-11 19:53:53
U01367,F006,La La Land,Romance,1971,2024-10-11 20:13:01
U01929,F006,La La Land,Romance,5696,2024-10-11 20:14:34
U01108,F012,Squid Game,Thriller,1372,2024-10-11 23:01:50
U00835,F014,The Crown,Drame,1397,2024-10-12 00:03:45
U00723,F013,Stranger Things,Fantastique,217,2024-10-12 00:15:38
U00745,F012,Squid Game,Thriller,1876,2024-10-12 02:11:52
U01653,F013,Stranger Things,Fantastique,1028,2024-10-12 02:37:50
U00462,F011,Dark,Science-Fiction,2520,2024-10-12 02:59:06
U00616,F001,Inception,Science-Fiction,2081,2024-10-12 03:51:17
U01376,F012,Squid Game,Thriller,765,2024-10-12 04:39:24
U01654,F013,Stranger Things,Fantastique,259,2024-10-12 05:11:02
U01484,F012,Squid Game,Thriller,1469,2024-10-12 05:51:12
U00165,F004,Interstellar,Science-Fiction,35,2024-10-12 07:21:10
U01269,F007,Avengers Endgame,Action,61,2024-10-12 07:58:08
U00115,F001,Inception,Science-Fiction,6330,2024-10-12 08:03:02
U00364,F014,The Crown,Drame,2396,2024-10-12 09:31:31
U01052,F008,Joker,Drame,5996,2024-10-12 10:15:03
U01732,F004,Interstellar,Science-Fiction,4341,2024-10-12 10:50:46
U00587,F001,Inception,Science-Fiction,269,2024-10-12 12:01:24
U00494,F010,Breaking Bad,Thriller,2541,2024-10-12 12:26:21
U00997,F004,Interstellar,Science-Fiction,9236,2024-10-12 13:39:25
U01838,F002,Le Seigneur des Anneaux,Fantasy,1902,2024-10-12 13:40:07
U00585,F003,Parasite,Thriller,1712,2024-10-12 14:49:37
U00933,F008,Joker,Drame,1346,2024-10-12 15:45:06
U01739,F012,Squid Game,Thriller,1275,2024-10-12 15:49:20
U01911,F012,Squid Game,Thriller,1467,2024-10-12 17:14:40
U01456,F003,Parasite,Thriller,94,2024-10-12 17:24:02
U01377,F012,Squid Game,Thriller,1346,2024-10-12 17:55:40
U00810,F004,Interstellar,Science-Fiction,256,2024-10-12 19:12:15
U00910,F004,Interstellar,Science-Fiction,2964,2024-10-12 19:28:59
U01909,F007,Avengers Endgame,Action,122,2024-10-12 19:35:10
U00150,F001,Inception,Science-Fiction,2252,2024-10-12 19:36:25
U01715,F007,Avengers Endgame,Action,249,2024-10-12 21:41:03
U01475,F012,Squid Game,Thriller,1706,2024-10-12 23:26:17
U00931,F007,Avengers Endgame,Action,118,2024-10-13 00:10:13
U00179,F012,Squid Game,Thriller,36,2024-10-13 00:42:37
U01904,F007,Avengers Endgame,Action,10745,2024-10-13 01:05:33
U01661,F003,Parasite,Thriller,1034,2024-10-13 01:16:42
U00940,F009,The Office,Comédie,674,2024-10-13 01:46:35
U00398,F004,Interstellar,Science-Fiction,4807,2024-10-13 02:09:04
U01669,F007,Avengers Endgame,Action,5174,2024-10-13 04:20:37
U01515,F002,Le Seigneur des Anneaux,Fantasy,8005,2024-10-13 06:12:57
U01989,F003,Parasite,Thriller,5848,2024-10-13 06:57:05
U01390,F012,Squid Game,Thriller,1522,2024-10-13 09:21:37
U00399,F004,Interstellar,Science-Fiction,5097,2024-10-13 09:28:40
U00243,F001,Inception,Science-Fiction,5406,2024-10-13 09:42:12
U01596,F001,Inception,Science-Fiction,2242,2024-10-13 12:18:30
U01345,F004,Interstellar,Science-Fiction,8374,2024-10-13 12:55:32
U00033,F004,Interstellar,Science-Fiction,942,2024-10-13 13:07:50
U01780,F013,Stranger Things,Fantastique,590,2024-10-13 13:20:46
U00613,F007,Avengers Endgame,Action,318,2024-10-13 14:53:53
U01052,F007,Avengers Endgame,Action,106,2024-10-13 17:44:31
U00596,F005,Intouchables,Comédie dramatique,5104,2024-10-13 19:41:36
U01998,F007,Avengers Endgame,Action,187,2024-10-13 20:30:56
U00060,F004,Interstellar,Science-Fiction,8573,2024-10-13 21:58:46
U00415,F012,Squid Game,Thriller,3036,2024-10-13 23:50:42
U00380,F007,Avengers Endgame,Action,9365,2024-10-14 00:49:30
U01569,F008,Joker,Drame,3774,2024-10-14 01:45:43
U00488,F013,Stranger Things,Fantastique,2348,2024-10-14 02:21:42
U01908,F008,Joker,Drame,2825,2024-10-14 02:57:21
U00679,F012,Squid Game,Thriller,291,2024-10-14 03:21:59
U00768,F001,Inception,Science-Fiction,8483,2024-10-14 04:36:32
U01150,F006,La La Land,Romance,3891,2024-10-14 04:40:31
U00343,F015,Notre-Dame en Flammes,Documentaire,2335,2024-10-14 05:30:45
U01564,F012,Squid Game,Thriller,2964,2024-10-14 05:30:59
U00316,F005,Intouchables,Comédie dramatique,3991,2024-10-14 06:05:13
U00784,F010,Breaking Bad,Thriller,1439,2024-10-14 07:11:04
U00101,F013,Stranger Things,Fantastique,1125,2024-10-14 09:37:19
U01649,F013,Stranger Things,Fantastique,513,2024-10-14 13:11:08
U01144,F011,Dark,Science-Fiction,2009,2024-10-14 15:52:07
U00094,F014,The Crown,Drame,127,2024-10-14 15:57:57
U00104,F006,La La Land,Romance,3800,2024-10-14 17:16:02
U01095,F001,Inception,Science-Fiction,267,2024-10-14 17:50:30
U00816,F007,Avengers Endgame,Action,1983,2024-10-14 18:43:04
U01794,F015,Notre-Dame en Flammes,Documentaire,59,2024-10-14 19:01:02
U01926,F010,Breaking Bad,Thriller,1655,2024-10-14 19:06:02
U00875,F008,Joker,Drame,2748,2024-10-14 19:22:28
U01580,F002,Le Seigneur des Anneaux,Fantasy,6663,2024-10-14 20:46:22
U00291,F013,Stranger Things,Fantastique,2773,2024-10-14 20:55:31
U01262,F004,Interstellar,Science-Fiction,5006,2024-10-14 22:37:14
U00809,F005,Intouchables,Comédie dramatique,3776,2024-10-14 22:38:54
U01149,F001,Inception,Science-Fiction,8079,2024-10-14 23:32:19
U01677,F010,Breaking Bad,Thriller,1347,2024-10-15 00:48:58
U00110,F005,Intouchables,Comédie dramatique,5093,2024-10-15 02:30:37
U01125,F012,Squid Game,Thriller,2406,2024-10-15 04:25:35
U01998,F003,Parasite,Thriller,5736,2024-10-15 04:38:12
U00482,F002,Le Seigneur des Anneaux,Fantasy,4041,2024-10-15 05:28:30
U01414,F007,Avengers Endgame,Action,85,2024-10-15 05:42:25
U01262,F012,Squid Game,Thriller,2109,2024-10-15 07:47:17
U01799,F002,Le Seigneur des Anneaux,Fantasy,84,2024-10-15 07:49:30
U01674,F012,Squid Game,Thriller,370,2024-10-15 08:33:52
U01102,F004,Interstellar,Science-Fiction,9523,2024-10-15 08:46:18
U01419,F002,Le Seigneur des Anneaux,Fantasy,3066,2024-10-15 10:24:52
U00379,F002,Le Seigneur des Anneaux,Fantasy,1174,2024-10-15 11:31:21
U00459,F009,The Office,Comédie,517,2024-10-15 11:40:40
U00294,F011,Dark,Science-Fiction,1441,2024-10-15 12:21:52
U00522,F005,Intouchables,Comédie dramatique,4774,2024-10-15 13:21:34
U00088,F005,Intouchables,Comédie dramatique,3491,2024-10-15 14:20:15
U01150,F003,Parasite,Thriller,627,2024-10-15 16:48:01
U01687,F004,Interstellar,Science-Fiction,7178,2024-10-15 17:44:59
U01760,F004,Interstellar,Science-Fiction,4497,2024-10-15 17:46:01
U01605,F010,Breaking Bad,Thriller,535,2024-10-15 18:19:00
U00229,F012,Squid Game,Thriller,72,2024-10-15 19:13:13
U00258,F010,Breaking Bad,Thriller,2261,2024-10-15 20:12:08
U00646,F003,Parasite,Thriller,52,2024-10-15 21:21:14
U01750,F001,Inception,Science-Fiction,6501,2024-10-15 21:25:14
U00660,F006,La La Land,Romance,5639,2024-10-15 23:40:32
U01381,F011,Dark,Science-Fiction,1374,2024-10-16 01:05:13
U01370,F002,Le Seigneur des Anneaux,Fantasy,947,2024-10-16 01:10:09
U00663,F012,Squid Game,Thriller,2526,2024-10-16 03:52:42
U00532,F012,Squid Game,Thriller,2556,2024-10-16 04:00:11
U00187,F012,Squid Game,Thriller,79,2024-10-16 04:04:19
U00005,F005,Intouchables,Comédie dramatique,5458,2024-10-16 04:55:09
U01013,F007,Avengers Endgame,Action,139,2024-10-16 05:48:58
U00079,F007,Avengers Endgame,Action,4990,2024-10-16 06:24:48
U00435,F013,Stranger Things,Fantastique,2597,2024-10-16 06:30:20
U00816,F005,Intouchables,Comédie dramatique,4351,2024-10-16 06:38:48
U01024,F004,Interstellar,Science-Fiction,4772,2024-10-16 07:37:03
U00001,F003,Parasite,Thriller,162,2024-10-16 08:42:53
U00792,F002,Le Seigneur des Anneaux,Fantasy,2924,2024-10-16 09:24:24
U00620,F010,Breaking Bad,Thriller,2686,2024-10-16 09:46:10
U01021,F007,Avengers Endgame,Action,284,2024-10-16 10:07:50
U00612,F015,Notre-Dame en Flammes,Documentaire,3896,2024-10-16 10:58:12
U01766,F004,Interstellar,Science-Fiction,5208,2024-10-16 10:59:49
U00736,F012,Squid Game,Thriller,2407,2024-10-16 11:14:00
U00686,F003,Parasite,Thriller,2350,2024-10-16 11:45:46
U00125,F013,Stranger Things,Fantastique,1891,2024-10-16 12:13:43
U00568,F007,Avengers Endgame,Action,10366,2024-10-16 13:10:29
U01616,F014,The Crown,Drame,1184,2024-10-16 13:11:16
U01063,F004,Interstellar,Science-Fiction,8718,2024-10-16 13:48:40
U01624,F010,Breaking Bad,Thriller,1779,2024-10-16 15:17:12
U00013,F008,Joker,Drame,6906,2024-10-16 16:46:03
U00022,F007,Avengers Endgame,Action,6226,2024-10-16 18:19:14
U00872,F013,Stranger Things,Fantastique,2454,2024-10-16 19:40:57
U01167,F007,Avengers Endgame,Action,3693,2024-10-16 19:56:52
U01470,F001,Inception,Science-Fiction,5450,2024-10-16 20:29:11
U00848,F001,Inception,Science-Fiction,4543,2024-10-16 22:08:15
U01253,F010,Breaking Bad,Thriller,869,2024-10-16 23:49:08
U00100,F007,Avengers Endgame,Action,269,2024-10-17 02:36:54
U01785,F012,Squid Game,Thriller,460,2024-10-17 02:49:04
U01973,F006,La La Land,Romance,7371,2024-10-17 04:04:09
U01210,F014,The Crown,Drame,176,2024-10-17 04:05:51
U00625,F002,Le Seigneur des Anneaux,Fantasy,4972,2024-10-17 05:13:00
U01832,F001,Inception,Science-Fiction,4175,2024-10-17 06:10:38
U01395,F009,The Office,Comédie,855,2024-10-17 06:21:05
U01011,F003,Parasite,Thriller,2970,2024-10-17 06:23:35
U00390,F008,Joker,Drame,2701,2024-10-17 09:23:21
U00810,F004,Interstellar,Science-Fiction,3275,2024-10-17 10:53:28
U00005,F001,Inception,Science-Fiction,1911,2024-10-17 11:49:32
U00997,F007,Avengers Endgame,Action,2000,2024-10-17 11:58:00
U01900,F006,La La Land,Romance,4810,2024-10-17 14:18:52
U01443,F015,Notre-Dame en Flammes,Documentaire,201,2024-10-17 14:52:16
U01752,F013,Stranger Things,Fantastique,1716,2024-10-17 16:28:35
U01488,F013,Stranger Things,Fantastique,760,2024-10-17 17:32:13
U01830,F010,Breaking Bad,Thriller,389,2024-10-17 17:33:12
U01827,F011,Dark,Science-Fiction,2325,2024-10-17 17:41:16
U00607,F005,Intouchables,Comédie dramatique,3906,2024-10-17 20:15:24
U01130,F004,Interstellar,Science-Fiction,2418,2024-10-17 20:49:25
U00350,F008,Joker,Drame,4382,2024-10-17 21:07:29
U00958,F002,Le Seigneur des Anneaux,Fantasy,460,2024-10-17 21:23:50
U00206,F012,Squid Game,Thriller,2296,2024-10-17 23:07:34
U01596,F002,Le Seigneur des Anneaux,Fantasy,10147,2024-10-17 23:46:47
U01052,F004,Interstellar,Science-Fiction,5798,2024-10-17 23:57:05
U00347,F002,Le Seigneur des Anneaux,Fantasy,1131,2024-10-18 01:24:38
U01598,F007,Avengers Endgame,Action,10544,2024-10-18 01:38:15
U00270,F005,Intouchables,Comédie dramatique,4306,2024-10-18 02:01:36
U00168,F010,Breaking Bad,Thriller,2515,2024-10-18 03:00:29
U01362,F013,Stranger Things,Fantastique,2291,2024-10-18 04:00:53
U01122,F010,Breaking Bad,Thriller,1904,2024-10-18 04:01:50
U01346,F012,Squid Game,Thriller,1019,2024-10-18 04:53:16
U01375,F008,Joker,Drame,3581,2024-10-18 05:33:20
U01657,F012,Squid Game,Thriller,2146,2024-10-18 06:03:17
U01566,F013,Stranger Things,Fantastique,754,2024-10-18 08:05:07
U00040,F004,Interstellar,Science-Fiction,8036,2024-10-18 08:17:57
U01235,F002,Le Seigneur des Anneaux,Fantasy,2092,2024-10-18 09:39:14
U01622,F015,Notre-Dame en Flammes,Documentaire,3881,2024-10-18 11:38:29
U01357,F013,Stranger Things,Fantastique,999,2024-10-18 12:33:29
U01698,F009,The Office,Comédie,1211,2024-10-18 14:30:13
U00076,F009,The Office,Comédie,241,2024-10-18 14:57:14
U01032,F002,Le Seigneur des Anneaux,Fantasy,33,2024-10-18 16:34:11
U00482,F012,Squid Game,Thriller,3148,2024-10-18 16:49:49
U01305,F006,La La Land,Romance,3323,2024-10-18 17:47:03
U00945,F008,Joker,Drame,6665,2024-10-18 18:15:57
U01359,F008,Joker,Drame,1889,2024-10-18 18:41:54
U01279,F005,Intouchables,Comédie dramatique,395,2024-10-18 19:26:51
U01294,F007,Avengers Endgame,Action,9020,2024-10-18 20:06:57
U01949,F010,Breaking Bad,Thriller,956,2024-10-18 20:26:49
U00348,F012,Squid Game,Thriller,2856,2024-10-18 20:36:55
U01913,F003,Parasite,Thriller,5164,2024-10-18 20:42:52
U01899,F007,Avengers Endgame,Action,2985,2024-10-18 21:29:35
U00493,F003,Parasite,Thriller,6297,2024-10-18 22:35:57
U00844,F003,Parasite,Thriller,1032,2024-10-18 22:42:09
U01931,F007,Avengers Endgame,Action,10112,2024-10-18 23:45:02
U00630,F001,Inception,Science-Fiction,2295,2024-10-19 00:11:42
U00386,F011,Dark,Science-Fiction,1187,2024-10-19 01:44:06
U01132,F009,The Office,Comédie,236,2024-10-19 03:57:43
U01847,F008,Joker,Drame,287,2024-10-19 04:43:09
U01525,F002,Le Seigneur des Anneaux,Fantasy,2085,2024-10-19 04:51:00
U00951,F005,Intouchables,Comédie dramatique,3356,2024-10-19 05:08:09
U01315,F010,Breaking Bad,Thriller,1306,2024-10-19 05:49:53
U00789,F007,Avengers Endgame,Action,4050,2024-10-19 06:23:48
U00189,F008,Joker,Drame,3361,2024-10-19 06:27:07
U01255,F001,Inception,Science-Fiction,7713,2024-10-19 07:30:43
U01811,F010,Breaking Bad,Thriller,835,2024-10-19 07:36:59
U00171,F005,Intouchables,Comédie dramatique,3104,2024-10-19 07:57:58
U01073,F012,Squid Game,Thriller,2411,2024-10-19 08:03:18
U00042,F004,Interstellar,Science-Fiction,3674,2024-10-19 09:31:30
U01119,F007,Avengers Endgame,Action,10546,2024-10-19 09:51:50
U01837,F004,Interstellar,Science-Fiction,155,2024-10-19 10:17:46
U01992,F012,Squid Game,Thriller,350,2024-10-19 10:49:33
U00573,F007,Avengers Endgame,Action,10911,2024-10-19 12:40:14
U01492,F007,Avengers Endgame,Action,3592,2024-10-19 12:40:55
U01358,F007,Avengers Endgame,Action,1696,2024-10-19 12:49:20
U00166,F011,Dark,Science-Fiction,2546,2024-10-19 14:53:40
U01238,F013,Stranger Things,Fantastique,338,2024-10-19 18:57:53
U00008,F012,Squid Game,Thriller,2054,2024-10-19 19:19:52
U00279,F013,Stranger Things,Fantastique,2438,2024-10-19 20:29:54
U00679,F009,The Office,Comédie,448,2024-10-19 21:17:45
U01140,F005,Intouchables,Comédie dramatique,1125,2024-10-19 21:23:15
U00460,F009,The Office,Comédie,701,2024-10-19 21:57:46
U01222,F001,Inception,Science-Fiction,110,2024-10-19 23:51:07
U01025,F007,Avengers Endgame,Action,2459,2024-10-20 02:18:06
U00526,F008,Joker,Drame,4055,2024-10-20 02:53:53
U00152,F007,Avengers Endgame,Action,2246,2024-10-20 04:15:49
U01169,F002,Le Seigneur des Anneaux,Fantasy,9081,2024-10-20 04:45:55
U00765,F012,Squid Game,Thriller,1048,2024-10-20 04:47:07
U00779,F005,Intouchables,Comédie dramatique,2260,2024-10-20 04:47:26
U01148,F004,Interstellar,Science-Fiction,6476,2024-10-20 05:36:14
U00206,F004,Interstellar,Science-Fiction,504,2024-10-20 06:00:19
U01503,F008,Joker,Drame,4052,2024-10-20 06:41:25
U00702,F003,Parasite,Thriller,5065,2024-10-20 08:10:29
U01561,F007,Avengers Endgame,Action,6086,2024-10-20 08:48:32
U00961,F007,Avengers Endgame,Action,9489,2024-10-20 09:30:57
U00107,F010,Breaking Bad,Thriller,2088,2024-10-20 10:23:46
U00452,F004,Interstellar,Science-Fiction,1922,2024-10-20 10:52:29
U01960,F008,Joker,Drame,3299,2024-10-20 12:47:51
U01249,F012,Squid Game,Thriller,2121,2024-10-20 13:10:48
U00809,F003,Parasite,Thriller,7182,2024-10-20 13:38:48
U01639,F001,Inception,Science-Fiction,8241,2024-10-20 13:57:34
U00310,F003,Parasite,Thriller,1495,2024-10-20 15:06:01
U00261,F010,Breaking Bad,Thriller,307,2024-10-20 16:06:10
U00816,F007,Avengers Endgame,Action,4046,2024-10-20 17:06:04
U00610,F002,Le Seigneur des Anneaux,Fantasy,3738,2024-10-20 18:53:58
U01388,F004,Interstellar,Science-Fiction,5948,2024-10-20 19:00:22
U01110,F001,Inception,Science-Fiction,389,2024-10-20 19:17:27
U01871,F008,Joker,Drame,4477,2024-10-20 20:04:56
U01150,F007,Avengers Endgame,Action,6373,2024-10-20 20:08:13
U01607,F011,Dark,Science-Fiction,2560,2024-10-20 20:09:44
U00885,F013,Stranger Things,Fantastique,1725,2024-10-20 22:22:07
U00216,F006,La La Land,Romance,95,2024-10-20 22:41:43
U00324,F010,Breaking Bad,Thriller,2292,2024-10-20 23:31:44
U00191,F007,Avengers Endgame,Action,3091,2024-10-21 00:10:59
U01975,F012,Squid Game,Thriller,1989,2024-10-21 01:40:19
U01555,F013,Stranger Things,Fantastique,1177,2024-10-21 02:02:30
U00975,F010,Breaking Bad,Thriller,2696,2024-10-21 02:47:37
U01796,F010,Breaking Bad,Thriller,1231,2024-10-21 03:03:12
U00580,F003,Parasite,Thriller,3602,2024-10-21 03:07:47
U01177,F003,Parasite,Thriller,1260,2024-10-21 04:54:43
U00763,F001,Inception,Science-Fiction,3364,2024-10-21 04:58:46
U00799,F002,Le Seigneur des Anneaux,Fantasy,8401,2024-10-21 05:53:04
U01831,F008,Joker,Drame,2686,2024-10-21 08:27:11
U00943,F004,Interstellar,Science-Fiction,5212,2024-10-21 08:52:17
U00683,F012,Squid Game,Thriller,2457,2024-10-21 11:09:11
U01881,F011,Dark,Science-Fiction,2367,2024-10-21 12:47:05
U01282,F005,Intouchables,Comédie dramatique,2119,2024-10-21 13:22:27
U01481,F007,Avengers Endgame,Action,6114,2024-10-21 13:27:52
U00472,F007,Avengers Endgame,Action,687,2024-10-21 15:26:04
U00073,F009,The Office,Comédie,504,2024-10-21 16:01:11
U00588,F013,Stranger Things,Fantastique,584,2024-10-21 16:54:43
U00041,F011,Dark,Science-Fiction,470,2024-10-21 17:04:19
U00457,F003,Parasite,Thriller,6891,2024-10-21 17:48:03
U00553,F012,Squid Game,Thriller,1376,2024-10-21 19:02:58
U00111,F015,Notre-Dame en Flammes,Documentaire,145,2024-10-21 23:45:50
U00078,F006,La La Land,Romance,164,2024-10-22 00:03:39
U01109,F008,Joker,Drame,7104,2024-10-22 00:52:57
U01210,F007,Avengers Endgame,Action,7645,2024-10-22 02:43:18
U01326,F007,Avengers Endgame,Action,4415,2024-10-22 03:02:15
U00527,F004,Interstellar,Science-Fiction,7170,2024-10-22 04:50:15
U00300,F004,Interstellar,Science-Fiction,1552,2024-10-22 05:43:12
U01638,F012,Squid Game,Thriller,2120,2024-10-22 05:57:24
U01888,F009,The Office,Comédie,364,2024-10-22 06:19:47
U00424,F001,Inception,Science-Fiction,6352,2024-10-22 07:12:42
U00311,F003,Parasite,Thriller,171,2024-10-22 09:09:44
U00467,F010,Breaking Bad,Thriller,118,2024-10-22 09:12:12
U00676,F001,Inception,Science-Fiction,2199,2024-10-22 10:51:16
U01112,F010,Breaking Bad,Thriller,536,2024-10-22 10:56:13
U01256,F004,Interstellar,Science-Fiction,9072,2024-10-22 12:34:20
U01242,F001,Inception,Science-Fiction,292,2024-10-22 12:40:13
U00031,F004,Interstellar,Science-Fiction,32,2024-10-22 13:31:21
U00039,F013,Stranger Things,Fantastique,2726,2024-10-22 15:32:07
U00287,F003,Parasite,Thriller,6898,2024-10-22 16:59:37
U01933,F009,The Office,Comédie,354,2024-10-22 18:24:34
U00382,F004,Interstellar,Science-Fiction,8285,2024-10-22 18:43:21
U01384,F005,Intouchables,Comédie dramatique,122,2024-10-22 19:19:47
U00126,F010,Breaking Bad,Thriller,275,2024-10-22 19:24:24
U00927,F007,Avengers Endgame,Action,9718,2024-10-22 19:41:30
U00965,F011,Dark,Science-Fiction,1797,2024-10-22 21:02:46
U00231,F012,Squid Game,Thriller,513,2024-10-22 21:23:59
U01666,F007,Avengers Endgame,Action,524,2024-10-22 22:07:33
U01644,F007,Avengers Endgame,Action,608,2024-10-22 22:33:39
U01289,F004,Interstellar,Science-Fiction,2618,2024-10-22 23:11:05
U01824,F001,Inception,Science-Fiction,270,2024-10-22 23:12:59
U01143,F008,Joker,Drame,2792,2024-10-22 23:20:20
U00211,F001,Inception,Science-Fiction,8556,2024-10-22 23:22:00
U00983,F007,Avengers Endgame,Action,1727,2024-10-23 00:10:23
U00250,F013,Stranger Things,Fantastique,2677,2024-10-23 00:31:51
U00583,F007,Avengers Endgame,Action,710,2024-10-23 00:48:23
U01466,F013,Stranger Things,Fantastique,84,2024-10-23 01:01:13
U01626,F007,Avengers Endgame,Action,179,2024-10-23 01:18:10
U00788,F006,La La Land,Romance,6646,2024-10-23 01:50:48
U00317,F005,Intouchables,Comédie dramatique,3546,2024-10-23 02:20:12
U01596,F003,Parasite,Thriller,43,2024-10-23 02:31:32
U00951,F005,Intouchables,Comédie dramatique,3025,2024-10-23 03:09:27
U00066,F008,Joker,Drame,6558,2024-10-23 04:48:05
U00036,F015,Notre-Dame en Flammes,Documentaire,4226,2024-10-23 04:52:58
U00462,F006,La La Land,Romance,5462,2024-10-23 06:11:55
U01407,F007,Avengers Endgame,Action,1190,2024-10-23 06:18:07
U00762,F001,Inception,Science-Fiction,3536,2024-10-23 06:22:11
U01256,F003,Parasite,Thriller,2856,2024-10-23 06:29:28
U00569,F002,Le Seigneur des Anneaux,Fantasy,2259,2024-10-23 06:38:23
U00200,F007,Avengers Endgame,Action,10039,2024-10-23 06:54:47
U00805,F013,Stranger Things,Fantastique,2677,2024-10-23 07:10:02
U01135,F014,The Crown,Drame,2304,2024-10-23 07:28:23
U01390,F005,Intouchables,Comédie dramatique,149,2024-10-23 09:17:16
U01582,F007,Avengers Endgame,Action,8264,2024-10-23 10:11:08
U00205,F005,Intouchables,Comédie dramatique,36,2024-10-23 11:49:48
U00253,F013,Stranger Things,Fantastique,2327,2024-10-23 13:38:14
U01378,F010,Breaking Bad,Thriller,2691,2024-10-23 14:57:34
U00704,F012,Squid Game,Thriller,1686,2024-10-23 16:40:08
U01093,F012,Squid Game,Thriller,1764,2024-10-23 17:27:34
U00070,F012,Squid Game,Thriller,54,2024-10-23 20:09:15
U00671,F003,Parasite,Thriller,4736,2024-10-23 21:03:29
U00384,F005,Intouchables,Comédie dramatique,794,2024-10-23 21:34:29
U00282,F002,Le Seigneur des Anneaux,Fantasy,3647,2024-10-23 22:01:06
U00841,F002,Le Seigneur des Anneaux,Fantasy,1612,2024-10-23 22:31:21
U00322,F007,Avengers Endgame,Action,6998,2024-10-23 23:24:56
U01858,F010,Breaking Bad,Thriller,544,2024-10-23 23:41:30
U00477,F012,Squid Game,Thriller,2220,2024-10-24 00:36:40
U00726,F005,Intouchables,Comédie dramatique,235,2024-10-24 01:30:01
U01569,F001,Inception,Science-Fiction,1012,2024-10-24 02:07:25
U01617,F012,Squid Game,Thriller,227,2024-10-24 02:38:08
U01654,F001,Inception,Science-Fiction,3348,2024-10-24 03:01:59
U00960,F001,Inception,Science-Fiction,278,2024-10-24 04:21:28
U00748,F013,Stranger Things,Fantastique,634,2024-10-24 06:14:49
U00823,F010,Breaking Bad,Thriller,1511,2024-10-24 07:03:00
U00930,F001,Inception,Science-Fiction,164,2024-10-24 07:03:58
U01815,F010,Breaking Bad,Thriller,263,2024-10-24 07:13:00
U01321,F013,Stranger Things,Fantastique,1876,2024-10-24 07:26:55
U00036,F004,Interstellar,Science-Fiction,9473,2024-10-24 08:44:58
U00058,F012,Squid Game,Thriller,2513,2024-10-24 08:55:41
U01678,F005,Intouchables,Comédie dramatique,5397,2024-10-24 09:09:32
U01897,F006,La La Land,Romance,7417,2024-10-24 10:26:52
U00132,F010,Breaking Bad,Thriller,1119,2024-10-24 11:03:10
U00341,F001,Inception,Science-Fiction,3392,2024-10-24 11:13:12
U00233,F011,Dark,Science-Fiction,1324,2024-10-24 11:38:07
U00275,F012,Squid Game,Thriller,2799,2024-10-24 12:48:14
U01144,F011,Dark,Science-Fiction,516,2024-10-24 14:16:44
U00060,F002,Le Seigneur des Anneaux,Fantasy,8481,2024-10-24 14:30:57
U01630,F010,Breaking Bad,Thriller,2529,2024-10-24 14:46:55
U01170,F010,Breaking Bad,Thriller,693,2024-10-24 15:20:28
U00475,F003,Parasite,Thriller,5270,2024-10-24 15:33:25
U01151,F007,Avengers Endgame,Action,1493,2024-10-24 16:12:50
U00062,F004,Interstellar,Science-Fiction,6480,2024-10-24 16:15:34
U00767,F007,Avengers Endgame,Action,9807,2024-10-24 16:23:45
U00410,F004,Interstellar,Science-Fiction,271,2024-10-24 16:35:03
U01495,F001,Inception,Science-Fiction,464,2024-10-24 18:22:20
U00393,F013,Stranger Things,Fantastique,1803,2024-10-24 18:30:47
U01970,F004,Interstellar,Science-Fiction,8406,2024-10-24 18:34:16
U00777,F001,Inception,Science-Fiction,7329,2024-10-24 19:29:09
U00108,F008,Joker,Drame,223,2024-10-24 22:01:22
U00357,F008,Joker,Drame,1723,2024-10-24 23:52:41
U01481,F012,Squid Game,Thriller,1770,2024-10-25 00:45:55
U00390,F008,Joker,Drame,6762,2024-10-25 01:20:45
U00277,F003,Parasite,Thriller,537,2024-10-25 01:29:55
U00678,F012,Squid Game,Thriller,2540,2024-10-25 01:48:19
U00130,F004,Interstellar,Science-Fiction,4599,2024-10-25 01:53:10
U00955,F010,Breaking Bad,Thriller,672,2024-10-25 04:14:36
U01101,F013,Stranger Things,Fantastique,2071,2024-10-25 06:19:44
U01557,F010,Breaking Bad,Thriller,1946,2024-10-25 06:29:46
U01802,F014,The Crown,Drame,1216,2024-10-25 06:46:59
U00682,F006,La La Land,Romance,2295,2024-10-25 07:46:23
U00176,F003,Parasite,Thriller,233,2024-10-25 08:17:53
U01946,F002,Le Seigneur des Anneaux,Fantasy,5699,2024-10-25 08:42:18
U01576,F001,Inception,Science-Fiction,5988,2024-10-25 11:23:52
U01477,F002,Le Seigneur des Anneaux,Fantasy,7525,2024-10-25 11:51:33
U01459,F011,Dark,Science-Fiction,2254,2024-10-25 12:06:32
U00879,F003,Parasite,Thriller,7194,2024-10-25 12:32:21
U00043,F011,Dark,Science-Fiction,324,2024-10-25 13:45:21
U01921,F007,Avengers Endgame,Action,4955,2024-10-25 15:42:52
U01219,F001,Inception,Science-Fiction,3833,2024-10-25 16:58:44
U00890,F001,Inception,Science-Fiction,60,2024-10-25 17:03:42
U00997,F004,Interstellar,Science-Fiction,3210,2024-10-25 19:05:04
U01790,F007,Avengers Endgame,Action,6633,2024-10-25 20:05:11
U01948,F004,Interstellar,Science-Fiction,5922,2024-10-25 21:06:26
U00749,F004,Interstellar,Science-Fiction,498,2024-10-25 21:56:58
U00903,F007,Avengers Endgame,Action,3726,2024-10-25 22:27:54
U00316,F013,Stranger Things,Fantastique,2024,2024-10-25 22:35:55
U00970,F012,Squid Game,Thriller,1403,2024-10-25 22:56:18
U00772,F001,Inception,Science-Fiction,250,2024-10-26 01:07:08
U01701,F009,The Office,Comédie,157,2024-10-26 02:00:59
U01622,F001,Inception,Science-Fiction,7952,2024-10-26 02:08:30
U01398,F005,Intouchables,Comédie dramatique,104,2024-10-26 02:20:08
U00206,F012,Squid Game,Thriller,2156,2024-10-26 03:56:42
U00749,F007,Avengers Endgame,Action,4158,2024-10-26 04:20:28
U00397,F007,Avengers Endgame,Action,3397,2024-10-26 04:34:12
U00103,F002,Le Seigneur des Anneaux,Fantasy,2426,2024-10-26 06:18:20
U01302,F012,Squid Game,Thriller,2482,2024-10-26 06:18:40
U01361,F008,Joker,Drame,1124,2024-10-26 06:59:00
U01046,F012,Squid Game,Thriller,278,2024-10-26 07:23:45
U01346,F013,Stranger Things,Fantastique,2581,2024-10-26 08:44:25
U00277,F008,Joker,Drame,4525,2024-10-26 08:53:12
U01401,F014,The Crown,Drame,2802,2024-10-26 08:53:51
U01859,F003,Parasite,Thriller,457,2024-10-26 08:56:07
U01439,F004,Interstellar,Science-Fiction,5347,2024-10-26 09:31:37
U00101,F007,Avengers Endgame,Action,1984,2024-10-26 10:05:21
U01159,F002,Le Seigneur des Anneaux,Fantasy,7431,2024-10-26 12:45:39
U01398,F014,The Crown,Drame,157,2024-10-26 13:24:08
U00996,F009,The Office,Comédie,1092,2024-10-26 13:35:35
U00868,F012,Squid Game,Thriller,1474,2024-10-26 14:24:05
U01248,F004,Interstellar,Science-Fiction,3646,2024-10-26 14:28:04
U01651,F012,Squid Game,Thriller,1033,2024-10-26 15:04:06
U00821,F001,Inception,Science-Fiction,980,2024-10-26 16:23:01
U01914,F010,Breaking Bad,Thriller,774,2024-10-26 17:10:08
U00679,F013,Stranger Things,Fantastique,2643,2024-10-26 18:14:22
U00771,F005,Intouchables,Comédie dramatique,4793,2024-10-26 18:26:59
U00053,F010,Breaking Bad,Thriller,2586,2024-10-26 19:35:17
U00859,F001,Inception,Science-Fiction,66,2024-10-26 20:29:39
U01088,F012,Squid Game,Thriller,1937,2024-10-26 20:30:00
U00538,F001,Inception,Science-Fiction,5799,2024-10-26 21:27:06
U01565,F003,Parasite,Thriller,3202,2024-10-26 21:51:17
U00335,F006,La La Land,Romance,1189,2024-10-26 22:46:49
U01994,F006,La La Land,Romance,5937,2024-10-26 22:53:17
U01548,F010,Breaking Bad,Thriller,1483,2024-10-26 23:17:18
U01822,F012,Squid Game,Thriller,559,2024-10-26 23:39:52
U01053,F005,Intouchables,Comédie dramatique,2013,2024-10-26 23:43:07
U00577,F010,Breaking Bad,Thriller,2513,2024-10-27 00:05:15
U00444,F004,Interstellar,Science-Fiction,7334,2024-10-27 00:21:44
U01217,F014,The Crown,Drame,2894,2024-10-27 00:52:57
U01439,F004,Interstellar,Science-Fiction,6561,2024-10-27 01:17:37
U00979,F009,The Office,Comédie,989,2024-10-27 01:33:49
U01529,F012,Squid Game,Thriller,2215,2024-10-27 01:51:15
U00411,F003,Parasite,Thriller,1607,2024-10-27 02:53:52
U00106,F001,Inception,Science-Fiction,2959,2024-10-27 03:33:40
U00586,F001,Inception,Science-Fiction,6080,2024-10-27 03:59:05
U01951,F013,Stranger Things,Fantastique,2284,2024-10-27 04:10:53
U00899,F003,Parasite,Thriller,5104,2024-10-27 04:56:28
U00962,F011,Dark,Science-Fiction,596,2024-10-27 05:04:49
U00370,F009,The Office,Comédie,533,2024-10-27 07:25:35
U01718,F001,Inception,Science-Fiction,7689,2024-10-27 10:03:15
U00016,F008,Joker,Drame,2878,2024-10-27 10:18:33
U01657,F013,Stranger Things,Fantastique,2809,2024-10-27 10:50:54
U01353,F002,Le Seigneur des Anneaux,Fantasy,6389,2024-10-27 11:14:12
U01281,F004,Interstellar,Science-Fiction,2323,2024-10-27 11:32:43
U01992,F012,Squid Game,Thriller,256,2024-10-27 14:29:27
U01138,F010,Breaking Bad,Thriller,1644,2024-10-27 15:47:57
U01312,F003,Parasite,Thriller,6422,2024-10-27 16:07:06
U00045,F002,Le Seigneur des Anneaux,Fantasy,6500,2024-10-27 17:37:08
U01528,F015,Notre-Dame en Flammes,Documentaire,2536,2024-10-27 17:47:08
U00069,F012,Squid Game,Thriller,2386,2024-10-27 17:47:51
U01536,F014,The Crown,Drame,563,2024-10-27 18:33:15
U00074,F010,Breaking Bad,Thriller,42,2024-10-27 20:17:14
U00103,F008,Joker,Drame,1902,2024-10-27 20:37:42
U00823,F004,Interstellar,Science-Fiction,7436,2024-10-28 00:11:00
U01025,F013,Stranger Things,Fantastique,2628,2024-10-28 00:36:12
U01102,F012,Squid Game,Thriller,3168,2024-10-28 01:27:01
U00468,F007,Avengers Endgame,Action,1500,2024-10-28 01:54:53
U00692,F001,Inception,Science-Fiction,4663,2024-10-28 02:21:33
U00079,F005,Intouchables,Comédie dramatique,5835,2024-10-28 03:50:14
U00990,F006,La La Land,Romance,4781,2024-10-28 03:59:37
U01413,F003,Parasite,Thriller,171,2024-10-28 04:40:08
U00068,F015,Notre-Dame en Flammes,Documentaire,1356,2024-10-28 04:44:18
U01673,F001,Inception,Science-Fiction,5401,2024-10-28 05:24:39
U01616,F001,Inception,Science-Fiction,2519,2024-10-28 05:40:19
U00822,F014,The Crown,Drame,3012,2024-10-28 05:54:58
U00408,F007,Avengers Endgame,Action,3472,2024-10-28 06:25:18
U01242,F010,Breaking Bad,Thriller,1936,2024-10-28 06:25:47
U00684,F007,Avengers Endgame,Action,897,2024-10-28 06:30:32
U00755,F008,Joker,Drame,3464,2024-10-28 07:46:52
U00102,F009,The Office,Comédie,882,2024-10-28 08:11:41
U00813,F007,Avengers Endgame,Action,162,2024-10-28 08:18:24
U00865,F001,Inception,Science-Fiction,170,2024-10-28 08:36:08
U01503,F003,Parasite,Thriller,216,2024-10-28 08:59:55
U00899,F003,Parasite,Thriller,3837,2024-10-28 09:26:14
U01757,F007,Avengers Endgame,Action,7763,2024-10-28 09:47:25
U00022,F012,Squid Game,Thriller,568,2024-10-28 09:54:15
U01547,F008,Joker,Drame,4614,2024-10-28 10:12:43
U00681,F005,Intouchables,Comédie dramatique,1456,2024-10-28 11:39:28
U01696,F012,Squid Game,Thriller,155,2024-10-28 13:01:20
U00671,F008,Joker,Drame,1354,2024-10-28 13:36:47
U01533,F005,Intouchables,Comédie dramatique,2796,2024-10-28 15:56:31
U00602,F001,Inception,Science-Fiction,2309,2024-10-28 16:53:52
U00932,F001,Inception,Science-Fiction,2796,2024-10-28 17:53:56
U00684,F003,Parasite,Thriller,7532,2024-10-28 18:12:35
U00860,F002,Le Seigneur des Anneaux,Fantasy,4357,2024-10-28 21:28:28
U01674,F009,The Office,Comédie,374,2024-10-29 09:49:31
U01614,F010,Breaking Bad,Thriller,1191,2024-10-29 09:57:55
U00765,F001,Inception,Science-Fiction,6381,2024-10-29 11:39:24
U00541,F007,Avengers Endgame,Action,93,2024-10-29 13:18:56
U00263,F002,Le Seigneur des Anneaux,Fantasy,7552,2024-10-29 13:38:56
U01622,F003,Parasite,Thriller,5111,2024-10-29 15:39:41
U01449,F011,Dark,Science-Fiction,1878,2024-10-29 16:04:30
U00339,F006,La La Land,Romance,6113,2024-10-29 16:16:30
U01750,F007,Avengers Endgame,Action,5850,2024-10-29 16:40:42
U01905,F002,Le Seigneur des Anneaux,Fantasy,201,2024-10-29 16:50:24
U01439,F002,Le Seigneur des Anneaux,Fantasy,293,2024-10-29 16:56:56
U00895,F009,The Office,Comédie,105,2024-10-29 17:06:00
U00054,F007,Avengers Endgame,Action,5783,2024-10-29 17:07:25
U00706,F008,Joker,Drame,893,2024-10-29 17:08:03
U01493,F010,Breaking Bad,Thriller,855,2024-10-29 17:21:02
U01176,F009,The Office,Comédie,76,2024-10-29 17:42:39
U01057,F001,Inception,Science-Fiction,76,2024-10-29 18:13:01
U01748,F015,Notre-Dame en Flammes,Documentaire,3941,2024-10-29 20:21:14
U01495,F002,Le Seigneur des Anneaux,Fantasy,10624,2024-10-29 21:19:15
U00851,F002,Le Seigneur des Anneaux,Fantasy,446,2024-10-29 21:22:17
U01312,F013,Stranger Things,Fantastique,1781,2024-10-29 22:06:54
U00186,F002,Le Seigneur des Anneaux,Fantasy,8979,2024-10-29 22:49:58
U01392,F003,Parasite,Thriller,201,2024-10-29 23:43:51
U01836,F007,Avengers Endgame,Action,9125,2024-10-30 00:23:39
U01382,F005,Intouchables,Comédie dramatique,4163,2024-10-30 01:12:54
U01571,F008,Joker,Drame,7371,2024-10-30 02:57:41
U00725,F002,Le Seigneur des Anneaux,Fantasy,1116,2024-10-30 03:11:28
U01912,F007,Avengers Endgame,Action,2706,2024-10-30 04:57:33
U00433,F008,Joker,Drame,2383,2024-10-30 06:21:26
U01978,F007,Avengers Endgame,Action,9412,2024-10-30 07:12:42
U01653,F012,Squid Game,Thriller,1063,2024-10-30 07:28:49
U01246,F008,Joker,Drame,4719,2024-10-30 10:05:19
U00986,F007,Avengers Endgame,Action,8227,2024-10-30 10:42:13
U01570,F012,Squid Game,Thriller,3283,2024-10-30 11:36:00
U00038,F010,Breaking Bad,Thriller,2319,2024-10-30 12:07:09
U00939,F013,Stranger Things,Fantastique,297,2024-10-30 13:50:18
U01666,F012,Squid Game,Thriller,135,2024-10-30 14:10:22
U01271,F011,Dark,Science-Fiction,2211,2024-10-30 14:11:11
U00620,F006,La La Land,Romance,74,2024-10-30 14:14:15
U01421,F012,Squid Game,Thriller,2104,2024-10-30 15:27:04
U01196,F006,La La Land,Romance,7326,2024-10-30 16:31:13
U01742,F002,Le Seigneur des Anneaux,Fantasy,6756,2024-10-30 17:48:09
U01607,F010,Breaking Bad,Thriller,221,2024-10-30 18:35:44
U01320,F012,Squid Game,Thriller,2645,2024-10-30 18:56:49
U01249,F008,Joker,Drame,4620,2024-10-30 18:59:16
U01504,F012,Squid Game,Thriller,553,2024-10-30 18:59:27
U01350,F007,Avengers Endgame,Action,7600,2024-10-30 21:41:12
U00799,F006,La La Land,Romance,4813,2024-10-30 22:40:52
U00854,F006,La La Land,Romance,272,2024-10-30 23:49:02
U01611,F003,Parasite,Thriller,105,2024-10-31 00:19:04
U01247,F001,Inception,Science-Fiction,6766,2024-10-31 01:03:31
U00585,F005,Intouchables,Comédie dramatique,1519,2024-10-31 02:03:47
U01770,F009,The Office,Comédie,1117,2024-10-31 03:06:26
U01658,F005,Intouchables,Comédie dramatique,3162,2024-10-31 03:41:20
U01719,F001,Inception,Science-Fiction,7535,2024-10-31 03:55:18
U01443,F003,Parasite,Thriller,6119,2024-10-31 05:39:27
U01676,F012,Squid Game,Thriller,2796,2024-10-31 06:00:56
U01247,F010,Breaking Bad,Thriller,1822,2024-10-31 06:12:19
U00603,F007,Avengers Endgame,Action,6624,2024-10-31 09:28:32
U00491,F004,Interstellar,Science-Fiction,716,2024-10-31 10:47:42
U01510,F005,Intouchables,Comédie dramatique,3576,2024-10-31 11:57:46
U01921,F007,Avengers Endgame,Action,8645,2024-10-31 11:59:36
U00445,F010,Breaking Bad,Thriller,2700,2024-10-31 12:34:55
U00634,F004,Interstellar,Science-Fiction,8362,2024-10-31 13:02:52
U00189,F008,Joker,Drame,7017,2024-10-31 13:51:37
U01173,F007,Avengers Endgame,Action,9484,2024-10-31 15:05:13
U01478,F008,Joker,Drame,3089,2024-10-31 19:34:08
U01754,F002,Le Seigneur des Anneaux,Fantasy,277,2024-11-01 00:00:45
U00894,F006,La La Land,Romance,7137,2024-11-01 00:17:17
U00001,F011,Dark,Science-Fiction,203,2024-11-01 00:29:57
U01845,F005,Intouchables,Comédie dramatique,6164,2024-11-01 01:05:11
U00564,F001,Inception,Science-Fiction,8564,2024-11-01 02:25:02
U01148,F013,Stranger Things,Fantastique,2793,2024-11-01 04:20:11
U00894,F003,Parasite,Thriller,7213,2024-11-01 05:55:45
U01487,F011,Dark,Science-Fiction,46,2024-11-01 07:24:49
U01933,F001,Inception,Science-Fiction,4828,2024-11-01 07:37:27
U00457,F010,Breaking Bad,Thriller,705,2024-11-01 10:43:04
U01754,F008,Joker,Drame,1754,2024-11-01 10:55:39
U01235,F006,La La Land,Romance,1967,2024-11-01 13:33:29
U01786,F013,Stranger Things,Fantastique,2415,2024-11-01 13:33:53
U00688,F006,La La Land,Romance,2946,2024-11-01 13:44:04
U00367,F002,Le Seigneur des Anneaux,Fantasy,7352,2024-11-01 14:31:03
U01984,F007,Avengers Endgame,Action,10487,2024-11-01 15:17:42
U00558,F013,Stranger Things,Fantastique,172,2024-11-01 17:02:39
U01886,F007,Avengers Endgame,Action,195,2024-11-01 17:16:37
U00041,F010,Breaking Bad,Thriller,153,2024-11-01 17:50:23
U00164,F007,Avengers Endgame,Action,1156,2024-11-01 17:57:08
U01069,F005,Intouchables,Comédie dramatique,6089,2024-11-01 18:08:36
U00602,F005,Intouchables,Comédie dramatique,5851,2024-11-01 19:40:30
U01605,F013,Stranger Things,Fantastique,1557,2024-11-01 19:42:47
U01117,F002,Le Seigneur des Anneaux,Fantasy,165,2024-11-01 20:15:30
U01565,F013,Stranger Things,Fantastique,2197,2024-11-01 20:21:03
U00930,F001,Inception,Science-Fiction,2467,2024-11-01 23:05:21
U00034,F007,Avengers Endgame,Action,10703,2024-11-02 00:38:05
U00874,F002,Le Seigneur des Anneaux,Fantasy,8132,2024-11-02 01:33:03
U01361,F001,Inception,Science-Fiction,3712,2024-11-02 01:43:54
U00759,F011,Dark,Science-Fiction,1010,2024-11-02 02:37:10
U01538,F005,Intouchables,Comédie dramatique,3931,2024-11-02 03:09:54
U01121,F008,Joker,Drame,5797,2024-11-02 03:31:21
U00360,F012,Squid Game,Thriller,1573,2024-11-02 03:34:49
U00468,F009,The Office,Comédie,803,2024-11-02 04:21:51
U00896,F010,Breaking Bad,Thriller,1128,2024-11-02 05:41:21
U01666,F012,Squid Game,Thriller,602,2024-11-02 06:41:33
U00596,F012,Squid Game,Thriller,236,2024-11-02 06:50:05
U00544,F012,Squid Game,Thriller,1806,2024-11-02 08:40:19
U01369,F008,Joker,Drame,5269,2024-11-02 10:00:47
U00891,F006,La La Land,Romance,1638,2024-11-02 11:40:16
U00650,F012,Squid Game,Thriller,2482,2024-11-02 12:58:17
U00333,F015,Notre-Dame en Flammes,Documentaire,49,2024-11-02 13:12:02
U01600,F015,Notre-Dame en Flammes,Documentaire,4519,2024-11-02 13:52:42
U01558,F004,Interstellar,Science-Fiction,6174,2024-11-02 15:06:39
U00821,F007,Avengers Endgame,Action,10717,2024-11-02 16:48:17
U01027,F011,Dark,Science-Fiction,2250,2024-11-02 17:12:59
U01198,F007,Avengers Endgame,Action,3140,2024-11-02 17:58:19
U00909,F004,Interstellar,Science-Fiction,90,2024-11-02 18:29:05
U00802,F009,The Office,Comédie,223,2024-11-02 18:30:06
U00666,F012,Squid Game,Thriller,1693,2024-11-02 19:16:21
U01118,F007,Avengers Endgame,Action,7668,2024-11-02 20:19:48
U01462,F002,Le Seigneur des Anneaux,Fantasy,6064,2024-11-02 20:25:13
U01182,F003,Parasite,Thriller,4116,2024-11-03 00:15:18
U00912,F005,Intouchables,Comédie dramatique,1110,2024-11-03 00:48:08
U00313,F013,Stranger Things,Fantastique,988,2024-11-03 01:12:17
U00985,F001,Inception,Science-Fiction,5147,2024-11-03 02:00:15
U00243,F007,Avengers Endgame,Action,5183,2024-11-03 02:14:19
U00749,F005,Intouchables,Comédie dramatique,1433,2024-11-03 02:21:46
U00894,F001,Inception,Science-Fiction,4427,2024-11-03 03:35:02
U00206,F006,La La Land,Romance,3686,2024-11-03 04:34:31
U01815,F007,Avengers Endgame,Action,9315,2024-11-03 04:37:42
U00107,F008,Joker,Drame,2116,2024-11-03 04:50:03
U01496,F005,Intouchables,Comédie dramatique,4648,2024-11-03 05:22:08
U01892,F003,Parasite,Thriller,158,2024-11-03 05:34:55
U01682,F002,Le Seigneur des Anneaux,Fantasy,10281,2024-11-03 05:49:27
U00435,F010,Breaking Bad,Thriller,1725,2024-11-03 06:22:26
U01825,F007,Avengers Endgame,Action,7675,2024-11-03 08:58:21
U01570,F009,The Office,Comédie,667,2024-11-03 09:44:25
U00188,F010,Breaking Bad,Thriller,251,2024-11-03 10:10:44
U00454,F004,Interstellar,Science-Fiction,897,2024-11-03 11:14:42
U01934,F013,Stranger Things,Fantastique,1320,2024-11-03 11:55:34
U00059,F001,Inception,Science-Fiction,6127,2024-11-03 12:19:45
U00619,F004,Interstellar,Science-Fiction,8468,2024-11-03 12:30:26
U01154,F012,Squid Game,Thriller,1300,2024-11-03 13:38:14
U01626,F005,Intouchables,Comédie dramatique,1123,2024-11-03 14:35:13
U01548,F001,Inception,Science-Fiction,111,2024-11-03 14:42:53
U00549,F007,Avengers Endgame,Action,247,2024-11-03 15:56:18
U00252,F006,La La Land,Romance,3546,2024-11-03 17:08:55
U00172,F004,Interstellar,Science-Fiction,5000,2024-11-03 17:42:26
U01721,F008,Joker,Drame,4085,2024-11-03 17:47:28
U01300,F007,Avengers Endgame,Action,10715,2024-11-03 19:00:48
U01649,F007,Avengers Endgame,Action,4146,2024-11-03 19:36:51
U00134,F002,Le Seigneur des Anneaux,Fantasy,141,2024-11-03 19:37:41
U01494,F003,Parasite,Thriller,3889,2024-11-03 20:14:24
U01613,F008,Joker,Drame,2252,2024-11-03 21:01:47
U00529,F013,Stranger Things,Fantastique,523,2024-11-03 21:42:53
U01324,F001,Inception,Science-Fiction,5828,2024-11-03 22:32:24
U00044,F002,Le Seigneur des Anneaux,Fantasy,5474,2024-11-03 23:01:29
U01430,F003,Parasite,Thriller,3006,2024-11-04 01:00:15
U01052,F014,The Crown,Drame,3465,2024-11-04 02:55:25
U00765,F001,Inception,Science-Fiction,2745,2024-11-04 03:29:55
U01707,F010,Breaking Bad,Thriller,1901,2024-11-04 03:30:14
U01104,F008,Joker,Drame,7590,2024-11-04 04:45:11
U01617,F002,Le Seigneur des Anneaux,Fantasy,5977,2024-11-04 04:53:16
U01019,F012,Squid Game,Thriller,610,2024-11-04 05:23:52
U00277,F003,Parasite,Thriller,7175,2024-11-04 07:33:22
U00324,F008,Joker,Drame,7226,2024-11-04 08:00:46
U01724,F004,Interstellar,Science-Fiction,4695,2024-11-04 08:02:59
U01523,F013,Stranger Things,Fantastique,1055,2024-11-04 10:56:33
U00889,F003,Parasite,Thriller,7529,2024-11-04 11:11:55
U01678,F013,Stranger Things,Fantastique,1556,2024-11-04 12:01:30
U00987,F010,Breaking Bad,Thriller,2321,2024-11-04 12:21:37
U00839,F013,Stranger Things,Fantastique,2497,2024-11-04 14:16:38
U01036,F001,Inception,Science-Fiction,8276,2024-11-04 14:49:09
U01841,F003,Parasite,Thriller,2629,2024-11-04 15:15:58
U01767,F004,Interstellar,Science-Fiction,333,2024-11-04 19:27:15
U00158,F006,La La Land,Romance,1072,2024-11-04 21:08:56
U00311,F004,Interstellar,Science-Fiction,7282,2024-11-04 22:26:26
U01641,F007,Avengers Endgame,Action,3145,2024-11-05 00:00:42
U01488,F011,Dark,Science-Fiction,2535,2024-11-05 01:03:22
U01142,F003,Parasite,Thriller,5569,2024-11-05 03:51:27
U01029,F012,Squid Game,Thriller,1502,2024-11-05 03:54:13
U00473,F008,Joker,Drame,158,2024-11-05 04:02:49
U01295,F004,Interstellar,Science-Fiction,7869,2024-11-05 08:52:22
U00372,F007,Avengers Endgame,Action,6416,2024-11-05 08:54:57
U00182,F012,Squid Game,Thriller,2051,2024-11-05 10:22:39
U00495,F001,Inception,Science-Fiction,8402,2024-11-05 12:45:07
U00489,F002,Le Seigneur des Anneaux,Fantasy,2311,2024-11-05 12:59:44
U00107,F006,La La Land,Romance,3933,2024-11-05 15:39:52
U01594,F012,Squid Game,Thriller,756,2024-11-05 16:06:12
U00263,F013,Stranger Things,Fantastique,1557,2024-11-05 16:50:11
U01394,F003,Parasite,Thriller,2726,2024-11-05 17:03:41
U01759,F012,Squid Game,Thriller,461,2024-11-05 17:07:11
U01518,F010,Breaking Bad,Thriller,72,2024-11-05 17:16:41
U01514,F013,Stranger Things,Fantastique,1335,2024-11-05 17:20:11
U00795,F015,Notre-Dame en Flammes,Documentaire,1795,2024-11-05 17:24:28
U00774,F007,Avengers Endgame,Action,1522,2024-11-05 19:06:14
U01192,F012,Squid Game,Thriller,1007,2024-11-05 20:40:01
U00219,F001,Inception,Science-Fiction,263,2024-11-05 21:16:08
U01474,F013,Stranger Things,Fantastique,2150,2024-11-05 21:24:39
U00245,F009,The Office,Comédie,549,2024-11-05 22:48:11
U00652,F014,The Crown,Drame,1724,2024-11-05 23:21:41
U00756,F004,Interstellar,Science-Fiction,9586,2024-11-05 23:24:16
U01769,F001,Inception,Science-Fiction,5931,2024-11-06 00:24:19
U00169,F001,Inception,Science-Fiction,6200,2024-11-06 01:49:16
U01996,F007,Avengers Endgame,Action,111,2024-11-06 03:24:26
U00267,F008,Joker,Drame,2575,2024-11-06 04:06:57
U01838,F008,Joker,Drame,7350,2024-11-06 04:46:41
U00773,F002,Le Seigneur des Anneaux,Fantasy,4632,2024-11-06 05:42:37
U00914,F013,Stranger Things,Fantastique,1741,2024-11-06 07:01:47
U01929,F014,The Crown,Drame,3002,2024-11-06 07:34:29
U00976,F001,Inception,Science-Fiction,895,2024-11-06 09:50:59
U01797,F012,Squid Game,Thriller,1887,2024-11-06 10:07:43
U01920,F013,Stranger Things,Fantastique,861,2024-11-06 10:12:31
U01110,F008,Joker,Drame,4465,2024-11-06 10:13:28
U01212,F001,Inception,Science-Fiction,80,2024-11-06 10:36:57
U00458,F014,The Crown,Drame,2150,2024-11-06 10:40:40
U01011,F003,Parasite,Thriller,3518,2024-11-06 11:31:45
U01098,F001,Inception,Science-Fiction,7157,2024-11-06 12:12:33
U01894,F003,Parasite,Thriller,5109,2024-11-06 12:42:32
U01084,F003,Parasite,Thriller,2646,2024-11-06 13:06:02
U01992,F012,Squid Game,Thriller,650,2024-11-06 13:50:47
U01928,F010,Breaking Bad,Thriller,2317,2024-11-06 14:15:26
U01888,F006,La La Land,Romance,210,2024-11-06 14:27:42
U00920,F002,Le Seigneur des Anneaux,Fantasy,6071,2024-11-06 14:47:04
U01827,F014,The Crown,Drame,1418,2024-11-06 15:18:42
U00317,F013,Stranger Things,Fantastique,632,2024-11-06 15:29:14
U01630,F007,Avengers Endgame,Action,5840,2024-11-06 15:58:03
U00163,F006,La La Land,Romance,3431,2024-11-06 16:09:32
U00163,F013,Stranger Things,Fantastique,2443,2024-11-06 16:27:14
U01898,F008,Joker,Drame,3295,2024-11-06 19:08:42
U00032,F008,Joker,Drame,7538,2024-11-06 20:45:47
U00965,F009,The Office,Comédie,240,2024-11-06 23:05:37
U01187,F006,La La Land,Romance,6573,2024-11-07 01:49:34
U01462,F003,Parasite,Thriller,7378,2024-11-07 01:54:17
U01440,F007,Avengers Endgame,Action,3012,2024-11-07 06:52:08
U01820,F012,Squid Game,Thriller,1743,2024-11-07 09:00:39
U01263,F008,Joker,Drame,87,2024-11-07 09:04:04
U01287,F008,Joker,Drame,579,2024-11-07 09:19:28
U01353,F012,Squid Game,Thriller,1229,2024-11-07 10:01:52
U00947,F009,The Office,Comédie,177,2024-11-07 11:33:56
U00661,F012,Squid Game,Thriller,138,2024-11-07 11:51:19
U01317,F013,Stranger Things,Fantastique,2731,2024-11-07 12:44:54
U01212,F012,Squid Game,Thriller,1105,2024-11-07 13:11:11
U01861,F005,Intouchables,Comédie dramatique,6107,2024-11-07 13:29:52
U00694,F010,Breaking Bad,Thriller,507,2024-11-07 14:18:46
U01239,F007,Avengers Endgame,Action,5632,2024-11-07 15:01:48
U01400,F010,Breaking Bad,Thriller,143,2024-11-07 15:36:57
U00831,F004,Interstellar,Science-Fiction,6475,2024-11-07 17:57:52
U01601,F008,Joker,Drame,1819,2024-11-07 19:06:40
U00876,F007,Avengers Endgame,Action,6604,2024-11-07 19:17:28
U00149,F007,Avengers Endgame,Action,1258,2024-11-07 19:57:50
U01684,F001,Inception,Science-Fiction,831,2024-11-07 23:10:23
U00533,F012,Squid Game,Thriller,2837,2024-11-08 00:51:34
U01780,F012,Squid Game,Thriller,1098,2024-11-08 01:59:19
U00593,F002,Le Seigneur des Anneaux,Fantasy,9388,2024-11-08 02:18:01
U01533,F007,Avengers Endgame,Action,82,2024-11-08 04:51:38
U01029,F001,Inception,Science-Fiction,51,2024-11-08 05:59:42
U01944,F005,Intouchables,Comédie dramatique,4916,2024-11-08 06:32:08
U01180,F010,Breaking Bad,Thriller,1902,2024-11-08 06:38:22
U00799,F007,Avengers Endgame,Action,504,2024-11-08 08:17:34
U01808,F002,Le Seigneur des Anneaux,Fantasy,7818,2024-11-08 08:35:14
U01890,F004,Interstellar,Science-Fiction,470,2024-11-08 09:55:10
U00106,F013,Stranger Things,Fantastique,1907,2024-11-08 11:20:51
U00589,F004,Interstellar,Science-Fiction,3593,2024-11-08 11:26:37
U01843,F007,Avengers Endgame,Action,10662,2024-11-08 15:31:42
U01317,F008,Joker,Drame,4937,2024-11-08 16:01:19
U01461,F006,La La Land,Romance,3346,2024-11-08 16:59:43
U00654,F014,The Crown,Drame,1337,2024-11-08 17:36:37
U00429,F014,The Crown,Drame,141,2024-11-08 18:43:48
U01173,F010,Breaking Bad,Thriller,783,2024-11-08 18:45:22
U00308,F007,Avengers Endgame,Action,765,2024-11-08 19:09:00
U01262,F002,Le Seigneur des Anneaux,Fantasy,1995,2024-11-08 19:14:58
U01807,F002,Le Seigneur des Anneaux,Fantasy,8876,2024-11-08 19:20:33
U01428,F011,Dark,Science-Fiction,2579,2024-11-08 20:03:53
U01088,F010,Breaking Bad,Thriller,1751,2024-11-08 20:05:22
U01693,F012,Squid Game,Thriller,110,2024-11-08 20:25:01
U01123,F008,Joker,Drame,5995,2024-11-08 20:33:52
U01287,F004,Interstellar,Science-Fiction,4942,2024-11-08 20:53:35
U01816,F007,Avengers Endgame,Action,10284,2024-11-08 22:16:55
U00494,F012,Squid Game,Thriller,595,2024-11-08 22:22:41
U00543,F012,Squid Game,Thriller,990,2024-11-08 23:30:32
U00321,F008,Joker,Drame,6934,2024-11-09 01:13:01
U01576,F013,Stranger Things,Fantastique,2523,2024-11-09 01:36:38
U01720,F007,Avengers Endgame,Action,250,2024-11-09 01:59:49
U01810,F013,Stranger Things,Fantastique,140,2024-11-09 02:32:49
U01202,F011,Dark,Science-Fiction,2379,2024-11-09 03:10:55
U00337,F004,Interstellar,Science-Fiction,8837,2024-11-09 05:01:03
U00669,F007,Avengers Endgame,Action,6213,2024-11-09 07:32:40
U00688,F006,La La Land,Romance,5382,2024-11-09 08:50:33
U00051,F008,Joker,Drame,5043,2024-11-09 09:43:30
U01824,F003,Parasite,Thriller,3496,2024-11-09 10:30:24
U01816,F002,Le Seigneur des Anneaux,Fantasy,8084,2024-11-09 10:47:25
U01916,F007,Avengers Endgame,Action,6445,2024-11-09 11:41:39
U01644,F003,Parasite,Thriller,4988,2024-11-09 11:58:21
U01321,F011,Dark,Science-Fiction,867,2024-11-09 12:34:38
U01428,F004,Interstellar,Science-Fiction,8297,2024-11-09 12:58:36
U00876,F011,Dark,Science-Fiction,1466,2024-11-09 13:28:57
U00356,F007,Avengers Endgame,Action,9929,2024-11-09 13:47:58
U01706,F008,Joker,Drame,6084,2024-11-09 14:28:54
U00949,F004,Interstellar,Science-Fiction,110,2024-11-09 15:20:55
U01107,F006,La La Land,Romance,7060,2024-11-09 20:01:25
U00958,F001,Inception,Science-Fiction,7760,2024-11-09 20:15:29
U01532,F013,Stranger Things,Fantastique,2305,2024-11-09 21:56:47
U01086,F004,Interstellar,Science-Fiction,1024,2024-11-09 22:13:24
U00792,F007,Avengers Endgame,Action,3699,2024-11-09 22:25:47
U00431,F012,Squid Game,Thriller,2803,2024-11-09 22:29:51
U00002,F007,Avengers Endgame,Action,7441,2024-11-09 23:03:11
U00509,F001,Inception,Science-Fiction,5883,2024-11-09 23:04:44
U00704,F003,Parasite,Thriller,6157,2024-11-09 23:05:17
U01752,F006,La La Land,Romance,6080,2024-11-10 00:06:08
U00644,F008,Joker,Drame,5861,2024-11-10 01:24:13
U00401,F002,Le Seigneur des Anneaux,Fantasy,3011,2024-11-10 03:08:26
U00347,F007,Avengers Endgame,Action,7850,2024-11-10 03:27:18
U00260,F005,Intouchables,Comédie dramatique,4751,2024-11-10 03:28:28
U00503,F004,Interstellar,Science-Fiction,584,2024-11-10 03:39:04
U01505,F008,Joker,Drame,6666,2024-11-10 04:10:11
U00436,F001,Inception,Science-Fiction,2451,2024-11-10 07:26:54
U00618,F013,Stranger Things,Fantastique,2670,2024-11-10 07:51:54
U01918,F003,Parasite,Thriller,1814,2024-11-10 08:58:22
U01771,F009,The Office,Comédie,782,2024-11-10 09:03:43
U00261,F007,Avengers Endgame,Action,5063,2024-11-10 09:04:53
U00161,F007,Avengers Endgame,Action,5705,2024-11-10 09:27:10
U01133,F007,Avengers Endgame,Action,31,2024-11-10 09:28:50
U00036,F014,The Crown,Drame,168,2024-11-10 09:33:21
U01210,F001,Inception,Science-Fiction,7297,2024-11-10 09:35:05
U00285,F013,Stranger Things,Fantastique,2742,2024-11-10 12:15:00
U01650,F006,La La Land,Romance,6233,2024-11-10 13:38:43
U00283,F004,Interstellar,Science-Fiction,5021,2024-11-10 14:48:12
U00288,F007,Avengers Endgame,Action,9979,2024-11-10 16:40:11
U01024,F009,The Office,Comédie,1175,2024-11-10 17:36:07
U00354,F013,Stranger Things,Fantastique,479,2024-11-10 18:31:50
U01794,F013,Stranger Things,Fantastique,180,2024-11-10 19:46:32
U00644,F008,Joker,Drame,7185,2024-11-10 20:32:17
U00653,F012,Squid Game,Thriller,1697,2024-11-10 20:47:06
U00162,F001,Inception,Science-Fiction,5629,2024-11-10 20:48:06
U01210,F004,Interstellar,Science-Fiction,8878,2024-11-10 21:46:30
U00613,F013,Stranger Things,Fantastique,973,2024-11-10 21:59:51
U01627,F006,La La Land,Romance,2267,2024-11-10 22:12:15
U00290,F015,Notre-Dame en Flammes,Documentaire,1573,2024-11-10 22:28:43
U00550,F007,Avengers Endgame,Action,3761,2024-11-10 23:00:55
U00455,F004,Interstellar,Science-Fiction,219,2024-11-10 23:07:29
U00752,F013,Stranger Things,Fantastique,824,2024-11-10 23:45:35
U01441,F015,Notre-Dame en Flammes,Documentaire,4362,2024-11-10 23:58:55
U00028,F009,The Office,Comédie,640,2024-11-11 01:29:02
U01530,F005,Intouchables,Comédie dramatique,1012,2024-11-11 01:56:09
U01111,F012,Squid Game,Thriller,2011,2024-11-11 02:11:35
U01445,F002,Le Seigneur des Anneaux,Fantasy,5848,2024-11-11 02:42:09
U00621,F015,Notre-Dame en Flammes,Documentaire,3833,2024-11-11 03:00:18
U01226,F010,Breaking Bad,Thriller,1761,2024-11-11 06:44:37
U01575,F001,Inception,Science-Fiction,4534,2024-11-11 07:08:43
U00973,F012,Squid Game,Thriller,2200,2024-11-11 09:04:45
U01918,F001,Inception,Science-Fiction,1734,2024-11-11 09:10:52
U00263,F008,Joker,Drame,193,2024-11-11 09:40:37
U00313,F005,Intouchables,Comédie dramatique,2705,2024-11-11 10:00:14
U01881,F007,Avengers Endgame,Action,10627,2024-11-11 10:42:07
U00477,F006,La La Land,Romance,3249,2024-11-11 11:46:53
U00781,F012,Squid Game,Thriller,358,2024-11-11 13:12:59
U01723,F012,Squid Game,Thriller,682,2024-11-11 13:13:27
U01408,F013,Stranger Things,Fantastique,268,2024-11-11 15:32:15
U00172,F002,Le Seigneur des Anneaux,Fantasy,7040,2024-11-11 15:39:45
U01548,F011,Dark,Science-Fiction,1540,2024-11-11 16:19:14
U00944,F007,Avengers Endgame,Action,8726,2024-11-11 19:12:24
U01665,F012,Squid Game,Thriller,283,2024-11-11 19:28:55
U01550,F004,Interstellar,Science-Fiction,203,2024-11-11 22:27:07
U00496,F007,Avengers Endgame,Action,622,2024-11-11 22:45:58
U01421,F007,Avengers Endgame,Action,8740,2024-11-11 22:59:06
U01564,F008,Joker,Drame,924,2024-11-11 23:58:01
U01793,F012,Squid Game,Thriller,1011,2024-11-12 00:16:02
U01991,F010,Breaking Bad,Thriller,2108,2024-11-12 00:58:23
U01738,F015,Notre-Dame en Flammes,Documentaire,125,2024-11-12 02:48:13
U00570,F003,Parasite,Thriller,6560,2024-11-12 05:18:46
U00811,F010,Breaking Bad,Thriller,1533,2024-11-12 06:25:26
U00163,F009,The Office,Comédie,831,2024-11-12 07:36:32
U01027,F007,Avengers Endgame,Action,6295,2024-11-12 08:27:40
U00301,F004,Interstellar,Science-Fiction,4219,2024-11-12 09:05:10
U00437,F003,Parasite,Thriller,7861,2024-11-12 09:06:47
U01123,F007,Avengers Endgame,Action,5495,2024-11-12 10:22:03
U00286,F011,Dark,Science-Fiction,649,2024-11-12 11:51:04
U00650,F014,The Crown,Drame,3054,2024-11-12 12:24:40
U00798,F003,Parasite,Thriller,2995,2024-11-12 13:08:30
U00207,F015,Notre-Dame en Flammes,Documentaire,959,2024-11-12 14:00:19
U00548,F014,The Crown,Drame,3191,2024-11-12 14:02:12
U01512,F012,Squid Game,Thriller,1333,2024-11-12 14:13:57
U01189,F010,Breaking Bad,Thriller,2213,2024-11-12 14:59:36
U01453,F015,Notre-Dame en Flammes,Documentaire,287,2024-11-12 15:00:42
U01449,F001,Inception,Science-Fiction,257,2024-11-12 16:41:02
U00192,F012,Squid Game,Thriller,413,2024-11-12 17:21:29
U00615,F009,The Office,Comédie,924,2024-11-12 18:48:47
U00254,F003,Parasite,Thriller,5697,2024-11-12 19:24:48
U00116,F002,Le Seigneur des Anneaux,Fantasy,7258,2024-11-12 19:40:44
U01303,F009,The Office,Comédie,206,2024-11-12 19:56:39
U00180,F002,Le Seigneur des Anneaux,Fantasy,87,2024-11-12 21:22:30
U00904,F001,Inception,Science-Fiction,8751,2024-11-12 21:44:34
U00716,F010,Breaking Bad,Thriller,182,2024-11-12 22:43:03
U01150,F005,Intouchables,Comédie dramatique,5751,2024-11-13 00:32:50
U01715,F007,Avengers Endgame,Action,10101,2024-11-13 01:24:34
U00532,F012,Squid Game,Thriller,80,2024-11-13 02:52:42
U01268,F001,Inception,Science-Fiction,932,2024-11-13 02:52:47
U00508,F012,Squid Game,Thriller,1150,2024-11-13 03:03:31
U01013,F009,The Office,Comédie,141,2024-11-13 07:18:18
U01426,F010,Breaking Bad,Thriller,2352,2024-11-13 07:36:05
U01540,F006,La La Land,Romance,1815,2024-11-13 10:26:17
U00954,F004,Interstellar,Science-Fiction,856,2024-11-13 12:49:27
U00593,F002,Le Seigneur des Anneaux,Fantasy,214,2024-11-13 12:50:58
U01332,F015,Notre-Dame en Flammes,Documentaire,4465,2024-11-13 14:02:10
U00538,F009,The Office,Comédie,221,2024-11-13 16:54:50
U00250,F007,Avengers Endgame,Action,8692,2024-11-13 19:49:50
U00643,F004,Interstellar,Science-Fiction,5524,2024-11-13 21:22:29
U00469,F007,Avengers Endgame,Action,43,2024-11-13 21:22:42
U01011,F012,Squid Game,Thriller,1867,2024-11-14 00:42:20
U01542,F007,Avengers Endgame,Action,3170,2024-11-14 01:38:32
U00746,F001,Inception,Science-Fiction,8553,2024-11-14 02:06:48
U01347,F010,Breaking Bad,Thriller,289,2024-11-14 03:20:46
U00537,F006,La La Land,Romance,4671,2024-11-14 05:49:13
U01256,F003,Parasite,Thriller,4365,2024-11-14 07:05:59
U01934,F010,Breaking Bad,Thriller,1727,2024-11-14 07:09:12
U00652,F010,Breaking Bad,Thriller,769,2024-11-14 10:12:15
U01353,F013,Stranger Things,Fantastique,1591,2024-11-14 10:58:10
U00315,F011,Dark,Science-Fiction,2412,2024-11-14 11:16:28
U00812,F007,Avengers Endgame,Action,7591,2024-11-14 11:47:21
U01807,F007,Avengers Endgame,Action,10027,2024-11-14 12:05:07
U01219,F004,Interstellar,Science-Fiction,6419,2024-11-14 13:15:46
U00532,F011,Dark,Science-Fiction,1335,2024-11-14 13:24:15
U00693,F008,Joker,Drame,6833,2024-11-14 13:26:58
U00175,F014,The Crown,Drame,1007,2024-11-14 13:29:49
U01827,F001,Inception,Science-Fiction,6149,2024-11-14 14:12:20
U01956,F012,Squid Game,Thriller,107,2024-11-14 14:40:55
U01402,F011,Dark,Science-Fiction,2577,2024-11-14 14:58:14
U01544,F011,Dark,Science-Fiction,311,2024-11-14 17:22:56
U01548,F015,Notre-Dame en Flammes,Documentaire,3368,2024-11-14 17:55:48
U00771,F012,Squid Game,Thriller,2085,2024-11-14 18:40:41
U00466,F012,Squid Game,Thriller,731,2024-11-14 18:46:53
U00129,F001,Inception,Science-Fiction,8787,2024-11-14 20:22:59
U00714,F010,Breaking Bad,Thriller,2484,2024-11-14 20:59:50
U01607,F013,Stranger Things,Fantastique,1053,2024-11-14 23:40:48
U00055,F011,Dark,Science-Fiction,477,2024-11-14 23:41:39
U00544,F001,Inception,Science-Fiction,2116,2024-11-15 01:00:05
U01327,F012,Squid Game,Thriller,2509,2024-11-15 01:34:01
U00365,F012,Squid Game,Thriller,2827,2024-11-15 02:02:49
U00594,F003,Parasite,Thriller,6023,2024-11-15 02:09:23
U00221,F007,Avengers Endgame,Action,5905,2024-11-15 02:10:55
U00711,F015,Notre-Dame en Flammes,Documentaire,663,2024-11-15 02:26:35
U00088,F013,Stranger Things,Fantastique,251,2024-11-15 02:39:46
U00078,F012,Squid Game,Thriller,1524,2024-11-15 02:54:28
U00415,F013,Stranger Things,Fantastique,803,2024-11-15 03:51:53
U00437,F011,Dark,Science-Fiction,2164,2024-11-15 05:06:17
U01213,F008,Joker,Drame,699,2024-11-15 05:48:36
U00526,F007,Avengers Endgame,Action,4534,2024-11-15 06:36:42
U01711,F008,Joker,Drame,2499,2024-11-15 07:07:45
U01059,F001,Inception,Science-Fiction,157,2024-11-15 08:20:59
U01433,F008,Joker,Drame,6770,2024-11-15 08:37:19
U00686,F012,Squid Game,Thriller,635,2024-11-15 11:31:22
U01881,F003,Parasite,Thriller,6254,2024-11-15 11:57:48
U00879,F013,Stranger Things,Fantastique,2797,2024-11-15 12:19:04
U00046,F008,Joker,Drame,75,2024-11-15 12:29:56
U00895,F005,Intouchables,Comédie dramatique,4953,2024-11-15 15:03:44
U00797,F014,The Crown,Drame,76,2024-11-15 17:17:49
U01672,F006,La La Land,Romance,1233,2024-11-15 17:49:29
U01473,F007,Avengers Endgame,Action,3654,2024-11-15 18:04:45
U01789,F011,Dark,Science-Fiction,1859,2024-11-15 18:44:23
U00113,F010,Breaking Bad,Thriller,1960,2024-11-15 19:07:25
U00708,F002,Le Seigneur des Anneaux,Fantasy,9407,2024-11-15 19:31:01
U01548,F001,Inception,Science-Fiction,82,2024-11-15 20:36:13
U00789,F003,Parasite,Thriller,4174,2024-11-15 21:52:13
U01295,F011,Dark,Science-Fiction,2586,2024-11-15 22:20:45
U01193,F015,Notre-Dame en Flammes,Documentaire,5376,2024-11-15 22:57:20
U00015,F006,La La Land,Romance,4742,2024-11-15 23:06:32
U00878,F011,Dark,Science-Fiction,2376,2024-11-15 23:26:30
U00517,F003,Parasite,Thriller,2432,2024-11-16 03:08:01
U00209,F001,Inception,Science-Fiction,8302,2024-11-16 05:22:58
U00886,F004,Interstellar,Science-Fiction,2251,2024-11-16 06:26:53
U01636,F007,Avengers Endgame,Action,7146,2024-11-16 06:37:33
U00130,F012,Squid Game,Thriller,1179,2024-11-16 08:08:14
U00164,F007,Avengers Endgame,Action,144,2024-11-16 08:39:17
U00663,F002,Le Seigneur des Anneaux,Fantasy,9555,2024-11-16 08:52:43
U00792,F007,Avengers Endgame,Action,7751,2024-11-16 12:27:32
U01336,F013,Stranger Things,Fantastique,1351,2024-11-16 12:35:04
U00600,F001,Inception,Science-Fiction,1869,2024-11-16 13:55:10
U01639,F013,Stranger Things,Fantastique,1952,2024-11-16 14:23:25
U00328,F015,Notre-Dame en Flammes,Documentaire,1295,2024-11-16 14:24:08
U01333,F001,Inception,Science-Fiction,7472,2024-11-16 14:25:14
U00561,F007,Avengers Endgame,Action,53,2024-11-16 14:26:48
U01679,F009,The Office,Comédie,1040,2024-11-16 15:50:45
U00602,F002,Le Seigneur des Anneaux,Fantasy,5856,2024-11-16 16:00:11
U00399,F006,La La Land,Romance,3574,2024-11-16 18:09:07
U00737,F001,Inception,Science-Fiction,656,2024-11-16 19:29:27
U01731,F005,Intouchables,Comédie dramatique,5123,2024-11-16 20:19:20
U00944,F008,Joker,Drame,1745,2024-11-16 23:14:38
U00236,F007,Avengers Endgame,Action,7636,2024-11-17 00:45:39
U01875,F004,Interstellar,Science-Fiction,1714,2024-11-17 01:30:14
U00242,F012,Squid Game,Thriller,933,2024-11-17 02:29:44
U01542,F002,Le Seigneur des Anneaux,Fantasy,2890,2024-11-17 02:32:22
U00084,F006,La La Land,Romance,6246,2024-11-17 02:58:52
U00905,F001,Inception,Science-Fiction,800,2024-11-17 03:21:37
U00262,F010,Breaking Bad,Thriller,2071,2024-11-17 06:30:02
U01419,F007,Avengers Endgame,Action,3618,2024-11-17 06:33:47
U00907,F013,Stranger Things,Fantastique,54,2024-11-17 06:48:41
U00564,F014,The Crown,Drame,732,2024-11-17 06:48:57
U01571,F002,Le Seigneur des Anneaux,Fantasy,10655,2024-11-17 09:02:39
U00241,F001,Inception,Science-Fiction,8857,2024-11-17 09:03:43
U00181,F004,Interstellar,Science-Fiction,2976,2024-11-17 09:47:05
U00597,F006,La La Land,Romance,6978,2024-11-17 09:59:12
U00795,F007,Avengers Endgame,Action,5690,2024-11-17 12:59:49
U01805,F004,Interstellar,Science-Fiction,6321,2024-11-17 13:02:27
U01150,F011,Dark,Science-Fiction,1933,2024-11-17 13:38:46
U00044,F005,Intouchables,Comédie dramatique,2854,2024-11-17 15:35:40
U01650,F005,Intouchables,Comédie dramatique,4188,2024-11-17 16:03:17
U00178,F011,Dark,Science-Fiction,2486,2024-11-17 16:25:49
U00672,F001,Inception,Science-Fiction,3150,2024-11-17 17:38:29
U00589,F002,Le Seigneur des Anneaux,Fantasy,2129,2024-11-17 17:53:59
U01774,F002,Le Seigneur des Anneaux,Fantasy,194,2024-11-17 18:00:36
U01525,F007,Avengers Endgame,Action,9577,2024-11-17 19:23:15
U01210,F010,Breaking Bad,Thriller,2030,2024-11-17 19:25:55
U01516,F012,Squid Game,Thriller,2298,2024-11-17 19:53:11
U01806,F005,Intouchables,Comédie dramatique,3775,2024-11-17 21:02:27
U00610,F007,Avengers Endgame,Action,2739,2024-11-17 21:19:54
U01765,F003,Parasite,Thriller,4779,2024-11-17 23:41:01
U01085,F002,Le Seigneur des Anneaux,Fantasy,30,2024-11-17 23:51:07
U00776,F015,Notre-Dame en Flammes,Documentaire,1501,2024-11-18 01:25:28
U00537,F008,Joker,Drame,2393,2024-11-18 01:44:29
U00829,F004,Interstellar,Science-Fiction,414,2024-11-18 02:34:09
U01993,F013,Stranger Things,Fantastique,180,2024-11-18 02:36:42
U00156,F002,Le Seigneur des Anneaux,Fantasy,9852,2024-11-18 03:01:55
U01958,F012,Squid Game,Thriller,2567,2024-11-18 03:07:41
U01317,F007,Avengers Endgame,Action,10848,2024-11-18 03:08:05
U01682,F001,Inception,Science-Fiction,6453,2024-11-18 03:23:29
U01009,F001,Inception,Science-Fiction,3431,2024-11-18 03:38:18
U01607,F005,Intouchables,Comédie dramatique,4146,2024-11-18 03:53:41
U00445,F007,Avengers Endgame,Action,2072,2024-11-18 04:18:47
U00112,F010,Breaking Bad,Thriller,2299,2024-11-18 07:10:05
U01524,F004,Interstellar,Science-Fiction,8519,2024-11-18 08:00:24
U01155,F003,Parasite,Thriller,31,2024-11-18 08:47:54
U01035,F001,Inception,Science-Fiction,154,2024-11-18 09:08:05
U00834,F004,Interstellar,Science-Fiction,8272,2024-11-18 09:25:26
U01146,F008,Joker,Drame,183,2024-11-18 09:34:16
U00471,F013,Stranger Things,Fantastique,2652,2024-11-18 09:43:06
U00083,F001,Inception,Science-Fiction,8155,2024-11-18 09:49:14
U00283,F005,Intouchables,Comédie dramatique,5120,2024-11-18 11:56:57
U00495,F007,Avengers Endgame,Action,6921,2024-11-18 12:02:04
U01795,F015,Notre-Dame en Flammes,Documentaire,3816,2024-11-18 12:33:57
U01838,F003,Parasite,Thriller,189,2024-11-18 15:47:06
U00103,F010,Breaking Bad,Thriller,2344,2024-11-18 18:01:19
U00656,F011,Dark,Science-Fiction,785,2024-11-18 18:57:19
U00158,F008,Joker,Drame,4798,2024-11-18 19:05:56
U00441,F010,Breaking Bad,Thriller,1493,2024-11-18 20:42:37
U01979,F002,Le Seigneur des Anneaux,Fantasy,5793,2024-11-18 21:07:26
U01747,F006,La La Land,Romance,5396,2024-11-18 21:07:29
U00256,F006,La La Land,Romance,7540,2024-11-18 21:11:08
U01533,F015,Notre-Dame en Flammes,Documentaire,3742,2024-11-18 21:21:50
U00365,F012,Squid Game,Thriller,1265,2024-11-18 21:34:15
U01308,F009,The Office,Comédie,946,2024-11-18 22:52:48
U00518,F003,Parasite,Thriller,134,2024-11-18 23:27:39
U01405,F004,Interstellar,Science-Fiction,538,2024-11-19 03:12:02
U01403,F008,Joker,Drame,693,2024-11-19 03:17:41
U01143,F012,Squid Game,Thriller,160,2024-11-19 03:28:04
U01887,F003,Parasite,Thriller,3944,2024-11-19 03:31:34
U01121,F013,Stranger Things,Fantastique,2292,2024-11-19 03:58:01
U00396,F007,Avengers Endgame,Action,3375,2024-11-19 04:44:29
U01229,F002,Le Seigneur des Anneaux,Fantasy,8037,2024-11-19 05:55:00
U00279,F004,Interstellar,Science-Fiction,1313,2024-11-19 07:38:31
U01043,F004,Interstellar,Science-Fiction,5131,2024-11-19 07:44:29
U00983,F003,Parasite,Thriller,149,2024-11-19 08:57:23
U01539,F003,Parasite,Thriller,1923,2024-11-19 09:08:27
U00193,F002,Le Seigneur des Anneaux,Fantasy,3302,2024-11-19 10:17:13
U01233,F008,Joker,Drame,2852,2024-11-19 12:18:53
U01809,F004,Interstellar,Science-Fiction,8304,2024-11-19 12:52:31
U00762,F009,The Office,Comédie,908,2024-11-19 13:12:18
U00368,F014,The Crown,Drame,200,2024-11-19 15:09:40
U00313,F003,Parasite,Thriller,2633,2024-11-19 15:30:12
U00024,F013,Stranger Things,Fantastique,115,2024-11-19 15:47:59
U01813,F005,Intouchables,Comédie dramatique,3838,2024-11-19 18:44:34
U00755,F005,Intouchables,Comédie dramatique,6347,2024-11-19 20:35:27
U01180,F010,Breaking Bad,Thriller,2319,2024-11-19 22:20:31
U00161,F015,Notre-Dame en Flammes,Documentaire,905,2024-11-19 22:27:04
U01588,F001,Inception,Science-Fiction,4327,2024-11-20 00:09:59
U01011,F004,Interstellar,Science-Fiction,3067,2024-11-20 00:27:28
U01429,F001,Inception,Science-Fiction,6297,2024-11-20 02:12:28
U00047,F011,Dark,Science-Fiction,1406,2024-11-20 02:16:33
U00158,F004,Interstellar,Science-Fiction,9532,2024-11-20 03:30:25
U00849,F005,Intouchables,Comédie dramatique,1845,2024-11-20 03:46:21
U01046,F011,Dark,Science-Fiction,1147,2024-11-20 04:05:25
U01101,F005,Intouchables,Comédie dramatique,3740,2024-11-20 04:34:03
U01414,F007,Avengers Endgame,Action,9310,2024-11-20 04:48:09
U01812,F008,Joker,Drame,1590,2024-11-20 04:55:12
U01832,F007,Avengers Endgame,Action,5812,2024-11-20 05:59:53
U00687,F007,Avengers Endgame,Action,5918,2024-11-20 07:44:58
U01730,F011,Dark,Science-Fiction,2455,2024-11-20 07:52:51
U00481,F001,Inception,Science-Fiction,5344,2024-11-20 08:55:40
U01308,F003,Parasite,Thriller,6258,2024-11-20 09:17:12
U00407,F010,Breaking Bad,Thriller,2286,2024-11-20 09:34:13
U00630,F012,Squid Game,Thriller,117,2024-11-20 10:02:47
U01678,F001,Inception,Science-Fiction,6821,2024-11-20 10:06:37
U01298,F001,Inception,Science-Fiction,7646,2024-11-20 12:28:45
U01307,F005,Intouchables,Comédie dramatique,4920,2024-11-20 12:53:53
U00267,F013,Stranger Things,Fantastique,1572,2024-11-20 14:08:40
U01048,F007,Avengers Endgame,Action,74,2024-11-20 15:05:29
U00740,F006,La La Land,Romance,2254,2024-11-20 15:39:17
U01217,F015,Notre-Dame en Flammes,Documentaire,5377,2024-11-20 17:12:12
U01807,F012,Squid Game,Thriller,1724,2024-11-20 17:58:43
U00556,F011,Dark,Science-Fiction,442,2024-11-20 18:05:49
U00913,F010,Breaking Bad,Thriller,1245,2024-11-20 19:01:24
U00572,F014,The Crown,Drame,2646,2024-11-20 19:10:57
U01970,F012,Squid Game,Thriller,934,2024-11-20 21:04:04
U00874,F007,Avengers Endgame,Action,3272,2024-11-20 22:27:05
U00125,F012,Squid Game,Thriller,692,2024-11-21 02:33:27
U01809,F007,Avengers Endgame,Action,167,2024-11-21 02:48:03
U00167,F012,Squid Game,Thriller,2280,2024-11-21 04:16:45
U01607,F005,Intouchables,Comédie dramatique,4425,2024-11-21 04:33:16
U00392,F004,Interstellar,Science-Fiction,9662,2024-11-21 04:51:50
U01285,F010,Breaking Bad,Thriller,1716,2024-11-21 04:54:20
U01600,F012,Squid Game,Thriller,1542,2024-11-21 05:14:44
U01385,F013,Stranger Things,Fantastique,1449,2024-11-21 05:54:15
U01416,F003,Parasite,Thriller,7246,2024-11-21 06:47:53
U00158,F004,Interstellar,Science-Fiction,67,2024-11-21 06:58:50
U01036,F006,La La Land,Romance,7259,2024-11-21 09:25:06
U00679,F005,Intouchables,Comédie dramatique,1479,2024-11-21 09:29:04
U01993,F007,Avengers Endgame,Action,10408,2024-11-21 09:33:54
U00026,F004,Interstellar,Science-Fiction,8848,2024-11-21 10:04:49
U01793,F004,Interstellar,Science-Fiction,8015,2024-11-21 10:30:57
U00626,F015,Notre-Dame en Flammes,Documentaire,5064,2024-11-21 11:47:09
U01959,F010,Breaking Bad,Thriller,98,2024-11-21 13:42:03
U01584,F007,Avengers Endgame,Action,2577,2024-11-21 13:47:20
U01479,F012,Squid Game,Thriller,827,2024-11-21 14:44:36
U01075,F012,Squid Game,Thriller,1409,2024-11-21 15:04:54
U00965,F012,Squid Game,Thriller,1999,2024-11-21 15:20:52
U01276,F011,Dark,Science-Fiction,1160,2024-11-21 16:43:31
U01585,F005,Intouchables,Comédie dramatique,1576,2024-11-21 16:46:45
U01087,F010,Breaking Bad,Thriller,2236,2024-11-21 18:19:58
U00335,F001,Inception,Science-Fiction,8343,2024-11-21 19:46:59
U00008,F007,Avengers Endgame,Action,6517,2024-11-21 20:58:12
U00768,F003,Parasite,Thriller,705,2024-11-21 21:41:23
U00095,F002,Le Seigneur des Anneaux,Fantasy,1589,2024-11-21 21:47:27
U00559,F010,Breaking Bad,Thriller,1934,2024-11-21 22:56:37
U01869,F013,Stranger Things,Fantastique,2830,2024-11-22 03:23:08
U00745,F010,Breaking Bad,Thriller,2162,2024-11-22 03:36:03
U00594,F007,Avengers Endgame,Action,5608,2024-11-22 04:07:49
U01937,F008,Joker,Drame,885,2024-11-22 04:12:45
U01022,F007,Avengers Endgame,Action,5559,2024-11-22 05:09:15
U01388,F008,Joker,Drame,6196,2024-11-22 08:12:45
U00481,F014,The Crown,Drame,1160,2024-11-22 08:41:23
U00949,F010,Breaking Bad,Thriller,406,2024-11-22 09:14:57
U00210,F004,Interstellar,Science-Fiction,9410,2024-11-22 12:38:23
U00749,F007,Avengers Endgame,Action,6119,2024-11-22 16:22:50
U00632,F001,Inception,Science-Fiction,4725,2024-11-22 19:05:47
U01235,F001,Inception,Science-Fiction,2583,2024-11-22 19:14:48
U00104,F013,Stranger Things,Fantastique,1236,2024-11-22 20:15:08
U00488,F003,Parasite,Thriller,260,2024-11-22 21:55:55
U01130,F001,Inception,Science-Fiction,5111,2024-11-22 22:04:45
U00669,F007,Avengers Endgame,Action,9803,2024-11-22 23:09:00
U00617,F002,Le Seigneur des Anneaux,Fantasy,7383,2024-11-23 00:19:55
U00986,F009,The Office,Comédie,1106,2024-11-23 00:50:41
U00656,F007,Avengers Endgame,Action,122,2024-11-23 01:06:56
U00528,F005,Intouchables,Comédie dramatique,4272,2024-11-23 01:45:56
U00116,F004,Interstellar,Science-Fiction,8215,2024-11-23 02:01:21
U00117,F008,Joker,Drame,4957,2024-11-23 03:02:16
U01722,F001,Inception,Science-Fiction,8816,2024-11-23 03:47:27
U01225,F004,Interstellar,Science-Fiction,7768,2024-11-23 04:05:51
U00357,F009,The Office,Comédie,966,2024-11-23 04:10:40
U00252,F012,Squid Game,Thriller,448,2024-11-23 04:21:03
U01350,F008,Joker,Drame,5192,2024-11-23 04:56:55
U00675,F004,Interstellar,Science-Fiction,8789,2024-11-23 05:18:58
U01322,F001,Inception,Science-Fiction,6852,2024-11-23 05:37:58
U01431,F011,Dark,Science-Fiction,1025,2024-11-23 06:45:05
U01467,F007,Avengers Endgame,Action,7370,2024-11-23 07:04:44
U01083,F012,Squid Game,Thriller,1673,2024-11-23 07:56:25
U01002,F011,Dark,Science-Fiction,1650,2024-11-23 08:24:53
U01863,F011,Dark,Science-Fiction,147,2024-11-23 08:56:44
U00612,F010,Breaking Bad,Thriller,548,2024-11-23 10:02:04
U00326,F001,Inception,Science-Fiction,2153,2024-11-23 11:33:18
U00486,F004,Interstellar,Science-Fiction,4288,2024-11-23 11:55:17
U01839,F005,Intouchables,Comédie dramatique,248,2024-11-23 12:12:55
U00854,F009,The Office,Comédie,801,2024-11-23 12:33:12
U00410,F004,Interstellar,Science-Fiction,1082,2024-11-23 13:26:24
U00894,F013,Stranger Things,Fantastique,1803,2024-11-23 17:07:32
U00948,F002,Le Seigneur des Anneaux,Fantasy,2759,2024-11-23 19:47:14
U00463,F008,Joker,Drame,6749,2024-11-23 20:23:31
U01399,F014,The Crown,Drame,211,2024-11-23 20:52:49
U00810,F001,Inception,Science-Fiction,8831,2024-11-23 20:53:45
U00744,F008,Joker,Drame,3022,2024-11-23 20:58:54
U00041,F002,Le Seigneur des Anneaux,Fantasy,4764,2024-11-23 21:30:21
U01718,F001,Inception,Science-Fiction,6720,2024-11-23 21:36:15
U01854,F014,The Crown,Drame,3541,2024-11-23 22:24:18
U00537,F013,Stranger Things,Fantastique,283,2024-11-24 00:27:45
U01148,F007,Avengers Endgame,Action,2443,2024-11-24 01:07:57
U00822,F011,Dark,Science-Fiction,1702,2024-11-24 01:21:34
U00945,F008,Joker,Drame,320,2024-11-24 01:33:46
U00142,F012,Squid Game,Thriller,3234,2024-11-24 02:32:24
U00006,F007,Avengers Endgame,Action,259,2024-11-24 03:32:25
U00136,F011,Dark,Science-Fiction,2178,2024-11-24 04:10:41
U00190,F015,Notre-Dame en Flammes,Documentaire,1696,2024-11-24 05:08:26
U00371,F015,Notre-Dame en Flammes,Documentaire,715,2024-11-24 05:13:06
U01562,F004,Interstellar,Science-Fiction,3815,2024-11-24 05:25:01
U01040,F004,Interstellar,Science-Fiction,7223,2024-11-24 07:42:30
U01857,F013,Stranger Things,Fantastique,914,2024-11-24 07:52:42
U00134,F007,Avengers Endgame,Action,4078,2024-11-24 11:06:46
U01915,F010,Breaking Bad,Thriller,881,2024-11-24 12:40:25
U00847,F002,Le Seigneur des Anneaux,Fantasy,217,2024-11-24 12:56:56
U01985,F004,Interstellar,Science-Fiction,202,2024-11-24 14:33:17
U00882,F007,Avengers Endgame,Action,10418,2024-11-24 16:04:53
U01744,F004,Interstellar,Science-Fiction,166,2024-11-24 18:55:52
U01949,F002,Le Seigneur des Anneaux,Fantasy,10059,2024-11-24 20:13:04
U00381,F006,La La Land,Romance,285,2024-11-24 20:47:03
U00940,F013,Stranger Things,Fantastique,2377,2024-11-24 20:47:13
U00687,F004,Interstellar,Science-Fiction,5934,2024-11-24 21:14:25
U00947,F012,Squid Game,Thriller,3108,2024-11-24 21:16:10
U01649,F007,Avengers Endgame,Action,10656,2024-11-24 22:08:29
U01180,F001,Inception,Science-Fiction,1365,2024-11-24 22:14:36
U00902,F006,La La Land,Romance,104,2024-11-24 23:16:05
U01510,F001,Inception,Science-Fiction,127,2024-11-24 23:43:03
U01511,F011,Dark,Science-Fiction,865,2024-11-25 00:43:02
U00945,F011,Dark,Science-Fiction,1481,2024-11-25 00:53:36
U01649,F006,La La Land,Romance,4377,2024-11-25 01:05:14
U01318,F014,The Crown,Drame,275,2024-11-25 01:23:41
U01194,F001,Inception,Science-Fiction,7751,2024-11-25 04:32:49
U01740,F007,Avengers Endgame,Action,10713,2024-11-25 06:40:38
U00813,F005,Intouchables,Comédie dramatique,152,2024-11-25 07:45:48
U01458,F012,Squid Game,Thriller,1182,2024-11-25 09:03:56
U00305,F010,Breaking Bad,Thriller,862,2024-11-25 10:03:13
U00501,F001,Inception,Science-Fiction,3845,2024-11-25 10:19:27
U01229,F004,Interstellar,Science-Fiction,2120,2024-11-25 10:56:52
U01413,F003,Parasite,Thriller,217,2024-11-25 11:05:49
U01115,F004,Interstellar,Science-Fiction,6699,2024-11-25 11:22:53
U01029,F010,Breaking Bad,Thriller,211,2024-11-25 12:02:57
U01326,F005,Intouchables,Comédie dramatique,3863,2024-11-25 13:28:46
U00254,F010,Breaking Bad,Thriller,125,2024-11-25 13:40:38
U01108,F012,Squid Game,Thriller,3193,2024-11-25 14:25:03
U01655,F013,Stranger Things,Fantastique,1128,2024-11-25 16:19:43
U00615,F001,Inception,Science-Fiction,4625,2024-11-25 18:55:52
U00985,F004,Interstellar,Science-Fiction,5698,2024-11-25 20:06:38
U01963,F005,Intouchables,Comédie dramatique,2061,2024-11-25 21:26:54
U00683,F015,Notre-Dame en Flammes,Documentaire,1489,2024-11-25 22:36:16
U01877,F004,Interstellar,Science-Fiction,5676,2024-11-25 22:39:05
U01109,F002,Le Seigneur des Anneaux,Fantasy,7885,2024-11-26 00:22:12
U00846,F005,Intouchables,Comédie dramatique,88,2024-11-26 00:43:00
U01589,F003,Parasite,Thriller,5166,2024-11-26 00:43:39
U01693,F003,Parasite,Thriller,130,2024-11-26 01:00:26
U00209,F010,Breaking Bad,Thriller,1953,2024-11-26 01:54:55
U01991,F007,Avengers Endgame,Action,8394,2024-11-26 03:33:52
U00657,F004,Interstellar,Science-Fiction,4516,2024-11-26 03:58:32
U00329,F005,Intouchables,Comédie dramatique,6351,2024-11-26 04:05:13
U00420,F003,Parasite,Thriller,6468,2024-11-26 04:28:27
U01345,F003,Parasite,Thriller,5253,2024-11-26 06:29:27
U00269,F002,Le Seigneur des Anneaux,Fantasy,3242,2024-11-26 07:06:30
U01932,F002,Le Seigneur des Anneaux,Fantasy,7877,2024-11-26 07:09:55
U01456,F004,Interstellar,Science-Fiction,3874,2024-11-26 07:35:32
U00942,F012,Squid Game,Thriller,1062,2024-11-26 08:06:32
U00004,F014,The Crown,Drame,2601,2024-11-26 09:37:46
U00308,F002,Le Seigneur des Anneaux,Fantasy,6214,2024-11-26 10:02:13
U00593,F001,Inception,Science-Fiction,265,2024-11-26 12:40:53
U00700,F007,Avengers Endgame,Action,6766,2024-11-26 12:48:25
U00761,F007,Avengers Endgame,Action,294,2024-11-26 13:26:33
U01454,F001,Inception,Science-Fiction,6897,2024-11-26 15:16:10
U00372,F009,The Office,Comédie,715,2024-11-26 15:30:31
U00896,F004,Interstellar,Science-Fiction,9004,2024-11-26 16:09:06
U00493,F001,Inception,Science-Fiction,4580,2024-11-26 16:26:13
U00360,F008,Joker,Drame,5112,2024-11-26 17:03:37
U00615,F002,Le Seigneur des Anneaux,Fantasy,4735,2024-11-26 18:16:01
U00910,F007,Avengers Endgame,Action,7834,2024-11-26 18:28:06
U00749,F005,Intouchables,Comédie dramatique,3956,2024-11-26 18:46:17
U00389,F004,Interstellar,Science-Fiction,2707,2024-11-26 19:12:12
U01832,F012,Squid Game,Thriller,1954,2024-11-26 19:21:19
U01318,F013,Stranger Things,Fantastique,2401,2024-11-26 20:00:52
U01056,F012,Squid Game,Thriller,862,2024-11-26 20:45:59
U01265,F012,Squid Game,Thriller,45,2024-11-26 21:30:22
U01994,F013,Stranger Things,Fantastique,466,2024-11-26 22:50:15
U01458,F008,Joker,Drame,5467,2024-11-26 23:09:42
U00807,F010,Breaking Bad,Thriller,255,2024-11-26 23:23:15
U00103,F001,Inception,Science-Fiction,623,2024-11-26 23:32:00
U01959,F013,Stranger Things,Fantastique,2277,2024-11-27 00:01:23
U00568,F013,Stranger Things,Fantastique,1888,2024-11-27 00:42:49
U01402,F003,Parasite,Thriller,542,2024-11-27 01:09:00
U01843,F007,Avengers Endgame,Action,8266,2024-11-27 01:42:15
U00991,F015,Notre-Dame en Flammes,Documentaire,3332,2024-11-27 03:08:02
U01980,F001,Inception,Science-Fiction,7212,2024-11-27 03:55:42
U00277,F015,Notre-Dame en Flammes,Documentaire,1377,2024-11-27 04:07:46
U01240,F006,La La Land,Romance,4278,2024-11-27 04:36:15
U00520,F013,Stranger Things,Fantastique,758,2024-11-27 04:46:46
U01198,F001,Inception,Science-Fiction,1329,2024-11-27 04:57:49
U01739,F010,Breaking Bad,Thriller,99,2024-11-27 05:25:22
U01930,F010,Breaking Bad,Thriller,1221,2024-11-27 06:00:55
U01868,F001,Inception,Science-Fiction,7857,2024-11-27 08:32:51
U01631,F012,Squid Game,Thriller,2726,2024-11-27 08:42:28
U00185,F006,La La Land,Romance,4850,2024-11-27 08:42:44
U01925,F007,Avengers Endgame,Action,2267,2024-11-27 09:26:28
U00096,F011,Dark,Science-Fiction,1659,2024-11-27 10:20:25
U01026,F005,Intouchables,Comédie dramatique,5648,2024-11-27 10:27:57
U01577,F001,Inception,Science-Fiction,7011,2024-11-27 10:34:30
U00977,F001,Inception,Science-Fiction,3494,2024-11-27 10:42:41
U01177,F005,Intouchables,Comédie dramatique,193,2024-11-27 12:47:47
U01748,F001,Inception,Science-Fiction,3570,2024-11-27 14:15:53
U00930,F001,Inception,Science-Fiction,724,2024-11-27 14:33:00
U01637,F006,La La Land,Romance,835,2024-11-27 18:32:36
U01887,F001,Inception,Science-Fiction,5989,2024-11-27 19:54:55
U01706,F003,Parasite,Thriller,219,2024-11-27 20:16:14
U00233,F003,Parasite,Thriller,2720,2024-11-27 20:27:28
U00616,F012,Squid Game,Thriller,172,2024-11-27 21:12:33
U00213,F007,Avengers Endgame,Action,6530,2024-11-27 21:29:58
U01244,F008,Joker,Drame,5956,2024-11-27 22:19:45
U01115,F012,Squid Game,Thriller,1306,2024-11-28 00:51:15
U01184,F004,Interstellar,Science-Fiction,6021,2024-11-28 01:10:03
U00482,F001,Inception,Science-Fiction,2867,2024-11-28 02:21:40
U00018,F012,Squid Game,Thriller,2094,2024-11-28 02:31:44
U01406,F012,Squid Game,Thriller,2950,2024-11-28 02:44:47
U00438,F007,Avengers Endgame,Action,6409,2024-11-28 03:21:27
U01443,F003,Parasite,Thriller,1470,2024-11-28 04:35:00
U01713,F007,Avengers Endgame,Action,2824,2024-11-28 04:42:33
U01414,F005,Intouchables,Comédie dramatique,1267,2024-11-28 05:22:25
U01309,F004,Interstellar,Science-Fiction,4181,2024-11-28 05:43:02
U01414,F007,Avengers Endgame,Action,6287,2024-11-28 06:37:57
U00725,F009,The Office,Comédie,1083,2024-11-28 07:25:43
U00580,F004,Interstellar,Science-Fiction,4854,2024-11-28 09:06:05
U00136,F010,Breaking Bad,Thriller,1909,2024-11-28 09:12:09
U00158,F008,Joker,Drame,190,2024-11-28 11:04:21
U00136,F002,Le Seigneur des Anneaux,Fantasy,3700,2024-11-28 11:48:25
U00383,F015,Notre-Dame en Flammes,Documentaire,230,2024-11-28 13:59:34
U01307,F002,Le Seigneur des Anneaux,Fantasy,6047,2024-11-28 14:36:25
U00266,F003,Parasite,Thriller,6244,2024-11-28 14:43:27
U00941,F007,Avengers Endgame,Action,6181,2024-11-28 15:59:24
U01507,F001,Inception,Science-Fiction,5906,2024-11-28 17:45:25
U01043,F001,Inception,Science-Fiction,2400,2024-11-28 18:18:28
U01987,F007,Avengers Endgame,Action,3672,2024-11-28 19:34:27
U01251,F007,Avengers Endgame,Action,1528,2024-11-28 20:02:25
U00141,F010,Breaking Bad,Thriller,364,2024-11-28 20:16:24
U00213,F010,Breaking Bad,Thriller,753,2024-11-28 20:36:50
U00334,F012,Squid Game,Thriller,2088,2024-11-28 20:51:19
U00165,F007,Avengers Endgame,Action,320,2024-11-28 21:26:44
U00111,F003,Parasite,Thriller,7849,2024-11-28 21:27:27
U00868,F001,Inception,Science-Fiction,5641,2024-11-28 23:27:04
U01850,F012,Squid Game,Thriller,151,2024-11-29 01:51:02
U01565,F012,Squid Game,Thriller,1192,2024-11-29 02:25:26
U00444,F003,Parasite,Thriller,239,2024-11-29 03:30:54
U01737,F003,Parasite,Thriller,446,2024-11-29 03:38:02
U01866,F004,Interstellar,Science-Fiction,4098,2024-11-29 04:51:20
U01390,F007,Avengers Endgame,Action,10546,2024-11-29 05:53:08
U00485,F007,Avengers Endgame,Action,10406,2024-11-29 05:53:10
U01906,F011,Dark,Science-Fiction,1168,2024-11-29 07:53:27
U01461,F012,Squid Game,Thriller,284,2024-11-29 08:08:10
U01375,F012,Squid Game,Thriller,3166,2024-11-29 08:37:46
U00224,F007,Avengers Endgame,Action,7814,2024-11-29 09:55:52
U00327,F011,Dark,Science-Fiction,49,2024-11-29 10:40:08
U00261,F002,Le Seigneur des Anneaux,Fantasy,7081,2024-11-29 11:49:33
U01946,F004,Interstellar,Science-Fiction,4026,2024-11-29 12:40:23
U00010,F004,Interstellar,Science-Fiction,3370,2024-11-29 17:48:10
U00036,F007,Avengers Endgame,Action,4655,2024-11-29 18:13:51
U01325,F004,Interstellar,Science-Fiction,3635,2024-11-29 18:40:03
U00415,F007,Avengers Endgame,Action,854,2024-11-29 18:56:37
U00748,F012,Squid Game,Thriller,1815,2024-11-29 20:05:30
U00067,F003,Parasite,Thriller,6839,2024-11-29 20:06:55
U01293,F001,Inception,Science-Fiction,46,2024-11-29 20:22:57
U00427,F001,Inception,Science-Fiction,4426,2024-11-29 20:33:34
U00118,F005,Intouchables,Comédie dramatique,197,2024-11-29 21:03:11
U00621,F013,Stranger Things,Fantastique,557,2024-11-29 21:15:15
U00392,F008,Joker,Drame,1703,2024-11-29 23:06:33
U01533,F002,Le Seigneur des Anneaux,Fantasy,3924,2024-11-29 23:25:54
U01240,F015,Notre-Dame en Flammes,Documentaire,1329,2024-11-29 23:29:49
U01210,F001,Inception,Science-Fiction,1336,2024-11-29 23:52:57
U01485,F007,Avengers Endgame,Action,4412,2024-11-30 00:04:58
U00341,F010,Breaking Bad,Thriller,147,2024-11-30 00:20:19
U01844,F006,La La Land,Romance,4410,2024-11-30 00:43:22
U01973,F001,Inception,Science-Fiction,6288,2024-11-30 01:05:29
U01152,F001,Inception,Science-Fiction,6973,2024-11-30 01:46:18
U01470,F012,Squid Game,Thriller,2942,2024-11-30 01:56:48
U01015,F005,Intouchables,Comédie dramatique,6060,2024-11-30 02:16:12
U00912,F001,Inception,Science-Fiction,5427,2024-11-30 02:57:09
U01079,F012,Squid Game,Thriller,212,2024-11-30 03:13:06
U01925,F007,Avengers Endgame,Action,8685,2024-11-30 03:30:37
U00842,F007,Avengers Endgame,Action,2187,2024-11-30 05:01:19
U00485,F001,Inception,Science-Fiction,5882,2024-11-30 05:40:58
U01441,F007,Avengers Endgame,Action,6358,2024-11-30 11:24:42
U01691,F001,Inception,Science-Fiction,195,2024-11-30 12:43:30
U00952,F003,Parasite,Thriller,5240,2024-11-30 13:37:22
U00936,F012,Squid Game,Thriller,685,2024-11-30 14:29:01
U01707,F009,The Office,Comédie,503,2024-11-30 16:13:33
U00282,F004,Interstellar,Science-Fiction,1033,2024-11-30 17:00:16
U00670,F003,Parasite,Thriller,7398,2024-11-30 17:22:11
U00283,F008,Joker,Drame,193,2024-11-30 17:26:33
U00050,F014,The Crown,Drame,2863,2024-11-30 17:46:57
U01051,F004,Interstellar,Science-Fiction,173,2024-11-30 18:00:21
U01473,F010,Breaking Bad,Thriller,248,2024-11-30 18:05:22
U00821,F002,Le Seigneur des Anneaux,Fantasy,7551,2024-11-30 18:16:13
U00760,F007,Avengers Endgame,Action,7686,2024-11-30 18:26:41
U01436,F003,Parasite,Thriller,2460,2024-11-30 18:33:24
U00019,F012,Squid Game,Thriller,957,2024-11-30 18:35:14
U00333,F007,Avengers Endgame,Action,8102,2024-11-30 18:46:26
U01520,F001,Inception,Science-Fiction,69,2024-11-30 19:26:51
U01387,F006,La La Land,Romance,5735,2024-11-30 19:59:50
U01792,F015,Notre-Dame en Flammes,Documentaire,1727,2024-11-30 20:16:58
U01252,F005,Intouchables,Comédie dramatique,418,2024-11-30 23:47:20
U00270,F003,Parasite,Thriller,133,2024-11-30 23:53:59
U00348,F007,Avengers Endgame,Action,7294,2024-12-01 00:05:34
U00708,F008,Joker,Drame,2746,2024-12-01 00:35:47
U00350,F013,Stranger Things,Fantastique,2790,2024-12-01 00:41:25
U01766,F010,Breaking Bad,Thriller,271,2024-12-01 00:57:17
U01570,F007,Avengers Endgame,Action,8036,2024-12-01 01:15:51
U01286,F004,Interstellar,Science-Fiction,109,2024-12-01 01:17:54
U00104,F001,Inception,Science-Fiction,139,2024-12-01 02:05:57
U01625,F005,Intouchables,Comédie dramatique,6334,2024-12-01 03:32:22
U01633,F013,Stranger Things,Fantastique,1950,2024-12-01 04:09:30
U00174,F007,Avengers Endgame,Action,2592,2024-12-01 04:31:39
U00993,F010,Breaking Bad,Thriller,292,2024-12-01 06:16:30
U00656,F007,Avengers Endgame,Action,8812,2024-12-01 07:51:19
U01951,F012,Squid Game,Thriller,1654,2024-12-01 08:32:49
U00571,F004,Interstellar,Science-Fiction,5354,2024-12-01 08:48:21
U00186,F003,Parasite,Thriller,7094,2024-12-01 08:54:03
U01316,F007,Avengers Endgame,Action,6629,2024-12-01 10:29:56
U00990,F010,Breaking Bad,Thriller,1690,2024-12-01 11:55:35
U01595,F012,Squid Game,Thriller,289,2024-12-01 12:54:30
U00417,F005,Intouchables,Comédie dramatique,2604,2024-12-01 13:51:16
U00556,F009,The Office,Comédie,1028,2024-12-01 15:41:40
U00309,F013,Stranger Things,Fantastique,2462,2024-12-01 15:52:20
U00850,F014,The Crown,Drame,3271,2024-12-01 16:16:05
U01449,F009,The Office,Comédie,345,2024-12-01 17:03:31
U01174,F002,Le Seigneur des Anneaux,Fantasy,5586,2024-12-01 17:25:59
U01347,F010,Breaking Bad,Thriller,823,2024-12-01 18:01:02
U00485,F002,Le Seigneur des Anneaux,Fantasy,2051,2024-12-01 19:07:32
U00752,F012,Squid Game,Thriller,1939,2024-12-01 20:53:17
U00830,F013,Stranger Things,Fantastique,2051,2024-12-01 23:35:10
U01681,F001,Inception,Science-Fiction,8451,2024-12-02 00:48:47
U01747,F007,Avengers Endgame,Action,8556,2024-12-02 02:11:36
U00558,F012,Squid Game,Thriller,2943,2024-12-02 04:14:43
U01551,F001,Inception,Science-Fiction,7995,2024-12-02 05:18:10
U01263,F013,Stranger Things,Fantastique,2348,2024-12-02 05:18:29
U01543,F009,The Office,Comédie,324,2024-12-02 05:49:29
U00200,F002,Le Seigneur des Anneaux,Fantasy,10094,2024-12-02 06:21:27
U01662,F007,Avengers Endgame,Action,3276,2024-12-02 06:38:50
U01547,F007,Avengers Endgame,Action,6078,2024-12-02 07:41:48
U00552,F011,Dark,Science-Fiction,1805,2024-12-02 10:25:40
U01543,F007,Avengers Endgame,Action,31,2024-12-02 10:29:22
U00582,F001,Inception,Science-Fiction,2976,2024-12-02 10:45:50
U00684,F012,Squid Game,Thriller,57,2024-12-02 11:08:06
U00427,F013,Stranger Things,Fantastique,104,2024-12-02 11:15:49
U00603,F007,Avengers Endgame,Action,57,2024-12-02 11:22:17
U00881,F004,Interstellar,Science-Fiction,8051,2024-12-02 11:25:05
U01616,F015,Notre-Dame en Flammes,Documentaire,1665,2024-12-02 12:33:35
U01498,F010,Breaking Bad,Thriller,1172,2024-12-02 13:08:38
U00506,F004,Interstellar,Science-Fiction,4586,2024-12-02 16:24:23
U01290,F012,Squid Game,Thriller,2825,2024-12-02 16:30:38
U01972,F010,Breaking Bad,Thriller,30,2024-12-02 17:24:05
U00472,F012,Squid Game,Thriller,1518,2024-12-02 17:39:38
U01967,F008,Joker,Drame,3556,2024-12-02 18:19:15
U00968,F013,Stranger Things,Fantastique,2824,2024-12-02 19:09:14
U01050,F011,Dark,Science-Fiction,2312,2024-12-02 19:28:36
U00964,F013,Stranger Things,Fantastique,123,2024-12-02 21:13:58
U00217,F007,Avengers Endgame,Action,176,2024-12-02 21:27:19
U00560,F010,Breaking Bad,Thriller,2476,2024-12-03 00:17:44
U00381,F012,Squid Game,Thriller,2675,2024-12-03 02:38:26
U00725,F012,Squid Game,Thriller,2516,2024-12-03 03:12:18
U01349,F004,Interstellar,Science-Fiction,9531,2024-12-03 03:35:38
U01547,F015,Notre-Dame en Flammes,Documentaire,3781,2024-12-03 04:57:59
U00448,F011,Dark,Science-Fiction,1776,2024-12-03 07:58:35
U01515,F001,Inception,Science-Fiction,5649,2024-12-03 09:21:31
U00423,F007,Avengers Endgame,Action,93,2024-12-03 09:48:48
U00386,F002,Le Seigneur des Anneaux,Fantasy,10056,2024-12-03 10:21:31
U00640,F008,Joker,Drame,4078,2024-12-03 11:06:26
U01711,F013,Stranger Things,Fantastique,92,2024-12-03 11:42:58
U01506,F006,La La Land,Romance,4501,2024-12-03 14:29:47
U01236,F014,The Crown,Drame,2294,2024-12-03 15:02:04
U01430,F007,Avengers Endgame,Action,9176,2024-12-03 16:19:54
U00609,F011,Dark,Science-Fiction,817,2024-12-03 16:46:39
U01563,F007,Avengers Endgame,Action,2936,2024-12-03 17:16:30
U00231,F007,Avengers Endgame,Action,6800,2024-12-03 18:07:55
U01015,F014,The Crown,Drame,199,2024-12-03 18:11:40
U01810,F002,Le Seigneur des Anneaux,Fantasy,1558,2024-12-03 18:28:22
U01802,F012,Squid Game,Thriller,546,2024-12-03 18:59:52
U00753,F004,Interstellar,Science-Fiction,1493,2024-12-03 19:46:44
U00402,F015,Notre-Dame en Flammes,Documentaire,3154,2024-12-03 20:12:25
U00628,F004,Interstellar,Science-Fiction,8848,2024-12-03 21:00:12
U01480,F010,Breaking Bad,Thriller,827,2024-12-03 21:13:41
U01139,F005,Intouchables,Comédie dramatique,154,2024-12-04 00:09:39
U01864,F004,Interstellar,Science-Fiction,200,2024-12-04 01:20:25
U00261,F007,Avengers Endgame,Action,8142,2024-12-04 02:10:13
U00939,F005,Intouchables,Comédie dramatique,77,2024-12-04 03:02:28
U00625,F010,Breaking Bad,Thriller,1419,2024-12-04 03:39:13
U00019,F008,Joker,Drame,842,2024-12-04 03:49:12
U01449,F015,Notre-Dame en Flammes,Documentaire,5191,2024-12-04 03:56:59
U01152,F003,Parasite,Thriller,873,2024-12-04 04:42:08
U01152,F001,Inception,Science-Fiction,90,2024-12-04 05:05:30
U01106,F002,Le Seigneur des Anneaux,Fantasy,5052,2024-12-04 07:31:58
U01923,F008,Joker,Drame,1404,2024-12-04 07:52:53
U00716,F001,Inception,Science-Fiction,6871,2024-12-04 07:58:01
U00830,F001,Inception,Science-Fiction,8138,2024-12-04 09:00:11
U00309,F001,Inception,Science-Fiction,7770,2024-12-04 10:17:48
U00839,F004,Interstellar,Science-Fiction,6789,2024-12-04 13:51:33
U00373,F007,Avengers Endgame,Action,6254,2024-12-04 16:32:02
U01441,F010,Breaking Bad,Thriller,531,2024-12-04 16:38:14
U00693,F003,Parasite,Thriller,6949,2024-12-04 16:56:23
U00663,F013,Stranger Things,Fantastique,2333,2024-12-04 17:53:28
U01955,F004,Interstellar,Science-Fiction,8887,2024-12-04 19:11:56
U01697,F004,Interstellar,Science-Fiction,5446,2024-12-04 19:45:13
U00129,F005,Intouchables,Comédie dramatique,2705,2024-12-04 20:48:30
U00550,F002,Le Seigneur des Anneaux,Fantasy,9868,2024-12-04 21:21:45
U01134,F014,The Crown,Drame,2901,2024-12-04 21:22:01
U01495,F005,Intouchables,Comédie dramatique,5868,2024-12-04 22:10:02
U01642,F010,Breaking Bad,Thriller,2595,2024-12-04 22:12:26
U00749,F005,Intouchables,Comédie dramatique,5316,2024-12-04 22:16:49
U00996,F012,Squid Game,Thriller,1920,2024-12-04 22:53:44
U00058,F013,Stranger Things,Fantastique,393,2024-12-04 23:37:48
U01001,F001,Inception,Science-Fiction,600,2024-12-05 01:39:40
U01363,F005,Intouchables,Comédie dramatique,4818,2024-12-05 01:40:17
U00034,F007,Avengers Endgame,Action,9590,2024-12-05 01:42:13
U01523,F008,Joker,Drame,6553,2024-12-05 02:17:16
U01639,F004,Interstellar,Science-Fiction,7363,2024-12-05 02:28:01
U01093,F012,Squid Game,Thriller,3085,2024-12-05 03:14:29
U00051,F004,Interstellar,Science-Fiction,5647,2024-12-05 04:16:55
U01611,F008,Joker,Drame,3079,2024-12-05 04:54:33
U00918,F012,Squid Game,Thriller,1740,2024-12-05 05:48:17
U00859,F005,Intouchables,Comédie dramatique,5627,2024-12-05 06:02:32
U00690,F011,Dark,Science-Fiction,604,2024-12-05 07:29:16
U01788,F007,Avengers Endgame,Action,737,2024-12-05 07:34:14
U00400,F002,Le Seigneur des Anneaux,Fantasy,981,2024-12-05 08:50:37
U00717,F014,The Crown,Drame,1333,2024-12-05 10:02:35
U00284,F012,Squid Game,Thriller,276,2024-12-05 11:21:37
U00283,F002,Le Seigneur des Anneaux,Fantasy,3627,2024-12-05 11:34:43
U01196,F001,Inception,Science-Fiction,1435,2024-12-05 12:07:32
U01342,F010,Breaking Bad,Thriller,2647,2024-12-05 12:33:04
U00392,F001,Inception,Science-Fiction,135,2024-12-05 13:01:22
U00583,F004,Interstellar,Science-Fiction,3950,2024-12-05 13:04:58
U00847,F007,Avengers Endgame,Action,9583,2024-12-05 15:11:07
U01020,F012,Squid Game,Thriller,1423,2024-12-05 17:35:39
U01513,F010,Breaking Bad,Thriller,557,2024-12-05 17:36:48
U01599,F012,Squid Game,Thriller,2045,2024-12-05 17:59:53
U01066,F001,Inception,Science-Fiction,1856,2024-12-05 18:58:34
U01032,F013,Stranger Things,Fantastique,681,2024-12-05 19:27:49
U00566,F002,Le Seigneur des Anneaux,Fantasy,107,2024-12-05 19:31:37
U01408,F004,Interstellar,Science-Fiction,7743,2024-12-05 23:20:22
U01589,F005,Intouchables,Comédie dramatique,30,2024-12-05 23:53:40
U00555,F005,Intouchables,Comédie dramatique,3950,2024-12-06 01:32:21
U01425,F004,Interstellar,Science-Fiction,7632,2024-12-06 01:48:56
U01437,F001,Inception,Science-Fiction,7632,2024-12-06 04:22:10
U01244,F003,Parasite,Thriller,296,2024-12-06 07:05:34
U01169,F004,Interstellar,Science-Fiction,7637,2024-12-06 07:27:19
U00508,F008,Joker,Drame,5234,2024-12-06 08:23:10
U01513,F013,Stranger Things,Fantastique,202,2024-12-06 08:34:21
U01296,F013,Stranger Things,Fantastique,668,2024-12-06 08:41:35
U00433,F010,Breaking Bad,Thriller,302,2024-12-06 08:57:27
U00523,F011,Dark,Science-Fiction,1437,2024-12-06 09:02:19
U01693,F003,Parasite,Thriller,4955,2024-12-06 10:54:20
U00814,F011,Dark,Science-Fiction,892,2024-12-06 11:50:19
U01947,F007,Avengers Endgame,Action,2760,2024-12-06 12:29:54
U00083,F011,Dark,Science-Fiction,1560,2024-12-06 13:45:18
U00031,F001,Inception,Science-Fiction,1009,2024-12-06 16:37:25
U00171,F010,Breaking Bad,Thriller,1888,2024-12-06 18:02:27
U00693,F004,Interstellar,Science-Fiction,8949,2024-12-06 18:04:09
U00209,F004,Interstellar,Science-Fiction,6514,2024-12-06 18:25:57
U00789,F011,Dark,Science-Fiction,641,2024-12-06 18:29:48
U00993,F012,Squid Game,Thriller,2829,2024-12-06 20:11:47
U00584,F010,Breaking Bad,Thriller,179,2024-12-06 20:12:22
U00251,F004,Interstellar,Science-Fiction,7487,2024-12-06 20:17:31
U00224,F007,Avengers Endgame,Action,5807,2024-12-06 21:30:07
U01049,F005,Intouchables,Comédie dramatique,5676,2024-12-06 21:44:16
U01721,F005,Intouchables,Comédie dramatique,4718,2024-12-06 22:29:20
U00368,F004,Interstellar,Science-Fiction,7668,2024-12-06 22:35:26
U00025,F015,Notre-Dame en Flammes,Documentaire,5001,2024-12-06 23:19:58
U01482,F013,Stranger Things,Fantastique,2022,2024-12-07 00:03:00
U00390,F007,Avengers Endgame,Action,2378,2024-12-07 01:12:30
U01169,F007,Avengers Endgame,Action,6353,2024-12-07 01:21:58
U00697,F007,Avengers Endgame,Action,10197,2024-12-07 02:10:35
U00153,F010,Breaking Bad,Thriller,2246,2024-12-07 02:44:08
U00208,F012,Squid Game,Thriller,1518,2024-12-07 02:49:10
U00963,F002,Le Seigneur des Anneaux,Fantasy,1566,2024-12-07 03:17:59
U00798,F001,Inception,Science-Fiction,276,2024-12-07 03:44:41
U00769,F001,Inception,Science-Fiction,7318,2024-12-07 03:56:10
U00278,F003,Parasite,Thriller,2973,2024-12-07 06:48:22
U01967,F012,Squid Game,Thriller,326,2024-12-07 07:01:42
U00149,F014,The Crown,Drame,735,2024-12-07 07:08:43
U00733,F001,Inception,Science-Fiction,7688,2024-12-07 09:47:08
U00317,F002,Le Seigneur des Anneaux,Fantasy,5180,2024-12-07 09:56:53
U00849,F001,Inception,Science-Fiction,5563,2024-12-07 09:58:59
U00328,F007,Avengers Endgame,Action,5532,2024-12-07 10:19:07
U01183,F014,The Crown,Drame,3079,2024-12-07 10:36:17
U00771,F003,Parasite,Thriller,1052,2024-12-07 12:03:32
U00763,F007,Avengers Endgame,Action,2625,2024-12-07 12:27:09
U00868,F007,Avengers Endgame,Action,2575,2024-12-07 12:54:52
U00371,F008,Joker,Drame,5726,2024-12-07 15:03:46
U01067,F004,Interstellar,Science-Fiction,182,2024-12-07 17:00:23
U00369,F008,Joker,Drame,172,2024-12-07 18:11:23
U01863,F007,Avengers Endgame,Action,6570,2024-12-07 20:21:18
U00928,F006,La La Land,Romance,1418,2024-12-08 00:30:52
U01688,F002,Le Seigneur des Anneaux,Fantasy,2093,2024-12-08 01:08:56
U01902,F004,Interstellar,Science-Fiction,3714,2024-12-08 01:11:45
U01628,F003,Parasite,Thriller,6501,2024-12-08 02:05:29
U00437,F007,Avengers Endgame,Action,208,2024-12-08 02:14:57
U01113,F007,Avengers Endgame,Action,87,2024-12-08 02:32:17
U00565,F008,Joker,Drame,2654,2024-12-08 02:44:47
U01663,F011,Dark,Science-Fiction,704,2024-12-08 03:16:45
U01549,F013,Stranger Things,Fantastique,620,2024-12-08 03:17:42
U00449,F006,La La Land,Romance,3554,2024-12-08 04:51:35
U00260,F001,Inception,Science-Fiction,250,2024-12-08 05:11:18
U01591,F015,Notre-Dame en Flammes,Documentaire,937,2024-12-08 06:44:40
U01347,F008,Joker,Drame,5874,2024-12-08 07:09:19
U01465,F015,Notre-Dame en Flammes,Documentaire,3304,2024-12-08 07:19:02
U01860,F012,Squid Game,Thriller,1231,2024-12-08 08:39:36
U01745,F003,Parasite,Thriller,5102,2024-12-08 09:23:53
U00763,F009,The Office,Comédie,1298,2024-12-08 09:42:07
U00320,F002,Le Seigneur des Anneaux,Fantasy,2415,2024-12-08 12:19:16
U00382,F011,Dark,Science-Fiction,1962,2024-12-08 13:55:25
U01982,F008,Joker,Drame,3737,2024-12-08 14:40:42
U01681,F003,Parasite,Thriller,4863,2024-12-08 15:30:07
U01860,F013,Stranger Things,Fantastique,2398,2024-12-08 16:47:22
U01752,F007,Avengers Endgame,Action,10440,2024-12-08 19:23:15
U00889,F012,Squid Game,Thriller,103,2024-12-08 19:34:32
U01463,F012,Squid Game,Thriller,2568,2024-12-08 20:14:55
U00220,F004,Interstellar,Science-Fiction,1880,2024-12-08 20:23:19
U01627,F003,Parasite,Thriller,5735,2024-12-08 20:49:36
U01389,F007,Avengers Endgame,Action,4888,2024-12-08 23:06:23
U00580,F004,Interstellar,Science-Fiction,5212,2024-12-09 00:34:34
U00411,F001,Inception,Science-Fiction,100,2024-12-09 00:46:27
U00557,F004,Interstellar,Science-Fiction,8776,2024-12-09 00:58:14
U00790,F001,Inception,Science-Fiction,2430,2024-12-09 01:29:03
U00287,F005,Intouchables,Comédie dramatique,1771,2024-12-09 03:31:39
U00552,F007,Avengers Endgame,Action,7039,2024-12-09 03:41:36
U01494,F008,Joker,Drame,1036,2024-12-09 04:20:32
U01139,F006,La La Land,Romance,3301,2024-12-09 05:28:55
U01665,F002,Le Seigneur des Anneaux,Fantasy,9886,2024-12-09 05:52:47
U01030,F013,Stranger Things,Fantastique,107,2024-12-09 06:34:38
U00329,F005,Intouchables,Comédie dramatique,3535,2024-12-09 07:59:50
U01599,F011,Dark,Science-Fiction,2144,2024-12-09 08:27:57
U00761,F006,La La Land,Romance,1615,2024-12-09 09:49:29
U00455,F001,Inception,Science-Fiction,3932,2024-12-09 10:20:50
U01941,F007,Avengers Endgame,Action,6516,2024-12-09 10:22:01
U01955,F008,Joker,Drame,3595,2024-12-09 10:22:21
U01375,F012,Squid Game,Thriller,317,2024-12-09 14:24:52
U00029,F007,Avengers Endgame,Action,4864,2024-12-09 14:54:57
U00909,F011,Dark,Science-Fiction,1215,2024-12-09 16:34:39
U00829,F008,Joker,Drame,1890,2024-12-09 18:25:34
U01966,F009,The Office,Comédie,598,2024-12-09 18:51:58
U00370,F009,The Office,Comédie,113,2024-12-09 19:09:23
U01227,F004,Interstellar,Science-Fiction,3978,2024-12-09 20:51:25
U00571,F009,The Office,Comédie,334,2024-12-09 21:05:09
U00625,F008,Joker,Drame,34,2024-12-09 21:17:30
U00187,F009,The Office,Comédie,489,2024-12-09 21:23:24
U00735,F007,Avengers Endgame,Action,71,2024-12-10 00:27:42
U01252,F012,Squid Game,Thriller,242,2024-12-10 03:23:40
U01108,F007,Avengers Endgame,Action,1501,2024-12-10 05:25:04
U00244,F008,Joker,Drame,116,2024-12-10 06:10:40
U01161,F004,Interstellar,Science-Fiction,996,2024-12-10 06:41:32
U00634,F004,Interstellar,Science-Fiction,9458,2024-12-10 07:24:51
U01304,F001,Inception,Science-Fiction,2740,2024-12-10 07:39:32
U01531,F004,Interstellar,Science-Fiction,6645,2024-12-10 08:11:49
U01572,F005,Intouchables,Comédie dramatique,4632,2024-12-10 08:50:05
U00600,F010,Breaking Bad,Thriller,2096,2024-12-10 09:54:45
U00154,F012,Squid Game,Thriller,2983,2024-12-10 11:30:23
U01747,F010,Breaking Bad,Thriller,2539,2024-12-10 11:59:36
U01674,F012,Squid Game,Thriller,1287,2024-12-10 13:02:30
U01332,F004,Interstellar,Science-Fiction,5604,2024-12-10 13:14:44
U00825,F012,Squid Game,Thriller,1999,2024-12-10 13:24:33
U00287,F001,Inception,Science-Fiction,5947,2024-12-10 14:15:05
U01158,F001,Inception,Science-Fiction,286,2024-12-10 14:35:36
U01886,F001,Inception,Science-Fiction,5212,2024-12-10 14:51:59
U01689,F001,Inception,Science-Fiction,5387,2024-12-10 16:28:17
U01612,F003,Parasite,Thriller,7396,2024-12-10 17:33:07
U01615,F008,Joker,Drame,1714,2024-12-10 17:43:46
U01619,F004,Interstellar,Science-Fiction,3054,2024-12-10 18:14:41
U00278,F003,Parasite,Thriller,1980,2024-12-10 19:23:08
U01123,F013,Stranger Things,Fantastique,88,2024-12-10 19:25:21
U00688,F010,Breaking Bad,Thriller,216,2024-12-10 20:33:14
U00165,F005,Intouchables,Comédie dramatique,461,2024-12-10 22:21:55
U00555,F003,Parasite,Thriller,5410,2024-12-10 23:33:02
U00232,F008,Joker,Drame,1825,2024-12-11 01:56:18
U00629,F015,Notre-Dame en Flammes,Documentaire,3460,2024-12-11 02:58:45
U00131,F008,Joker,Drame,5420,2024-12-11 03:02:31
U01859,F002,Le Seigneur des Anneaux,Fantasy,9514,2024-12-11 03:41:44
U01004,F010,Breaking Bad,Thriller,1127,2024-12-11 04:08:54
U00007,F006,La La Land,Romance,3500,2024-12-11 05:29:25
U00294,F006,La La Land,Romance,5734,2024-12-11 05:32:38
U01672,F002,Le Seigneur des Anneaux,Fantasy,1739,2024-12-11 05:44:30
U01208,F006,La La Land,Romance,5059,2024-12-11 06:36:49
U01737,F008,Joker,Drame,269,2024-12-11 07:48:47
U01081,F011,Dark,Science-Fiction,2235,2024-12-11 09:46:50
U01106,F007,Avengers Endgame,Action,50,2024-12-11 10:01:19
U00672,F008,Joker,Drame,7551,2024-12-11 10:29:30
U01730,F001,Inception,Science-Fiction,7205,2024-12-11 11:13:44
U01923,F006,La La Land,Romance,2091,2024-12-11 12:00:47
U01174,F008,Joker,Drame,6622,2024-12-11 12:12:14
U00714,F004,Interstellar,Science-Fiction,3920,2024-12-11 12:51:03
U00956,F007,Avengers Endgame,Action,6805,2024-12-11 12:59:10
U00064,F006,La La Land,Romance,6297,2024-12-11 13:06:05
U01354,F015,Notre-Dame en Flammes,Documentaire,4437,2024-12-11 13:27:44
U01125,F001,Inception,Science-Fiction,185,2024-12-11 16:26:05
U00785,F001,Inception,Science-Fiction,4648,2024-12-11 18:43:17
U01663,F001,Inception,Science-Fiction,3471,2024-12-11 19:08:56
U01666,F012,Squid Game,Thriller,1262,2024-12-11 20:35:36
U01146,F008,Joker,Drame,4174,2024-12-11 20:47:02
U01506,F007,Avengers Endgame,Action,6824,2024-12-11 21:35:28
U01214,F002,Le Seigneur des Anneaux,Fantasy,5661,2024-12-11 22:50:09
U00041,F004,Interstellar,Science-Fiction,9261,2024-12-11 23:44:03
U01352,F011,Dark,Science-Fiction,1097,2024-12-12 00:49:00
U01590,F007,Avengers Endgame,Action,229,2024-12-12 00:57:46
U00729,F006,La La Land,Romance,5122,2024-12-12 01:35:03
U01157,F007,Avengers Endgame,Action,7808,2024-12-12 02:57:43
U01626,F012,Squid Game,Thriller,55,2024-12-12 03:54:11
U00729,F007,Avengers Endgame,Action,82,2024-12-12 04:19:05
U00194,F014,The Crown,Drame,2018,2024-12-12 04:28:20
U00326,F003,Parasite,Thriller,4649,2024-12-12 05:23:03
U01091,F011,Dark,Science-Fiction,2471,2024-12-12 05:38:55
U00718,F007,Avengers Endgame,Action,5859,2024-12-12 05:41:42
U00816,F008,Joker,Drame,2010,2024-12-12 06:23:03
U01788,F004,Interstellar,Science-Fiction,2121,2024-12-12 08:23:21
U01703,F001,Inception,Science-Fiction,6955,2024-12-12 10:54:18
U01503,F013,Stranger Things,Fantastique,68,2024-12-12 11:01:22
U01160,F015,Notre-Dame en Flammes,Documentaire,5392,2024-12-12 11:22:02
U01866,F003,Parasite,Thriller,1060,2024-12-12 13:21:41
U00819,F003,Parasite,Thriller,3982,2024-12-12 16:11:33
U00009,F003,Parasite,Thriller,5158,2024-12-12 19:10:22
U00067,F004,Interstellar,Science-Fiction,5356,2024-12-12 21:42:33
U01540,F005,Intouchables,Comédie dramatique,3964,2024-12-13 00:03:03
U00114,F013,Stranger Things,Fantastique,1613,2024-12-13 00:29:06
U00557,F003,Parasite,Thriller,1876,2024-12-13 01:11:13
U00052,F001,Inception,Science-Fiction,1623,2024-12-13 01:15:15
U00904,F007,Avengers Endgame,Action,6277,2024-12-13 01:55:07
U01373,F008,Joker,Drame,7604,2024-12-13 03:18:55
U01550,F004,Interstellar,Science-Fiction,1293,2024-12-13 05:57:21
U01995,F003,Parasite,Thriller,6324,2024-12-13 06:13:07
U00029,F012,Squid Game,Thriller,2656,2024-12-13 07:09:55
U01443,F002,Le Seigneur des Anneaux,Fantasy,5295,2024-12-13 11:21:09
U00596,F015,Notre-Dame en Flammes,Documentaire,585,2024-12-13 11:43:03
U00219,F004,Interstellar,Science-Fiction,9487,2024-12-13 14:13:59
U00510,F014,The Crown,Drame,408,2024-12-13 14:32:58
U00780,F010,Breaking Bad,Thriller,60,2024-12-13 15:36:12
U00157,F008,Joker,Drame,73,2024-12-13 19:28:16
U01378,F013,Stranger Things,Fantastique,1262,2024-12-13 20:32:42
U00046,F007,Avengers Endgame,Action,5931,2024-12-13 21:50:57
U00948,F008,Joker,Drame,6836,2024-12-13 22:10:36
U00987,F002,Le Seigneur des Anneaux,Fantasy,4698,2024-12-13 22:39:35
U00339,F012,Squid Game,Thriller,2305,2024-12-14 01:52:02
U01784,F012,Squid Game,Thriller,414,2024-12-14 02:54:32
U01171,F010,Breaking Bad,Thriller,1388,2024-12-14 04:06:04
U00726,F001,Inception,Science-Fiction,6504,2024-12-14 04:15:19
U00611,F012,Squid Game,Thriller,2483,2024-12-14 06:31:56
U01681,F013,Stranger Things,Fantastique,340,2024-12-14 07:08:01
U01122,F007,Avengers Endgame,Action,5835,2024-12-14 07:30:02
U00697,F002,Le Seigneur des Anneaux,Fantasy,173,2024-12-14 07:45:39
U01792,F003,Parasite,Thriller,4586,2024-12-14 07:48:19
U00487,F001,Inception,Science-Fiction,2500,2024-12-14 08:56:17
U00852,F014,The Crown,Drame,598,2024-12-14 09:00:29
U00001,F012,Squid Game,Thriller,648,2024-12-14 09:10:09
U00500,F013,Stranger Things,Fantastique,2786,2024-12-14 09:15:32
U00453,F001,Inception,Science-Fiction,108,2024-12-14 09:47:21
U01244,F011,Dark,Science-Fiction,1135,2024-12-14 12:18:06
U00727,F003,Parasite,Thriller,3928,2024-12-14 12:22:23
U00575,F003,Parasite,Thriller,2250,2024-12-14 13:24:27
U01728,F007,Avengers Endgame,Action,4713,2024-12-14 13:41:17
U01407,F004,Interstellar,Science-Fiction,3762,2024-12-14 13:54:25
U01053,F005,Intouchables,Comédie dramatique,4532,2024-12-14 13:57:51
U01258,F010,Breaking Bad,Thriller,948,2024-12-14 15:30:37
U01632,F001,Inception,Science-Fiction,150,2024-12-14 15:33:11
U01827,F013,Stranger Things,Fantastique,230,2024-12-14 17:27:43
U01563,F013,Stranger Things,Fantastique,969,2024-12-14 18:09:54
U01737,F007,Avengers Endgame,Action,9493,2024-12-14 19:05:46
U01819,F005,Intouchables,Comédie dramatique,5600,2024-12-14 19:07:26
U01529,F012,Squid Game,Thriller,2723,2024-12-14 19:13:18
U01124,F007,Avengers Endgame,Action,1380,2024-12-14 20:35:39
U01412,F005,Intouchables,Comédie dramatique,4386,2024-12-15 00:08:48
U00282,F004,Interstellar,Science-Fiction,8591,2024-12-15 00:37:07
U01173,F013,Stranger Things,Fantastique,1795,2024-12-15 00:58:41
U00129,F007,Avengers Endgame,Action,7436,2024-12-15 01:11:47
U00484,F010,Breaking Bad,Thriller,2697,2024-12-15 01:24:14
U00262,F001,Inception,Science-Fiction,626,2024-12-15 02:35:05
U01387,F007,Avengers Endgame,Action,10307,2024-12-15 03:03:17
U01659,F003,Parasite,Thriller,2468,2024-12-15 04:38:01
U00556,F001,Inception,Science-Fiction,173,2024-12-15 06:11:31
U00407,F003,Parasite,Thriller,544,2024-12-15 07:01:02
U00894,F008,Joker,Drame,5387,2024-12-15 07:59:30
U01656,F013,Stranger Things,Fantastique,1655,2024-12-15 10:41:26
U00245,F005,Intouchables,Comédie dramatique,1021,2024-12-15 11:10:59
U00201,F008,Joker,Drame,2623,2024-12-15 11:36:24
U00938,F005,Intouchables,Comédie dramatique,4175,2024-12-15 12:20:00
U01280,F009,The Office,Comédie,419,2024-12-15 14:53:10
U01416,F004,Interstellar,Science-Fiction,277,2024-12-15 15:29:17
U01430,F007,Avengers Endgame,Action,207,2024-12-15 16:34:22
U01127,F006,La La Land,Romance,5522,2024-12-15 16:53:07
U01626,F004,Interstellar,Science-Fiction,434,2024-12-15 17:18:06
U00187,F012,Squid Game,Thriller,94,2024-12-15 20:21:10
U01179,F001,Inception,Science-Fiction,3341,2024-12-15 22:14:55
U00748,F007,Avengers Endgame,Action,290,2024-12-15 22:47:14
U00942,F004,Interstellar,Science-Fiction,268,2024-12-15 23:52:50
U00703,F004,Interstellar,Science-Fiction,165,2024-12-16 00:10:31
U01315,F011,Dark,Science-Fiction,1052,2024-12-16 00:38:42
U01995,F007,Avengers Endgame,Action,6256,2024-12-16 01:18:16
U00343,F006,La La Land,Romance,4027,2024-12-16 02:55:54
U00607,F007,Avengers Endgame,Action,8913,2024-12-16 05:21:46
U01889,F006,La La Land,Romance,7347,2024-12-16 08:04:04
U01905,F012,Squid Game,Thriller,2894,2024-12-16 08:22:09
U01200,F002,Le Seigneur des Anneaux,Fantasy,6764,2024-12-16 09:41:20
U01536,F003,Parasite,Thriller,5022,2024-12-16 09:47:47
U00055,F001,Inception,Science-Fiction,8806,2024-12-16 10:50:41
U01104,F015,Notre-Dame en Flammes,Documentaire,2391,2024-12-16 10:55:20
U01736,F007,Avengers Endgame,Action,10736,2024-12-16 11:08:38
U00126,F005,Intouchables,Comédie dramatique,107,2024-12-16 12:00:48
U01026,F012,Squid Game,Thriller,2364,2024-12-16 12:22:50
U01923,F010,Breaking Bad,Thriller,2085,2024-12-16 13:25:23
U01652,F004,Interstellar,Science-Fiction,7727,2024-12-16 18:02:35
U00546,F005,Intouchables,Comédie dramatique,1060,2024-12-16 19:30:52
U01351,F010,Breaking Bad,Thriller,79,2024-12-16 20:19:58
U00077,F004,Interstellar,Science-Fiction,6008,2024-12-16 20:34:05
U00264,F001,Inception,Science-Fiction,249,2024-12-16 21:36:36
U01099,F006,La La Land,Romance,5403,2024-12-16 22:02:45
U00924,F012,Squid Game,Thriller,320,2024-12-16 22:31:05
U01006,F012,Squid Game,Thriller,2285,2024-12-16 23:24:50
U01591,F004,Interstellar,Science-Fiction,3749,2024-12-17 00:04:35
U01584,F007,Avengers Endgame,Action,8727,2024-12-17 02:20:40
U00606,F008,Joker,Drame,2651,2024-12-17 04:14:16
U00272,F007,Avengers Endgame,Action,8639,2024-12-17 04:19:03
U01219,F010,Breaking Bad,Thriller,1746,2024-12-17 05:20:21
U00353,F008,Joker,Drame,5302,2024-12-17 06:14:41
U01437,F009,The Office,Comédie,55,2024-12-17 08:03:51
U01926,F002,Le Seigneur des Anneaux,Fantasy,1715,2024-12-17 08:24:05
U01926,F008,Joker,Drame,5156,2024-12-17 09:15:42
U00297,F007,Avengers Endgame,Action,6146,2024-12-17 09:23:54
U01818,F001,Inception,Science-Fiction,2960,2024-12-17 09:40:07
U00190,F007,Avengers Endgame,Action,277,2024-12-17 10:47:57
U00140,F010,Breaking Bad,Thriller,1721,2024-12-17 12:17:13
U00619,F001,Inception,Science-Fiction,1748,2024-12-17 12:49:10
U01156,F004,Interstellar,Science-Fiction,4634,2024-12-17 14:32:07
U01036,F002,Le Seigneur des Anneaux,Fantasy,8256,2024-12-17 15:08:36
U00896,F008,Joker,Drame,7599,2024-12-17 19:26:21
U00274,F007,Avengers Endgame,Action,6986,2024-12-17 21:35:27
U00569,F001,Inception,Science-Fiction,821,2024-12-17 21:50:45
U01852,F007,Avengers Endgame,Action,5849,2024-12-17 22:07:23
U01928,F008,Joker,Drame,2568,2024-12-17 22:36:39
U01760,F001,Inception,Science-Fiction,6874,2024-12-17 23:30:33
U00611,F010,Breaking Bad,Thriller,2343,2024-12-18 02:34:15
U01847,F007,Avengers Endgame,Action,6810,2024-12-18 04:52:00
U00094,F010,Breaking Bad,Thriller,1303,2024-12-18 05:43:02
U01109,F010,Breaking Bad,Thriller,2373,2024-12-18 06:11:41
U00334,F011,Dark,Science-Fiction,2493,2024-12-18 07:27:29
U00620,F013,Stranger Things,Fantastique,349,2024-12-18 08:38:12
U01368,F012,Squid Game,Thriller,1100,2024-12-18 09:00:45
U01795,F002,Le Seigneur des Anneaux,Fantasy,54,2024-12-18 09:04:45
U01765,F003,Parasite,Thriller,2651,2024-12-18 10:04:34
U00667,F005,Intouchables,Comédie dramatique,4351,2024-12-18 10:55:34
U00863,F002,Le Seigneur des Anneaux,Fantasy,781,2024-12-18 13:49:05
U00960,F004,Interstellar,Science-Fiction,9011,2024-12-18 14:05:00
U01758,F004,Interstellar,Science-Fiction,3539,2024-12-18 14:51:11
U01650,F008,Joker,Drame,6550,2024-12-18 15:55:52
U00536,F008,Joker,Drame,4193,2024-12-18 16:04:31
U00106,F001,Inception,Science-Fiction,3907,2024-12-18 16:53:52
U01408,F006,La La Land,Romance,6405,2024-12-18 17:59:31
U01286,F010,Breaking Bad,Thriller,636,2024-12-18 19:12:37
U01267,F003,Parasite,Thriller,5805,2024-12-18 19:52:28
U00331,F005,Intouchables,Comédie dramatique,1669,2024-12-18 20:41:11
U01801,F009,The Office,Comédie,856,2024-12-18 22:21:55
U00430,F004,Interstellar,Science-Fiction,6030,2024-12-18 23:08:57
U01960,F004,Interstellar,Science-Fiction,5903,2024-12-18 23:10:32
U01019,F003,Parasite,Thriller,1828,2024-12-19 00:18:56
U00982,F003,Parasite,Thriller,5201,2024-12-19 00:26:22
U00705,F006,La La Land,Romance,6217,2024-12-19 01:08:52
U01540,F006,La La Land,Romance,7350,2024-12-19 01:48:42
U01250,F003,Parasite,Thriller,267,2024-12-19 04:06:25
U00977,F008,Joker,Drame,6240,2024-12-19 05:04:20
U00283,F004,Interstellar,Science-Fiction,9181,2024-12-19 05:44:20
U00373,F003,Parasite,Thriller,6281,2024-12-19 06:28:24
U00489,F004,Interstellar,Science-Fiction,4480,2024-12-19 06:44:40
U01726,F014,The Crown,Drame,3574,2024-12-19 07:24:01
U01453,F008,Joker,Drame,1736,2024-12-19 07:38:31
U01034,F004,Interstellar,Science-Fiction,4927,2024-12-19 08:10:54
U01447,F008,Joker,Drame,5933,2024-12-19 09:20:26
U01791,F004,Interstellar,Science-Fiction,7635,2024-12-19 09:22:56
U01447,F013,Stranger Things,Fantastique,1109,2024-12-19 09:23:44
U00150,F001,Inception,Science-Fiction,2656,2024-12-19 10:07:37
U00872,F002,Le Seigneur des Anneaux,Fantasy,2204,2024-12-19 10:36:37
U00505,F003,Parasite,Thriller,1256,2024-12-19 11:10:36
U01893,F008,Joker,Drame,5354,2024-12-19 11:22:20
U00449,F001,Inception,Science-Fiction,5792,2024-12-19 12:11:12
U01195,F006,La La Land,Romance,2211,2024-12-19 13:22:31
U00206,F012,Squid Game,Thriller,1377,2024-12-19 13:55:53
U01855,F007,Avengers Endgame,Action,6211,2024-12-19 14:31:16
U00017,F007,Avengers Endgame,Action,5861,2024-12-19 15:33:54
U01761,F010,Breaking Bad,Thriller,630,2024-12-19 15:54:30
U00505,F009,The Office,Comédie,1199,2024-12-19 15:59:55
U00938,F008,Joker,Drame,2598,2024-12-19 17:37:53
U01833,F005,Intouchables,Comédie dramatique,3840,2024-12-19 17:43:46
U01159,F006,La La Land,Romance,1393,2024-12-19 20:44:02
U00725,F012,Squid Game,Thriller,77,2024-12-19 21:11:31
U00616,F015,Notre-Dame en Flammes,Documentaire,2983,2024-12-19 21:46:45
U01209,F003,Parasite,Thriller,3611,2024-12-19 21:47:22
U01198,F001,Inception,Science-Fiction,1326,2024-12-19 21:58:52
U00265,F005,Intouchables,Comédie dramatique,2284,2024-12-19 22:35:37
U00200,F001,Inception,Science-Fiction,1996,2024-12-19 23:02:02
U00493,F010,Breaking Bad,Thriller,494,2024-12-19 23:11:57
U00896,F004,Interstellar,Science-Fiction,3303,2024-12-20 00:42:54
U00157,F005,Intouchables,Comédie dramatique,3014,2024-12-20 01:37:38
U01737,F007,Avengers Endgame,Action,8085,2024-12-20 03:13:00
U00064,F002,Le Seigneur des Anneaux,Fantasy,106,2024-12-20 03:16:09
U01372,F008,Joker,Drame,2628,2024-12-20 04:10:23
U00663,F004,Interstellar,Science-Fiction,4916,2024-12-20 04:45:36
U01020,F007,Avengers Endgame,Action,6770,2024-12-20 04:54:30
U01365,F007,Avengers Endgame,Action,5285,2024-12-20 05:25:06
U01077,F005,Intouchables,Comédie dramatique,5242,2024-12-20 05:36:48
U01961,F004,Interstellar,Science-Fiction,5370,2024-12-20 07:54:44
U01533,F012,Squid Game,Thriller,2332,2024-12-20 08:16:01
U01113,F001,Inception,Science-Fiction,1836,2024-12-20 08:34:02
U01823,F002,Le Seigneur des Anneaux,Fantasy,6656,2024-12-20 09:57:22
U01575,F006,La La Land,Romance,4245,2024-12-20 10:08:04
U01562,F010,Breaking Bad,Thriller,1350,2024-12-20 10:19:55
U00736,F007,Avengers Endgame,Action,8278,2024-12-20 10:45:58
U00807,F015,Notre-Dame en Flammes,Documentaire,2202,2024-12-20 10:49:56
U00124,F008,Joker,Drame,6335,2024-12-20 11:27:36
U01532,F015,Notre-Dame en Flammes,Documentaire,2549,2024-12-20 11:53:01
U00413,F002,Le Seigneur des Anneaux,Fantasy,267,2024-12-20 12:33:20
U00638,F012,Squid Game,Thriller,2758,2024-12-20 13:31:37
U00347,F005,Intouchables,Comédie dramatique,3941,2024-12-20 13:32:23
U00689,F008,Joker,Drame,6031,2024-12-20 14:15:06
U01166,F010,Breaking Bad,Thriller,1039,2024-12-20 14:53:13
U01871,F007,Avengers Endgame,Action,10917,2024-12-20 16:57:41
U00359,F002,Le Seigneur des Anneaux,Fantasy,6995,2024-12-20 17:04:29
U00021,F008,Joker,Drame,3917,2024-12-20 17:36:21
U00059,F013,Stranger Things,Fantastique,103,2024-12-20 19:09:15
U01346,F006,La La Land,Romance,1038,2024-12-20 21:07:20
U00673,F004,Interstellar,Science-Fiction,3775,2024-12-20 21:51:40
U01689,F008,Joker,Drame,4273,2024-12-20 21:58:57
U00920,F007,Avengers Endgame,Action,9390,2024-12-20 22:55:00
U00432,F007,Avengers Endgame,Action,5590,2024-12-20 23:16:02
U00972,F012,Squid Game,Thriller,1249,2024-12-21 00:04:40
U00892,F014,The Crown,Drame,2322,2024-12-21 00:39:00
U00697,F012,Squid Game,Thriller,1832,2024-12-21 00:49:46
U01645,F015,Notre-Dame en Flammes,Documentaire,1611,2024-12-21 02:10:40
U00212,F004,Interstellar,Science-Fiction,7937,2024-12-21 03:37:24
U01142,F003,Parasite,Thriller,6197,2024-12-21 04:14:51
U00742,F004,Interstellar,Science-Fiction,8151,2024-12-21 04:33:33
U01426,F012,Squid Game,Thriller,2284,2024-12-21 05:59:51
U01728,F008,Joker,Drame,6440,2024-12-21 06:09:51
U00808,F011,Dark,Science-Fiction,821,2024-12-21 07:05:43
U01070,F003,Parasite,Thriller,117,2024-12-21 07:12:29
U01359,F002,Le Seigneur des Anneaux,Fantasy,2640,2024-12-21 07:15:55
U01338,F008,Joker,Drame,7052,2024-12-21 07:48:01
U00185,F007,Avengers Endgame,Action,10040,2024-12-21 08:30:06
U01106,F014,The Crown,Drame,506,2024-12-21 09:24:54
U01490,F007,Avengers Endgame,Action,269,2024-12-21 09:40:02
U00966,F001,Inception,Science-Fiction,7127,2024-12-21 10:48:12
U00010,F012,Squid Game,Thriller,690,2024-12-21 10:53:57
U00626,F014,The Crown,Drame,452,2024-12-21 11:16:41
U01628,F005,Intouchables,Comédie dramatique,5418,2024-12-21 13:41:46
U00113,F003,Parasite,Thriller,1627,2024-12-21 16:22:58
U01809,F002,Le Seigneur des Anneaux,Fantasy,7430,2024-12-21 18:24:10
U00083,F011,Dark,Science-Fiction,1205,2024-12-21 18:25:02
U00510,F013,Stranger Things,Fantastique,54,2024-12-21 18:43:03
U00505,F012,Squid Game,Thriller,2918,2024-12-21 18:52:46
U00189,F001,Inception,Science-Fiction,7659,2024-12-21 19:02:33
U00381,F010,Breaking Bad,Thriller,236,2024-12-21 19:51:13
U01354,F012,Squid Game,Thriller,1637,2024-12-21 20:24:39
U00107,F013,Stranger Things,Fantastique,241,2024-12-21 20:27:31
U00338,F004,Interstellar,Science-Fiction,4477,2024-12-21 20:34:34
U01905,F013,Stranger Things,Fantastique,1780,2024-12-21 20:45:28
U00276,F010,Breaking Bad,Thriller,2557,2024-12-21 20:55:30
U01239,F001,Inception,Science-Fiction,168,2024-12-21 21:37:38
U00914,F003,Parasite,Thriller,6802,2024-12-21 22:12:09
U01816,F005,Intouchables,Comédie dramatique,97,2024-12-21 22:59:44
U00843,F013,Stranger Things,Fantastique,984,2024-12-21 23:57:00
U01686,F015,Notre-Dame en Flammes,Documentaire,242,2024-12-22 00:00:12
U01071,F004,Interstellar,Science-Fiction,5512,2024-12-22 00:01:06
U01737,F007,Avengers Endgame,Action,7252,2024-12-22 00:14:15
U00463,F015,Notre-Dame en Flammes,Documentaire,604,2024-12-22 03:00:53
U01429,F013,Stranger Things,Fantastique,2706,2024-12-22 03:39:56
U01982,F012,Squid Game,Thriller,1524,2024-12-22 03:42:18
U00745,F012,Squid Game,Thriller,1569,2024-12-22 04:21:55
U01139,F007,Avengers Endgame,Action,8242,2024-12-22 04:37:26
U01932,F007,Avengers Endgame,Action,134,2024-12-22 05:06:17
U00150,F001,Inception,Science-Fiction,8479,2024-12-22 05:09:52
U01881,F007,Avengers Endgame,Action,9688,2024-12-22 05:21:16
U01620,F014,The Crown,Drame,3365,2024-12-22 05:59:16
U01001,F002,Le Seigneur des Anneaux,Fantasy,9708,2024-12-22 06:22:49
U01755,F004,Interstellar,Science-Fiction,6343,2024-12-22 06:48:00
U01181,F003,Parasite,Thriller,276,2024-12-22 06:53:24
U00967,F015,Notre-Dame en Flammes,Documentaire,4963,2024-12-22 07:20:20
U01655,F013,Stranger Things,Fantastique,2657,2024-12-22 07:37:19
U00496,F007,Avengers Endgame,Action,1721,2024-12-22 08:53:23
U00688,F001,Inception,Science-Fiction,1470,2024-12-22 09:26:48
U00885,F009,The Office,Comédie,684,2024-12-22 09:27:43
U01950,F005,Intouchables,Comédie dramatique,49,2024-12-22 09:32:23
U01074,F007,Avengers Endgame,Action,3354,2024-12-22 11:47:27
U01079,F001,Inception,Science-Fiction,5990,2024-12-22 12:26:32
U01613,F003,Parasite,Thriller,5653,2024-12-22 12:34:01
U01819,F010,Breaking Bad,Thriller,2380,2024-12-22 13:22:00
U01373,F007,Avengers Endgame,Action,8256,2024-12-22 13:25:24
U00605,F003,Parasite,Thriller,554,2024-12-22 15:25:23
U00024,F008,Joker,Drame,4325,2024-12-22 16:10:02
U01090,F001,Inception,Science-Fiction,67,2024-12-22 16:37:49
U00766,F011,Dark,Science-Fiction,2436,2024-12-22 16:58:47
U01396,F012,Squid Game,Thriller,923,2024-12-22 17:03:20
U00960,F013,Stranger Things,Fantastique,2579,2024-12-22 17:10:10
U01090,F010,Breaking Bad,Thriller,1631,2024-12-22 17:21:22
U00082,F002,Le Seigneur des Anneaux,Fantasy,2448,2024-12-22 17:36:25
U00354,F012,Squid Game,Thriller,2259,2024-12-22 18:44:32
U00196,F002,Le Seigneur des Anneaux,Fantasy,8711,2024-12-22 19:32:42
U01829,F004,Interstellar,Science-Fiction,6889,2024-12-22 19:36:17
U00982,F005,Intouchables,Comédie dramatique,5619,2024-12-22 20:05:14
U00324,F012,Squid Game,Thriller,3082,2024-12-22 21:26:52
U00586,F007,Avengers Endgame,Action,5322,2024-12-22 22:00:24
U01753,F004,Interstellar,Science-Fiction,7150,2024-12-22 22:44:43
U00411,F007,Avengers Endgame,Action,6022,2024-12-22 23:21:16
U01168,F001,Inception,Science-Fiction,6162,2024-12-23 00:57:43
U00411,F008,Joker,Drame,3617,2024-12-23 01:57:10
U00914,F012,Squid Game,Thriller,2919,2024-12-23 02:12:05
U01723,F008,Joker,Drame,6096,2024-12-23 02:49:50
U00768,F003,Parasite,Thriller,2715,2024-12-23 02:52:48
U00524,F003,Parasite,Thriller,862,2024-12-23 03:37:15
U00441,F004,Interstellar,Science-Fiction,4650,2024-12-23 04:45:51
U00262,F007,Avengers Endgame,Action,668,2024-12-23 05:23:27
U01946,F007,Avengers Endgame,Action,4034,2024-12-23 05:39:33
U01763,F002,Le Seigneur des Anneaux,Fantasy,8865,2024-12-23 05:52:42
U01459,F001,Inception,Science-Fiction,8469,2024-12-23 06:15:09
U01324,F009,The Office,Comédie,500,2024-12-23 06:33:40
U01795,F011,Dark,Science-Fiction,142,2024-12-23 06:35:20
U00606,F013,Stranger Things,Fantastique,513,2024-12-23 06:59:26
U00818,F014,The Crown,Drame,163,2024-12-23 08:49:51
U00982,F008,Joker,Drame,7592,2024-12-23 10:40:36
U00847,F003,Parasite,Thriller,4409,2024-12-23 13:43:22
U00671,F007,Avengers Endgame,Action,1653,2024-12-23 14:39:16
U00699,F008,Joker,Drame,4667,2024-12-23 15:25:29
U00313,F004,Interstellar,Science-Fiction,4488,2024-12-23 15:38:30
U00778,F009,The Office,Comédie,597,2024-12-23 16:25:02
U01579,F014,The Crown,Drame,192,2024-12-23 16:41:54
U01473,F011,Dark,Science-Fiction,543,2024-12-23 17:28:42
U00078,F012,Squid Game,Thriller,2504,2024-12-23 17:43:20
U01145,F013,Stranger Things,Fantastique,1416,2024-12-23 18:21:52
U01452,F007,Avengers Endgame,Action,6127,2024-12-23 18:29:22
U01234,F012,Squid Game,Thriller,1252,2024-12-23 18:35:05
U01303,F007,Avengers Endgame,Action,8447,2024-12-23 18:48:27
U00649,F006,La La Land,Romance,2152,2024-12-23 18:58:10
U01177,F007,Avengers Endgame,Action,9427,2024-12-23 19:57:47
U00869,F010,Breaking Bad,Thriller,370,2024-12-23 20:42:33
U01421,F004,Interstellar,Science-Fiction,2831,2024-12-23 21:21:08
U00097,F012,Squid Game,Thriller,2563,2024-12-23 23:14:46
U01157,F012,Squid Game,Thriller,1054,2024-12-23 23:29:16
U01371,F005,Intouchables,Comédie dramatique,3839,2024-12-24 00:02:11
U00738,F009,The Office,Comédie,1300,2024-12-24 00:55:19
U01037,F012,Squid Game,Thriller,756,2024-12-24 01:02:12
U00424,F007,Avengers Endgame,Action,5830,2024-12-24 02:28:03
U01489,F012,Squid Game,Thriller,1668,2024-12-24 02:38:26
U00678,F001,Inception,Science-Fiction,6814,2024-12-24 04:12:37
U00127,F007,Avengers Endgame,Action,4605,2024-12-24 07:49:17
U01563,F004,Interstellar,Science-Fiction,202,2024-12-24 08:10:30
U01461,F011,Dark,Science-Fiction,1510,2024-12-24 08:58:12
U00189,F010,Breaking Bad,Thriller,1271,2024-12-24 09:23:19
U00246,F007,Avengers Endgame,Action,6895,2024-12-24 09:24:05
U01314,F008,Joker,Drame,1220,2024-12-24 10:30:38
U01447,F001,Inception,Science-Fiction,8001,2024-12-24 11:22:59
U00515,F010,Breaking Bad,Thriller,1777,2024-12-24 11:28:10
U01812,F007,Avengers Endgame,Action,41,2024-12-24 12:01:50
U00159,F004,Interstellar,Science-Fiction,4366,2024-12-24 13:07:15
U01399,F001,Inception,Science-Fiction,4844,2024-12-24 15:17:37
U01465,F012,Squid Game,Thriller,185,2024-12-24 15:25:44
U00111,F007,Avengers Endgame,Action,6137,2024-12-24 15:55:17
U00760,F002,Le Seigneur des Anneaux,Fantasy,7558,2024-12-24 18:28:36
U00390,F012,Squid Game,Thriller,989,2024-12-24 18:40:56
U00187,F012,Squid Game,Thriller,1334,2024-12-24 21:29:22
U01819,F011,Dark,Science-Fiction,198,2024-12-24 21:55:42
U00352,F013,Stranger Things,Fantastique,1642,2024-12-24 22:28:03
U01995,F003,Parasite,Thriller,5464,2024-12-24 23:11:52
U00877,F012,Squid Game,Thriller,2150,2024-12-25 00:56:35
U01191,F006,La La Land,Romance,1493,2024-12-25 01:12:00
U01255,F012,Squid Game,Thriller,648,2024-12-25 04:18:18
U00860,F002,Le Seigneur des Anneaux,Fantasy,81,2024-12-25 04:57:19
U00007,F001,Inception,Science-Fiction,4822,2024-12-25 05:37:42
U01091,F007,Avengers Endgame,Action,10165,2024-12-25 08:56:53
U00823,F013,Stranger Things,Fantastique,1497,2024-12-25 10:24:26
U01985,F003,Parasite,Thriller,7166,2024-12-25 11:33:05
U01501,F001,Inception,Science-Fiction,8656,2024-12-25 12:06:25
U01141,F014,The Crown,Drame,884,2024-12-25 12:25:06
U00340,F007,Avengers Endgame,Action,2911,2024-12-25 14:57:56
U00472,F012,Squid Game,Thriller,2896,2024-12-25 16:29:05
U01786,F015,Notre-Dame en Flammes,Documentaire,1776,2024-12-25 17:09:17
U00287,F001,Inception,Science-Fiction,6270,2024-12-25 18:49:32
U01411,F005,Intouchables,Comédie dramatique,227,2024-12-25 19:46:50
U01497,F003,Parasite,Thriller,5642,2024-12-25 20:12:23
U01417,F004,Interstellar,Science-Fiction,2042,2024-12-25 20:22:18
U01028,F007,Avengers Endgame,Action,7724,2024-12-25 20:35:35
U01323,F008,Joker,Drame,6728,2024-12-25 21:38:03
U01088,F007,Avengers Endgame,Action,8811,2024-12-25 22:44:47
U01356,F007,Avengers Endgame,Action,1269,2024-12-25 23:35:33
U01239,F004,Interstellar,Science-Fiction,3004,2024-12-26 01:00:29
U00711,F004,Interstellar,Science-Fiction,8977,2024-12-26 02:26:17
U00832,F004,Interstellar,Science-Fiction,8698,2024-12-26 02:34:25
U00907,F005,Intouchables,Comédie dramatique,4969,2024-12-26 04:59:43
U00906,F011,Dark,Science-Fiction,568,2024-12-26 06:32:12
U01907,F007,Avengers Endgame,Action,264,2024-12-26 07:49:40
U00631,F003,Parasite,Thriller,5974,2024-12-26 08:03:13
U01408,F001,Inception,Science-Fiction,7355,2024-12-26 08:22:53
U00032,F010,Breaking Bad,Thriller,1297,2024-12-26 09:08:40
U01530,F008,Joker,Drame,5293,2024-12-26 09:16:13
U01200,F001,Inception,Science-Fiction,7370,2024-12-26 10:01:55
U00615,F001,Inception,Science-Fiction,2724,2024-12-26 10:17:56
U00258,F001,Inception,Science-Fiction,684,2024-12-26 10:52:43
U00077,F001,Inception,Science-Fiction,5319,2024-12-26 13:49:34
U01578,F003,Parasite,Thriller,6427,2024-12-26 15:40:29
U01988,F007,Avengers Endgame,Action,4673,2024-12-26 17:07:48
U01763,F006,La La Land,Romance,5923,2024-12-26 17:38:50
U01970,F003,Parasite,Thriller,233,2024-12-26 17:44:31
U00832,F009,The Office,Comédie,1012,2024-12-26 19:31:45
U00998,F012,Squid Game,Thriller,696,2024-12-26 19:31:51
U01870,F002,Le Seigneur des Anneaux,Fantasy,6587,2024-12-26 19:47:16
U00002,F008,Joker,Drame,758,2024-12-26 19:49:36
U01293,F007,Avengers Endgame,Action,2797,2024-12-26 19:55:24
U01784,F008,Joker,Drame,467,2024-12-26 22:26:22
U01283,F011,Dark,Science-Fiction,554,2024-12-26 22:56:32
U01481,F012,Squid Game,Thriller,1818,2024-12-27 00:12:43
U00325,F010,Breaking Bad,Thriller,153,2024-12-27 02:21:40
U00703,F009,The Office,Comédie,828,2024-12-27 03:30:19
U00264,F010,Breaking Bad,Thriller,2628,2024-12-27 03:55:51
U00746,F008,Joker,Drame,422,2024-12-27 05:25:57
U01355,F009,The Office,Comédie,1314,2024-12-27 05:27:14
U00751,F003,Parasite,Thriller,4013,2024-12-27 06:11:42
U00811,F010,Breaking Bad,Thriller,1988,2024-12-27 07:06:56
U01946,F012,Squid Game,Thriller,2293,2024-12-27 07:30:43
U01549,F002,Le Seigneur des Anneaux,Fantasy,8838,2024-12-27 09:26:55
U00381,F007,Avengers Endgame,Action,10745,2024-12-27 10:42:19
U01184,F008,Joker,Drame,5628,2024-12-27 10:59:15
U01013,F006,La La Land,Romance,2990,2024-12-27 11:17:51
U00536,F007,Avengers Endgame,Action,5482,2024-12-27 13:11:41
U00960,F003,Parasite,Thriller,7083,2024-12-27 15:54:07
U00197,F010,Breaking Bad,Thriller,513,2024-12-27 16:47:44
U00569,F013,Stranger Things,Fantastique,1082,2024-12-27 17:01:54
U01260,F013,Stranger Things,Fantastique,847,2024-12-27 17:13:49
U00787,F006,La La Land,Romance,262,2024-12-27 17:25:42
U00627,F005,Intouchables,Comédie dramatique,1410,2024-12-27 18:53:38
U00219,F007,Avengers Endgame,Action,104,2024-12-27 20:46:26
U01497,F012,Squid Game,Thriller,2624,2024-12-27 21:15:33
U01616,F008,Joker,Drame,6555,2024-12-27 23:12:04
U01132,F012,Squid Game,Thriller,2822,2024-12-27 23:20:36
U01813,F001,Inception,Science-Fiction,7592,2024-12-28 00:04:37
U01823,F007,Avengers Endgame,Action,6057,2024-12-28 02:13:29
U00722,F001,Inception,Science-Fiction,7333,2024-12-28 04:25:46
U01824,F003,Parasite,Thriller,4605,2024-12-28 06:12:56
U01914,F001,Inception,Science-Fiction,3149,2024-12-28 06:32:44
U00213,F004,Interstellar,Science-Fiction,3323,2024-12-28 07:05:20
U01861,F010,Breaking Bad,Thriller,577,2024-12-28 07:28:06
U01881,F001,Inception,Science-Fiction,4176,2024-12-28 07:34:56
U00141,F011,Dark,Science-Fiction,2317,2024-12-28 07:45:20
U01436,F012,Squid Game,Thriller,2772,2024-12-28 08:20:20
U00526,F011,Dark,Science-Fiction,855,2024-12-28 08:24:48
U00521,F001,Inception,Science-Fiction,76,2024-12-28 09:29:27
U00185,F011,Dark,Science-Fiction,1709,2024-12-28 09:40:26
U00080,F011,Dark,Science-Fiction,2137,2024-12-28 10:48:11
U00180,F010,Breaking Bad,Thriller,1075,2024-12-28 12:59:37
U00849,F008,Joker,Drame,3905,2024-12-28 13:26:56
U01882,F010,Breaking Bad,Thriller,2649,2024-12-28 14:17:56
U01972,F012,Squid Game,Thriller,970,2024-12-28 15:11:42
U01008,F010,Breaking Bad,Thriller,2188,2024-12-28 16:17:47
U01295,F004,Interstellar,Science-Fiction,278,2024-12-28 16:27:15
U01105,F011,Dark,Science-Fiction,1403,2024-12-28 16:37:10
U01082,F013,Stranger Things,Fantastique,214,2024-12-28 16:48:22
U01976,F003,Parasite,Thriller,1326,2024-12-28 18:18:50
U01606,F005,Intouchables,Comédie dramatique,6528,2024-12-28 18:57:41
U01783,F010,Breaking Bad,Thriller,990,2024-12-28 19:09:41
U00635,F008,Joker,Drame,7151,2024-12-28 19:40:25
U00818,F007,Avengers Endgame,Action,5919,2024-12-28 19:50:31
U01494,F004,Interstellar,Science-Fiction,8193,2024-12-28 20:22:51
U00273,F012,Squid Game,Thriller,1309,2024-12-28 21:39:23
U00868,F004,Interstellar,Science-Fiction,60,2024-12-28 22:56:34
U00958,F004,Interstellar,Science-Fiction,8443,2024-12-28 23:26:17
U00193,F011,Dark,Science-Fiction,2224,2024-12-28 23:48:28
U01875,F004,Interstellar,Science-Fiction,4728,2024-12-29 01:30:14
U00699,F002,Le Seigneur des Anneaux,Fantasy,972,2024-12-29 02:13:53
U01298,F013,Stranger Things,Fantastique,1106,2024-12-29 03:12:58
U01571,F004,Interstellar,Science-Fiction,1421,2024-12-29 04:27:11
U01230,F012,Squid Game,Thriller,3055,2024-12-29 05:18:23
U01912,F014,The Crown,Drame,1872,2024-12-29 06:41:38
U01197,F010,Breaking Bad,Thriller,1833,2024-12-29 07:29:34
U00044,F011,Dark,Science-Fiction,1308,2024-12-29 08:21:09
U00764,F013,Stranger Things,Fantastique,89,2024-12-29 12:16:07
U01335,F013,Stranger Things,Fantastique,108,2024-12-29 14:06:01
U01364,F015,Notre-Dame en Flammes,Documentaire,1578,2024-12-29 14:09:30
U01733,F008,Joker,Drame,977,2024-12-29 14:47:04
U00704,F001,Inception,Science-Fiction,4047,2024-12-29 15:54:18
U00859,F007,Avengers Endgame,Action,335,2024-12-29 19:42:04
U01908,F003,Parasite,Thriller,6092,2024-12-29 20:15:33
U01494,F012,Squid Game,Thriller,2757,2024-12-29 20:42:09
U00756,F010,Breaking Bad,Thriller,1267,2024-12-29 22:47:10
U00152,F001,Inception,Science-Fiction,8342,2024-12-29 23:26:20
U00042,F004,Interstellar,Science-Fiction,169,2024-12-30 00:46:15
U01845,F013,Stranger Things,Fantastique,1239,2024-12-30 01:29:55
U00987,F006,La La Land,Romance,184,2024-12-30 01:32:19
U00406,F012,Squid Game,Thriller,1590,2024-12-30 02:49:53
U01284,F011,Dark,Science-Fiction,2090,2024-12-30 03:08:42
U01960,F002,Le Seigneur des Anneaux,Fantasy,33,2024-12-30 04:12:53
U01009,F006,La La Land,Romance,1108,2024-12-30 06:01:27
U01023,F003,Parasite,Thriller,7000,2024-12-30 07:45:13
U01365,F011,Dark,Science-Fiction,2516,2024-12-30 08:16:12
U01437,F004,Interstellar,Science-Fiction,8319,2024-12-30 09:17:33
U01673,F007,Avengers Endgame,Action,5734,2024-12-30 10:21:30
U00313,F012,Squid Game,Thriller,823,2024-12-30 14:45:14
U01368,F012,Squid Game,Thriller,512,2024-12-30 15:27:42
U00889,F012,Squid Game,Thriller,2229,2024-12-30 15:43:55
U00872,F004,Interstellar,Science-Fiction,5339,2024-12-30 16:34:02
U00463,F012,Squid Game,Thriller,1656,2024-12-30 16:49:43
U00101,F009,The Office,Comédie,480,2024-12-30 17:36:32
U01351,F012,Squid Game,Thriller,277,2024-12-30 17:44:52
U00264,F004,Interstellar,Science-Fiction,4093,2024-12-30 18:40:59
U00345,F007,Avengers Endgame,Action,8164,2024-12-30 18:46:16
U01789,F004,Interstellar,Science-Fiction,4832,2024-12-30 21:13:40
U01706,F009,The Office,Comédie,641,2024-12-30 23:46:21
